2, 21
2, 27
2, 11
2, 38
2, 62
2, 3
2, 57
2, 84
2, 48
2, 74
21, 27
21, 38
21, 37
21, 23
21, 36
21, 25
21, 24
21, 26
21, 22
27, 36
27, 35
27, 32
27, 34
27, 28
27, 31
27, 30
27, 29
27, 33
11, 19
11, 16
11, 12
11, 20
11, 15
11, 17
11, 14
11, 13
11, 18
38, 39
38, 41
38, 43
38, 45
38, 40
38, 44
38, 42
38, 47
38, 46
62, 67
62, 71
62, 66
62, 63
62, 70
62, 65
62, 69
62, 68
62, 64
3, 94
3, 7
3, 5
3, 4
3, 9
3, 1
3, 10
3, 6
3, 8
57, 62
57, 58
57, 67
57, 61
57, 73
57, 96
57, 59
57, 60
57, 72
84, 90
84, 85
84, 93
84, 87
84, 91
84, 88
84, 86
84, 92
84, 89
48, 49
48, 50
48, 51
48, 56
48, 55
48, 54
48, 52
48, 95
48, 53
74, 81
74, 75
74, 77
74, 82
74, 83
74, 78
74, 76
74, 80
74, 79
5, 91
5, 46
5, 6
5, 36
5, 81
5, 26
5, 56
5, 66
5, 16
5, 76
91, 97
91, 94
91, 96
91, 93
91, 98
91, 99
91, 92
91, 95
91, 100
46, 53
46, 50
46, 49
46, 48
46, 55
46, 52
46, 54
46, 51
46, 47
6, 13
6, 8
6, 10
6, 14
6, 15
6, 11
6, 12
6, 7
6, 9
36, 42
36, 39
36, 38
36, 37
36, 45
36, 43
36, 41
36, 44
36, 40
81, 90
81, 87
81, 86
81, 89
81, 82
81, 83
81, 85
81, 88
81, 84
26, 35
26, 32
26, 27
26, 29
26, 30
26, 28
26, 31
26, 34
26, 33
56, 59
56, 62
56, 60
56, 63
56, 58
56, 61
56, 64
56, 57
56, 65
66, 68
66, 71
66, 70
66, 69
66, 73
66, 75
66, 72
66, 67
66, 74
16, 19
16, 22
16, 20
16, 24
16, 23
16, 21
16, 17
16, 18
16, 25
76, 79
76, 80
76, 77
76, 78
76, 101
76, 2
76, 1
76, 4
76, 3
2, 37
2, 3
2, 12
2, 74
2, 64
2, 25
2, 47
2, 22
2, 48
37, 40
37, 39
37, 46
37, 42
37, 44
37, 38
37, 41
37, 45
37, 43
3, 10
3, 5
3, 8
3, 9
3, 6
3, 11
3, 4
3, 7
3, 1
12, 14
12, 15
12, 19
12, 18
12, 13
12, 21
12, 16
12, 20
12, 17
74, 78
74, 75
74, 81
74, 83
74, 80
74, 76
74, 79
74, 77
74, 82
64, 66
64, 68
64, 69
64, 67
64, 71
64, 72
64, 70
64, 65
64, 73
25, 28
25, 27
25, 34
25, 29
25, 33
25, 32
25, 30
25, 31
25, 26
47, 48
47, 56
47, 55
47, 59
47, 60
47, 57
47, 51
47, 58
47, 61
22, 37
22, 25
22, 23
22, 40
22, 24
22, 36
22, 39
22, 46
22, 35
48, 55
48, 51
48, 53
48, 50
48, 54
48, 52
48, 49
48, 63
48, 62
3, 64
3, 82
3, 14
3, 54
3, 34
3, 67
3, 4
3, 44
3, 24
64, 67
64, 65
64, 78
64, 79
64, 81
64, 77
64, 76
64, 80
64, 66
82, 86
82, 85
82, 84
82, 87
82, 90
82, 88
82, 83
82, 1
82, 89
14, 21
14, 19
14, 15
14, 18
14, 23
14, 22
14, 17
14, 16
14, 20
54, 58
54, 57
54, 59
54, 61
54, 55
54, 63
54, 62
54, 56
54, 60
34, 38
34, 43
34, 37
34, 41
34, 36
34, 42
34, 40
34, 39
34, 35
67, 75
67, 70
67, 74
67, 69
67, 71
67, 68
67, 73
67, 2
67, 72
4, 6
4, 12
4, 13
4, 9
4, 11
4, 5
4, 10
4, 8
4, 7
44, 48
44, 53
44, 50
44, 45
44, 47
44, 46
44, 49
44, 52
44, 51
24, 25
24, 33
24, 28
24, 27
24, 30
24, 32
24, 26
24, 29
24, 31
1, 73
1, 14
1, 38
1, 61
1, 56
1, 22
1, 3
1, 2
1, 45
1, 28
73, 75
73, 81
73, 80
73, 82
73, 77
73, 76
73, 78
73, 74
73, 79
14, 22
14, 21
14, 20
14, 17
14, 18
14, 27
14, 16
14, 15
14, 19
38, 45
38, 41
38, 49
38, 42
38, 44
38, 47
38, 39
38, 43
38, 40
61, 64
61, 68
61, 69
61, 66
61, 63
61, 65
61, 62
61, 67
61, 70
56, 61
56, 60
56, 59
56, 58
56, 68
56, 71
56, 57
56, 66
56, 72
22, 26
22, 25
22, 24
22, 23
22, 13
3, 10
3, 9
3, 4
3, 12
3, 5
3, 11
3, 8
3, 7
3, 6
2, 73
2, 14
2, 38
2, 61
2, 56
2, 22
2, 3
2, 45
2, 28
45, 49
45, 48
45, 52
45, 55
45, 46
45, 54
45, 51
45, 53
45, 50
28, 33
28, 37
28, 30
28, 35
28, 29
28, 32
28, 31
28, 34
28, 36
5, 32
5, 46
5, 57
5, 18
5, 60
5, 15
5, 56
5, 45
5, 78
5, 6
32, 36
32, 39
32, 34
32, 38
32, 35
32, 37
32, 33
32, 41
32, 40
46, 48
46, 50
46, 51
46, 47
46, 54
46, 49
46, 53
46, 52
46, 55
57, 60
57, 58
57, 73
57, 59
57, 70
57, 71
57, 64
57, 74
57, 72
18, 20
18, 19
18, 25
18, 22
18, 24
18, 21
18, 23
60, 64
60, 61
60, 67
60, 62
60, 69
60, 68
60, 65
60, 66
60, 63
15, 18
15, 30
15, 17
15, 29
15, 28
15, 27
15, 16
15, 31
15, 26
56, 78
56, 77
56, 3
56, 76
56, 75
56, 1
56, 2
56, 93
56, 92
45, 44
45, 88
45, 90
45, 89
45, 42
45, 4
45, 43
78, 81
78, 83
78, 86
78, 80
78, 87
78, 79
78, 85
78, 82
78, 84
6, 14
6, 7
6, 13
6, 10
6, 12
6, 11
6, 9
6, 8
6, 91
11, 13
11, 34
11, 62
11, 26
11, 79
11, 12
11, 51
11, 72
11, 1
11, 45
13, 16
13, 17
13, 19
13, 18
13, 21
13, 15
13, 20
13, 22
13, 14
34, 39
34, 40
34, 41
34, 36
34, 38
34, 35
34, 43
34, 37
34, 42
62, 63
62, 67
62, 64
62, 70
62, 71
62, 68
62, 66
62, 65
62, 69
26, 29
26, 28
26, 27
26, 30
26, 33
26, 32
26, 31
26, 57
79, 85
79, 83
79, 80
79, 82
79, 84
79, 86
79, 81
79, 88
79, 87
12, 13
12, 62
12, 34
12, 26
12, 51
12, 45
12, 60
12, 58
12, 44
51, 56
51, 55
51, 52
51, 54
51, 53
51, 50
51, 24
51, 25
51, 59
72, 89
72, 79
72, 85
72, 73
72, 75
72, 76
72, 74
72, 78
72, 83
72, 77
1, 4
1, 3
1, 10
1, 6
1, 8
1, 2
1, 5
1, 9
1, 7
45, 46
45, 48
45, 49
45, 47
45, 23
45, 61
2, 35
2, 13
2, 23
2, 44
2, 4
2, 9
2, 54
2, 11
2, 19
35, 37
35, 41
35, 43
35, 40
35, 36
35, 42
35, 58
35, 38
35, 39
13, 14
13, 34
13, 61
13, 60
13, 1
23, 26
23, 25
23, 29
23, 31
23, 24
23, 32
23, 27
23, 28
23, 30
44, 52
44, 47
44, 53
44, 51
44, 50
44, 46
44, 49
44, 45
44, 48
4, 8
4, 35
4, 5
4, 44
4, 2
4, 6
4, 57
4, 13
4, 23
9, 10
9, 4
9, 54
9, 7
9, 65
54, 33
54, 55
54, 4
54, 7
54, 59
11, 13
11, 14
11, 16
11, 15
11, 56
11, 12
11, 18
11, 3
11, 17
19, 22
19, 21
19, 20
19, 37
19, 63
19, 53
19, 64
19, 62
19, 66
24, 25
24, 53
24, 42
24, 41
24, 3
24, 43
24, 29
24, 55
24, 51
25, 29
25, 40
25, 38
25, 26
25, 32
25, 28
25, 15
25, 27
25, 39
53, 55
53, 63
53, 60
53, 62
53, 61
53, 64
53, 56
53, 54
53, 59
42, 43
42, 71
42, 47
42, 3
42, 48
42, 6
42, 49
42, 9
42, 50
41, 69
41, 68
41, 14
41, 23
41, 2
41, 22
41, 13
41, 21
41, 1
3, 6
3, 9
3, 4
3, 7
3, 10
3, 5
3, 8
3, 17
3, 11
43, 47
43, 71
43, 48
43, 70
43, 49
43, 12
43, 46
43, 44
43, 45
29, 32
29, 34
29, 37
29, 18
29, 30
29, 33
29, 36
29, 31
29, 35
55, 71
55, 20
55, 16
55, 19
55, 72
55, 57
55, 67
55, 56
55, 58
51, 53
51, 55
51, 63
51, 60
51, 66
51, 52
51, 62
51, 61
51, 65
13, 21
13, 29
13, 36
13, 26
13, 19
13, 39
13, 17
13, 14
13, 40
21, 29
21, 26
21, 36
21, 24
21, 23
21, 25
21, 22
21, 28
21, 37
29, 30
29, 31
29, 35
29, 34
29, 32
29, 33
26, 27
26, 21
26, 44
26, 43
19, 12
19, 11
17, 18
17, 38
17, 9
17, 2
17, 8
17, 42
17, 10
17, 41
17, 3
14, 16
14, 15
14, 4
14, 7
14, 5
14, 20
14, 46
14, 6
14, 1
40, 51
40, 53
40, 49
40, 50
40, 54
40, 48
40, 45
40, 52
40, 47
26, 16
26, 28
26, 67
26, 52
26, 36
26, 46
26, 27
26, 57
26, 44
16, 20
16, 21
16, 18
16, 25
16, 23
16, 24
16, 17
16, 22
16, 19
28, 5
28, 73
28, 35
28, 30
28, 34
28, 29
28, 31
28, 33
28, 32
67, 73
67, 72
67, 68
67, 70
67, 74
67, 75
67, 76
67, 71
67, 69
52, 47
52, 3
52, 4
52, 51
36, 39
36, 44
36, 42
36, 40
36, 41
36, 38
36, 43
36, 45
36, 37
46, 52
46, 15
46, 54
46, 14
46, 49
46, 53
46, 55
46, 50
46, 48
27, 12
27, 13
27, 11
27, 56
57, 64
57, 58
57, 66
57, 65
57, 62
57, 63
57, 60
57, 61
57, 59
44, 7
44, 9
44, 2
44, 8
44, 10
44, 1
44, 6
44, 78
44, 77
31, 33
31, 42
31, 59
31, 62
31, 44
31, 50
31, 54
31, 65
31, 73
33, 38
33, 34
33, 35
33, 32
33, 36
33, 37
33, 6
33, 39
33, 40
42, 26
42, 43
42, 32
42, 19
42, 41
42, 10
42, 4
59, 60
59, 58
59, 11
59, 53
59, 24
59, 21
59, 28
59, 18
62, 64
62, 63
62, 61
62, 22
62, 58
62, 29
62, 9
62, 5
62, 24
44, 47
44, 16
44, 1
44, 46
44, 49
44, 45
44, 15
44, 48
44, 2
50, 16
50, 1
50, 15
50, 51
50, 52
50, 2
50, 8
50, 7
50, 3
54, 55
54, 56
54, 57
54, 53
54, 41
54, 27
54, 20
54, 14
54, 17
65, 72
65, 67
65, 68
65, 66
65, 30
65, 70
65, 69
65, 25
65, 71
73, 74
73, 23
73, 12
73, 75
73, 13
12, 50
12, 66
12, 16
12, 26
12, 61
12, 47
12, 13
12, 37
12, 43
50, 52
50, 56
50, 51
50, 53
50, 54
50, 59
50, 57
50, 55
50, 58
66, 68
66, 71
66, 73
66, 72
66, 70
66, 69
66, 74
66, 3
66, 67
16, 18
16, 24
16, 25
16, 20
16, 22
16, 21
16, 19
16, 23
16, 17
26, 28
26, 32
26, 31
26, 29
26, 33
26, 34
26, 27
26, 35
26, 30
61, 64
61, 63
61, 65
61, 60
61, 62
61, 9
61, 5
61, 4
61, 36
47, 48
47, 7
47, 8
47, 2
13, 15
13, 14
13, 1
13, 75
37, 40
37, 42
37, 39
37, 41
37, 38
37, 10
37, 11
43, 47
43, 45
43, 48
43, 44
43, 46
43, 49
43, 7
43, 6
43, 8
2, 43
2, 82
2, 52
2, 23
2, 72
2, 3
2, 13
2, 62
2, 33
43, 51
43, 47
43, 1
43, 49
43, 44
43, 48
43, 46
43, 45
43, 50
82, 89
82, 85
82, 84
82, 91
82, 87
82, 88
82, 86
82, 90
82, 83
52, 56
52, 55
52, 59
52, 58
52, 61
52, 53
52, 60
52, 57
52, 54
23, 25
23, 32
23, 26
23, 30
23, 28
23, 27
23, 29
23, 31
23, 24
72, 76
72, 80
72, 77
72, 75
72, 81
72, 79
72, 78
72, 74
72, 73
3, 12
3, 9
3, 7
3, 6
3, 8
3, 10
3, 4
3, 5
3, 11
13, 21
13, 18
13, 17
13, 14
13, 20
13, 15
13, 22
13, 19
13, 16
62, 63
62, 67
62, 64
62, 65
62, 69
62, 70
62, 71
62, 68
62, 66
33, 41
33, 37
33, 42
33, 39
33, 34
33, 38
33, 35
33, 40
33, 36
2, 8
2, 39
2, 14
2, 42
2, 29
2, 11
2, 65
2, 63
2, 52
8, 9
8, 10
8, 3
8, 7
39, 41
39, 40
39, 9
39, 1
39, 4
39, 5
39, 6
14, 17
14, 21
14, 18
14, 15
14, 16
14, 19
14, 20
14, 23
14, 22
42, 51
42, 50
42, 48
42, 44
42, 43
42, 47
42, 45
42, 49
42, 46
29, 34
29, 36
29, 33
29, 38
29, 35
29, 37
29, 30
29, 31
29, 32
11, 14
11, 13
11, 12
11, 28
11, 25
11, 24
11, 26
11, 27
11, 17
65, 66
65, 64
63, 62
52, 57
52, 56
52, 60
52, 54
52, 55
52, 61
52, 53
52, 58
52, 59
30, 50
30, 44
30, 34
30, 37
30, 48
30, 32
30, 38
30, 36
30, 31
50, 51
50, 58
50, 52
50, 53
50, 59
50, 55
50, 24
50, 54
50, 27
44, 12
34, 35
34, 26
34, 29
34, 57
34, 28
37, 50
37, 58
37, 56
37, 11
37, 2
37, 5
37, 6
37, 3
37, 4
48, 49
48, 18
48, 15
48, 13
48, 60
48, 17
48, 1
48, 7
48, 16
32, 33
32, 25
32, 19
32, 23
32, 21
32, 22
32, 61
32, 14
32, 20
38, 44
38, 43
38, 40
38, 42
38, 46
38, 45
38, 39
38, 47
38, 41
36, 8
36, 10
36, 48
36, 9
16, 89
16, 44
16, 66
16, 93
16, 74
16, 54
16, 34
16, 27
16, 17
16, 64
89, 92
89, 90
89, 91
89, 3
89, 11
89, 13
89, 4
89, 1
89, 8
44, 46
44, 45
44, 47
44, 53
44, 49
44, 52
44, 50
44, 48
44, 51
66, 67
66, 69
66, 70
66, 72
66, 71
66, 68
66, 73
66, 12
66, 79
93, 99
93, 98
93, 95
93, 100
93, 97
93, 2
93, 101
93, 96
93, 94
74, 78
74, 83
74, 84
74, 77
74, 80
74, 81
74, 75
74, 82
74, 76
54, 62
54, 55
54, 57
54, 61
54, 56
54, 58
54, 60
54, 59
54, 63
34, 43
34, 41
34, 36
34, 42
34, 38
34, 40
34, 35
34, 39
34, 37
27, 31
27, 33
27, 32
27, 28
27, 29
27, 30
27, 10
27, 9
27, 14
17, 22
17, 24
17, 19
17, 20
17, 21
17, 26
17, 18
17, 25
17, 23
64, 65
64, 6
64, 85
64, 86
64, 88
64, 87
64, 5
64, 7
64, 15
2, 35
2, 45
2, 13
2, 65
2, 74
2, 3
2, 84
2, 55
2, 24
2, 19
35, 43
35, 42
35, 36
35, 37
35, 40
35, 41
35, 39
35, 38
35, 44
45, 51
45, 52
45, 47
45, 48
45, 49
45, 50
45, 54
45, 53
45, 46
13, 35
13, 45
13, 24
13, 19
13, 14
13, 15
13, 18
13, 17
13, 16
65, 74
65, 69
65, 68
65, 70
65, 66
65, 71
65, 72
65, 73
65, 67
74, 77
74, 79
74, 78
74, 82
74, 76
74, 81
74, 75
74, 83
74, 80
3, 11
3, 9
3, 10
3, 4
3, 5
3, 7
3, 12
3, 6
3, 8
84, 93
84, 88
84, 85
84, 90
84, 89
84, 91
84, 86
84, 92
84, 87
55, 60
55, 61
55, 62
55, 63
55, 59
55, 57
55, 58
55, 64
55, 56
24, 31
24, 32
24, 26
24, 29
24, 1
24, 28
24, 25
24, 30
24, 27
19, 24
19, 23
19, 31
19, 33
19, 21
19, 34
19, 26
19, 20
19, 22
3, 14
3, 24
3, 72
3, 42
3, 62
3, 82
3, 52
3, 32
3, 4
14, 18
14, 22
14, 23
14, 15
14, 20
14, 16
14, 21
14, 17
14, 19
24, 2
24, 1
24, 27
24, 28
24, 31
24, 30
24, 25
24, 26
24, 29
72, 74
72, 75
72, 73
72, 80
72, 76
72, 78
72, 79
72, 81
72, 77
42, 49
42, 44
42, 45
42, 51
42, 50
42, 43
42, 47
42, 48
42, 46
62, 71
62, 70
62, 69
62, 66
62, 64
62, 63
62, 68
62, 65
62, 67
82, 90
82, 89
82, 84
82, 91
82, 85
82, 88
82, 87
82, 83
82, 86
52, 56
52, 57
52, 58
52, 53
52, 61
52, 55
52, 59
52, 60
52, 54
32, 36
32, 40
32, 39
32, 37
32, 35
32, 33
32, 38
32, 34
32, 41
4, 8
4, 6
4, 5
4, 7
4, 10
4, 12
4, 13
4, 9
4, 11
16, 44
16, 33
16, 54
16, 17
16, 64
16, 74
16, 27
16, 37
16, 84
44, 52
44, 51
44, 45
44, 46
44, 50
44, 53
44, 48
44, 49
44, 47
33, 37
33, 34
33, 42
33, 40
33, 41
33, 35
33, 36
33, 43
33, 39
54, 58
54, 60
54, 57
54, 61
54, 56
54, 62
54, 55
54, 59
54, 11
17, 22
17, 7
17, 23
17, 21
17, 20
17, 24
17, 18
17, 19
17, 25
64, 70
64, 66
64, 73
64, 68
64, 72
64, 69
64, 71
64, 67
64, 65
74, 79
74, 83
74, 75
74, 77
74, 82
74, 76
74, 80
74, 81
74, 78
27, 32
27, 28
27, 31
27, 29
27, 30
27, 13
27, 89
27, 26
27, 2
37, 38
37, 6
37, 3
37, 9
37, 1
37, 4
37, 5
37, 15
84, 87
84, 85
84, 14
84, 86
84, 8
84, 63
84, 12
84, 10
84, 88
1, 52
1, 71
1, 22
1, 81
1, 56
1, 12
1, 42
1, 32
1, 2
52, 56
52, 55
52, 54
52, 53
52, 66
52, 67
52, 69
52, 70
52, 68
71, 74
71, 78
71, 80
71, 76
71, 79
71, 75
71, 72
71, 77
71, 73
22, 23
22, 29
22, 30
22, 26
22, 31
22, 24
22, 28
22, 27
22, 25
81, 84
81, 87
81, 85
81, 86
81, 83
81, 89
81, 82
81, 88
81, 90
56, 61
56, 63
56, 59
56, 64
56, 57
56, 58
56, 62
56, 65
56, 60
12, 19
12, 15
12, 16
12, 17
12, 20
12, 14
12, 18
12, 13
12, 21
42, 49
42, 47
42, 43
42, 44
42, 51
42, 48
42, 45
42, 50
42, 46
32, 39
32, 36
32, 35
32, 41
32, 38
32, 33
32, 37
32, 40
32, 34
2, 10
2, 8
2, 7
2, 5
2, 11
2, 9
2, 6
2, 3
2, 4
8, 12
8, 9
8, 36
8, 61
8, 71
8, 82
8, 26
8, 50
8, 46
12, 2
12, 13
12, 18
12, 20
12, 15
12, 17
12, 19
12, 16
12, 14
9, 12
9, 21
9, 10
9, 24
9, 1
9, 25
9, 23
9, 22
9, 11
36, 38
36, 40
36, 39
36, 44
36, 43
36, 45
36, 42
36, 41
36, 37
61, 65
61, 63
61, 62
61, 69
61, 68
61, 70
61, 67
61, 66
61, 64
71, 73
71, 78
71, 76
71, 79
71, 77
71, 80
71, 75
71, 72
71, 74
82, 83
82, 84
82, 85
82, 81
82, 6
82, 7
82, 86
82, 87
26, 34
26, 33
26, 29
26, 35
26, 30
26, 32
26, 31
26, 27
26, 28
50, 57
50, 55
50, 54
50, 52
50, 59
50, 53
50, 56
50, 51
50, 58
46, 47
46, 49
46, 3
46, 4
46, 48
46, 5
46, 60
18, 55
18, 19
18, 54
18, 8
18, 42
18, 23
18, 59
18, 43
18, 31
18, 51
55, 59
55, 64
55, 62
55, 63
55, 57
55, 56
55, 61
55, 65
55, 58
19, 23
19, 42
19, 43
19, 31
19, 20
19, 49
19, 41
19, 22
19, 21
54, 55
54, 59
54, 62
54, 70
54, 66
54, 68
54, 69
54, 64
54, 67
8, 15
8, 14
8, 10
8, 17
8, 12
8, 13
8, 16
8, 9
8, 11
42, 3
42, 41
23, 30
23, 26
23, 27
23, 24
23, 28
23, 29
23, 25
23, 4
23, 7
59, 55
59, 60
59, 1
43, 47
43, 45
43, 48
43, 71
43, 46
43, 44
43, 6
43, 72
43, 2
31, 38
31, 33
31, 34
31, 37
31, 35
31, 36
31, 40
31, 32
31, 39
51, 52
51, 49
51, 5
51, 73
51, 53
51, 50
1, 22
1, 82
1, 42
1, 12
1, 2
1, 52
1, 32
1, 72
1, 62
22, 31
22, 25
22, 27
22, 29
22, 28
22, 26
22, 24
22, 23
22, 30
82, 90
82, 89
82, 86
82, 87
82, 84
82, 88
82, 85
82, 83
82, 91
42, 44
42, 48
42, 47
42, 46
42, 51
42, 43
42, 45
42, 49
42, 50
12, 17
12, 15
12, 21
12, 19
12, 16
12, 13
12, 14
12, 18
12, 20
2, 6
2, 10
2, 8
2, 7
2, 5
2, 3
2, 11
2, 9
2, 4
52, 60
52, 61
52, 57
52, 55
52, 54
52, 53
52, 56
52, 58
52, 59
32, 38
32, 39
32, 37
32, 41
32, 40
32, 35
32, 33
32, 36
32, 34
72, 74
72, 77
72, 76
72, 79
72, 75
72, 73
72, 81
72, 78
72, 80
62, 71
62, 65
62, 70
62, 63
62, 66
62, 69
62, 67
62, 64
62, 68
5, 6
5, 22
5, 74
5, 64
5, 12
5, 58
5, 84
5, 38
5, 49
5, 30
6, 22
6, 12
6, 30
6, 8
6, 9
6, 21
6, 37
6, 10
6, 7
22, 30
22, 28
22, 24
22, 27
22, 29
22, 26
22, 34
22, 23
22, 25
74, 79
74, 75
74, 81
74, 78
74, 77
74, 83
74, 82
74, 76
74, 80
64, 65
64, 66
64, 68
64, 73
64, 70
64, 72
64, 69
64, 67
64, 71
12, 17
12, 13
12, 20
12, 16
12, 15
12, 19
12, 18
12, 14
12, 3
58, 63
58, 60
58, 61
58, 59
58, 62
58, 57
58, 1
84, 87
84, 90
84, 91
84, 92
84, 88
84, 89
84, 93
84, 86
84, 85
38, 42
38, 46
38, 43
38, 44
38, 47
38, 45
38, 39
38, 40
38, 41
49, 51
49, 50
49, 56
49, 53
49, 54
49, 52
49, 55
49, 48
49, 2
30, 34
30, 31
30, 33
30, 32
30, 35
30, 94
30, 36
30, 11
30, 4
1, 70
1, 32
1, 60
1, 50
1, 74
1, 12
1, 2
1, 22
1, 33
70, 74
70, 78
70, 72
70, 87
70, 85
70, 86
70, 71
70, 84
70, 73
32, 33
32, 43
32, 48
32, 45
32, 44
32, 37
32, 49
32, 46
32, 47
60, 61
60, 64
60, 66
60, 65
60, 68
60, 63
60, 62
60, 69
60, 67
50, 51
50, 54
50, 52
50, 53
50, 59
50, 56
50, 57
50, 55
50, 58
74, 78
74, 80
74, 76
74, 83
74, 75
74, 82
74, 77
74, 79
74, 81
12, 19
12, 14
12, 21
12, 20
12, 13
12, 15
12, 16
12, 18
12, 17
2, 9
2, 6
2, 3
2, 4
2, 7
2, 5
2, 8
2, 11
2, 10
22, 29
22, 26
22, 25
22, 31
22, 23
22, 24
22, 27
22, 28
22, 30
33, 37
33, 41
33, 36
33, 38
33, 34
33, 35
33, 42
33, 39
33, 40
3, 42
3, 80
3, 62
3, 52
3, 23
3, 14
3, 69
3, 4
3, 29
3, 89
42, 46
42, 51
42, 48
42, 49
42, 50
42, 45
42, 44
42, 43
42, 47
80, 89
80, 82
80, 83
80, 84
80, 87
80, 85
80, 88
80, 81
80, 86
62, 69
62, 68
62, 63
62, 67
62, 79
62, 66
62, 78
62, 64
62, 65
52, 55
52, 61
52, 58
52, 60
52, 59
52, 57
52, 53
52, 54
52, 56
23, 29
23, 41
23, 28
23, 39
23, 24
23, 26
23, 27
23, 40
23, 25
14, 1
14, 17
14, 21
14, 22
14, 19
14, 15
14, 16
14, 20
14, 18
69, 2
69, 72
69, 73
69, 74
69, 77
69, 70
69, 71
69, 76
69, 75
4, 9
4, 8
4, 7
4, 5
4, 11
4, 6
4, 12
4, 10
4, 13
29, 36
29, 32
29, 35
29, 34
29, 31
29, 38
29, 37
29, 30
29, 33
89, 90
89, 95
89, 91
89, 92
89, 97
89, 98
89, 93
89, 96
89, 94
3, 24
3, 52
3, 4
3, 56
3, 33
3, 15
3, 63
3, 42
3, 11
3, 72
24, 33
24, 26
24, 32
24, 30
24, 29
24, 28
24, 25
24, 27
24, 31
52, 56
52, 53
52, 62
52, 61
52, 59
52, 55
52, 60
52, 54
52, 58
4, 11
4, 6
4, 5
4, 14
4, 7
4, 9
4, 8
4, 10
4, 77
56, 58
56, 57
56, 87
56, 86
56, 85
33, 40
33, 41
33, 38
33, 35
33, 37
33, 82
33, 36
33, 39
33, 34
15, 21
15, 22
15, 17
15, 16
15, 19
15, 20
15, 1
15, 23
15, 18
63, 65
63, 72
63, 67
63, 70
63, 71
63, 69
63, 68
63, 66
63, 64
42, 46
42, 51
42, 48
42, 44
42, 43
42, 50
42, 45
42, 47
42, 49
11, 13
11, 12
11, 2
11, 74
11, 88
11, 84
11, 78
11, 79
11, 76
72, 73
72, 89
72, 75
72, 81
72, 91
72, 92
72, 80
72, 83
72, 90
4, 36
4, 6
4, 42
4, 14
4, 26
4, 7
4, 13
4, 21
4, 31
36, 42
36, 38
36, 45
36, 40
36, 37
36, 43
36, 39
36, 44
36, 41
6, 5
42, 44
42, 43
42, 36
42, 40
14, 15
14, 18
14, 20
14, 17
14, 19
14, 16
14, 1
14, 3
26, 42
26, 24
26, 27
26, 22
26, 25
26, 33
26, 28
7, 9
7, 8
7, 29
7, 35
7, 30
7, 23
7, 2
31, 34
31, 32
31, 33
31, 11
31, 24
31, 21
31, 12
31, 10
31, 20
3, 31
3, 6
3, 53
3, 63
3, 27
3, 24
3, 52
3, 21
3, 44
31, 33
31, 38
31, 36
31, 39
31, 34
31, 40
31, 37
31, 41
31, 35
6, 8
6, 9
6, 18
6, 16
6, 17
6, 14
6, 7
6, 15
6, 12
53, 56
53, 57
53, 60
53, 59
53, 61
53, 55
53, 62
53, 58
53, 54
27, 28
27, 43
27, 29
27, 4
27, 1
27, 66
27, 5
24, 26
24, 25
24, 2
24, 19
52, 51
52, 65
52, 64
21, 22
21, 20
21, 30
21, 23
21, 13
21, 32
21, 11
21, 10
21, 42
44, 47
44, 48
44, 50
44, 49
44, 46
44, 45
3, 40
3, 4
3, 65
3, 46
3, 8
3, 19
3, 32
3, 48
3, 75
40, 65
40, 46
40, 48
40, 41
40, 44
40, 42
40, 64
40, 45
40, 43
4, 8
4, 19
4, 6
4, 18
4, 7
4, 5
4, 30
4, 29
4, 31
65, 73
65, 66
65, 72
65, 67
65, 70
65, 68
65, 71
65, 74
65, 69
46, 48
46, 63
46, 47
46, 59
46, 62
46, 58
46, 60
46, 61
46, 57
8, 12
8, 10
8, 9
8, 11
8, 17
8, 13
8, 15
8, 16
8, 14
19, 22
19, 25
19, 23
19, 27
19, 24
19, 28
19, 21
19, 26
19, 20
32, 1
32, 34
32, 38
32, 36
32, 33
32, 2
32, 39
32, 37
32, 35
48, 57
48, 49
48, 51
48, 55
48, 52
48, 56
48, 54
48, 50
48, 53
75, 79
75, 82
75, 84
75, 83
75, 77
75, 78
75, 80
75, 81
75, 76
3, 45
3, 4
3, 49
3, 14
3, 57
3, 35
3, 47
3, 25
3, 24
45, 49
45, 57
45, 47
45, 60
45, 50
45, 65
45, 53
45, 51
45, 46
4, 10
4, 7
4, 9
4, 5
4, 12
4, 8
4, 13
4, 6
4, 11
49, 50
49, 51
49, 52
49, 53
49, 55
49, 67
49, 54
49, 56
49, 63
14, 16
14, 22
14, 17
14, 19
14, 15
14, 21
14, 20
14, 18
14, 23
57, 58
57, 68
57, 59
57, 64
57, 77
57, 73
57, 61
57, 76
57, 74
35, 40
35, 36
35, 41
35, 42
35, 39
35, 37
35, 43
35, 44
35, 38
47, 69
47, 66
47, 62
47, 75
47, 48
47, 2
47, 72
47, 71
47, 70
25, 27
25, 31
25, 34
25, 28
25, 30
25, 26
25, 29
25, 33
25, 32
24, 1
1, 40
1, 24
1, 80
1, 82
1, 22
1, 70
1, 12
1, 60
1, 50
1, 2
40, 49
40, 43
40, 42
40, 44
40, 41
40, 46
40, 45
40, 47
40, 48
24, 27
24, 30
24, 31
24, 33
24, 29
24, 28
24, 26
24, 25
24, 32
80, 82
80, 97
80, 92
80, 93
80, 96
80, 83
80, 95
80, 81
80, 94
82, 83
82, 90
82, 88
82, 89
82, 86
82, 85
82, 91
82, 84
82, 87
22, 24
22, 23
22, 35
22, 36
22, 37
22, 39
22, 34
22, 38
22, 27
70, 76
70, 74
70, 73
70, 71
70, 72
70, 75
70, 78
70, 79
70, 77
12, 20
12, 17
12, 15
12, 19
12, 21
12, 16
12, 14
12, 18
12, 13
60, 62
60, 67
60, 69
60, 65
60, 68
60, 64
60, 61
60, 63
60, 66
50, 59
50, 58
50, 53
50, 54
50, 57
50, 55
50, 51
50, 56
50, 52
2, 6
2, 7
2, 9
2, 5
2, 10
2, 3
2, 8
2, 4
2, 11
2, 23
2, 7
2, 16
2, 11
2, 32
2, 31
2, 19
2, 21
2, 3
23, 31
23, 32
23, 27
23, 24
23, 30
23, 29
23, 28
23, 33
23, 25
7, 8
7, 9
7, 10
7, 5
7, 44
7, 4
7, 6
7, 42
7, 43
16, 38
16, 40
16, 11
16, 41
16, 39
16, 18
11, 16
11, 15
11, 19
11, 17
11, 12
11, 13
11, 20
11, 18
11, 14
32, 33
19, 36
19, 11
19, 35
19, 15
19, 1
21, 23
21, 31
21, 32
21, 27
21, 24
21, 28
21, 22
21, 26
21, 34
3, 37
12, 29
12, 22
12, 44
12, 2
12, 13
12, 33
12, 32
12, 21
12, 26
29, 30
29, 32
29, 31
29, 54
29, 43
22, 25
22, 23
22, 24
44, 47
44, 45
44, 48
44, 46
44, 53
44, 52
44, 50
44, 51
44, 49
2, 7
2, 5
2, 10
2, 8
2, 4
2, 6
2, 11
2, 3
2, 9
13, 15
13, 18
13, 19
13, 20
13, 17
13, 16
13, 14
13, 56
13, 55
33, 41
33, 35
33, 36
33, 42
33, 39
33, 40
33, 38
33, 34
33, 37
32, 43
21, 1
26, 28
26, 27
2, 4
2, 11
2, 21
2, 8
2, 37
2, 18
2, 27
2, 29
2, 33
4, 11
4, 8
4, 13
4, 12
4, 17
4, 15
4, 10
4, 5
4, 16
11, 52
11, 49
11, 54
11, 13
11, 15
11, 56
11, 57
11, 12
11, 14
21, 23
21, 35
21, 27
21, 31
21, 36
21, 29
21, 25
21, 30
21, 32
8, 10
8, 9
8, 52
8, 3
8, 53
37, 46
37, 40
37, 45
37, 44
37, 41
37, 48
37, 47
37, 42
37, 43
18, 19
18, 50
18, 55
18, 51
18, 6
18, 7
18, 54
18, 58
18, 20
27, 28
27, 21
27, 35
27, 37
27, 26
27, 22
27, 24
29, 21
29, 46
29, 1
29, 38
33, 34
33, 21
33, 39
11, 31
11, 56
11, 17
11, 21
11, 55
11, 41
11, 16
11, 12
11, 1
31, 38
31, 40
31, 34
31, 33
31, 39
31, 37
31, 35
31, 32
31, 36
56, 63
56, 57
56, 64
56, 65
56, 58
56, 61
56, 62
56, 59
56, 60
17, 21
17, 18
17, 19
17, 20
17, 30
17, 26
17, 29
17, 23
17, 25
21, 30
21, 29
21, 25
21, 23
21, 26
21, 22
21, 24
21, 28
21, 27
55, 56
55, 57
55, 67
55, 63
55, 69
55, 64
55, 65
55, 58
55, 66
41, 43
41, 42
41, 44
41, 45
41, 76
41, 54
41, 75
41, 73
41, 15
16, 46
16, 47
16, 50
16, 48
16, 68
16, 51
16, 53
16, 49
12, 15
12, 14
12, 77
12, 13
12, 72
12, 52
12, 74
12, 70
12, 71
1, 7
1, 2
1, 5
1, 6
1, 8
1, 10
1, 4
1, 3
1, 9
3, 9
3, 4
3, 6
3, 10
3, 17
3, 18
3, 12
3, 20
3, 19
9, 10
9, 12
9, 14
9, 15
9, 11
9, 16
9, 13
9, 41
9, 36
4, 6
4, 7
4, 28
4, 8
4, 5
4, 46
4, 22
4, 1
6, 4
6, 26
6, 25
10, 12
10, 11
10, 13
10, 41
10, 42
10, 35
17, 37
17, 24
17, 38
12, 13
20, 21
20, 31
20, 32
20, 23
20, 34
20, 30
20, 2
20, 33
20, 29
19, 40
19, 44
19, 45
19, 39
19, 43
19, 27
6, 15
6, 8
6, 14
6, 11
6, 29
6, 7
6, 24
6, 33
6, 27
6, 28
15, 16
15, 47
15, 20
15, 17
15, 22
15, 23
15, 19
15, 21
15, 18
8, 15
8, 55
8, 33
8, 9
8, 48
8, 31
8, 49
8, 50
8, 46
14, 15
14, 24
14, 26
14, 25
14, 20
14, 16
14, 21
14, 17
14, 22
11, 12
11, 51
11, 13
29, 4
29, 57
29, 3
7, 11
7, 30
7, 2
7, 32
7, 43
7, 54
7, 56
7, 45
7, 44
33, 40
33, 37
33, 42
33, 36
33, 39
33, 34
33, 35
33, 38
33, 41
27, 10
27, 53
27, 52
27, 1
28, 5
1, 60
1, 2
1, 78
1, 50
1, 20
1, 40
1, 63
1, 30
1, 7
1, 88
60, 63
60, 77
60, 75
60, 61
60, 69
60, 62
60, 76
60, 73
60, 74
2, 7
2, 12
2, 17
2, 5
2, 18
2, 4
2, 3
2, 19
2, 6
78, 80
78, 83
78, 81
78, 87
78, 82
78, 79
78, 84
78, 85
78, 86
50, 53
50, 54
50, 57
50, 52
50, 51
50, 55
50, 59
50, 56
50, 58
20, 28
20, 24
20, 22
20, 25
20, 27
20, 26
20, 29
20, 23
20, 21
40, 42
40, 41
40, 44
40, 48
40, 47
40, 43
40, 45
40, 46
40, 49
63, 69
63, 72
63, 65
63, 66
63, 67
63, 68
63, 64
63, 71
63, 70
30, 38
30, 36
30, 34
30, 35
30, 32
30, 33
30, 37
30, 31
30, 39
7, 12
7, 9
7, 13
7, 14
7, 16
7, 8
7, 10
7, 11
7, 15
88, 96
88, 89
88, 91
88, 92
88, 94
88, 97
88, 93
88, 90
88, 95
1, 49
1, 11
1, 78
1, 31
1, 36
1, 50
1, 68
1, 87
1, 2
1, 21
49, 50
49, 61
49, 66
49, 63
49, 67
49, 60
49, 62
49, 65
49, 64
11, 14
11, 17
11, 18
11, 20
11, 13
11, 12
11, 16
11, 19
11, 15
78, 81
78, 83
78, 80
78, 84
78, 79
78, 86
78, 97
78, 85
78, 82
31, 36
31, 34
31, 47
31, 45
31, 32
31, 48
31, 35
31, 33
31, 46
36, 45
36, 41
36, 42
36, 37
36, 39
36, 43
36, 44
36, 40
36, 38
50, 58
50, 51
50, 54
50, 52
50, 55
50, 57
50, 56
50, 59
50, 53
68, 73
68, 70
68, 72
68, 71
68, 76
68, 77
68, 75
68, 69
68, 74
87, 89
87, 93
87, 90
87, 96
87, 91
87, 95
87, 92
87, 94
87, 88
2, 6
2, 10
2, 3
2, 4
2, 8
2, 9
2, 7
2, 98
2, 5
21, 26
21, 23
21, 29
21, 22
21, 28
21, 30
21, 25
21, 27
21, 24
1, 52
1, 85
1, 22
1, 75
1, 42
1, 12
1, 2
1, 32
1, 58
1, 68
52, 85
52, 75
52, 68
52, 58
52, 56
52, 54
52, 57
52, 55
52, 53
85, 88
85, 91
85, 86
85, 94
85, 87
85, 92
85, 89
85, 93
85, 90
22, 28
22, 31
22, 23
22, 30
22, 27
22, 29
22, 25
22, 26
22, 24
75, 78
75, 82
75, 80
75, 84
75, 81
75, 83
75, 79
75, 77
75, 76
42, 48
42, 46
42, 44
42, 49
42, 47
42, 45
42, 50
42, 51
42, 43
12, 20
12, 17
12, 16
12, 21
12, 14
12, 18
12, 19
12, 15
12, 13
2, 6
2, 10
2, 9
2, 7
2, 11
2, 4
2, 5
2, 3
2, 8
32, 33
32, 38
32, 35
32, 37
32, 34
32, 40
32, 41
32, 36
32, 39
58, 60
58, 61
58, 66
58, 62
58, 65
58, 67
58, 64
58, 59
58, 63
68, 75
68, 70
68, 71
68, 78
68, 74
68, 72
68, 82
68, 69
68, 73
7, 63
7, 26
7, 15
7, 28
7, 47
7, 83
7, 36
7, 59
7, 8
7, 73
63, 67
63, 66
63, 65
63, 68
63, 64
63, 69
63, 72
63, 71
63, 70
26, 25
26, 27
26, 4
26, 5
15, 17
15, 19
15, 21
15, 16
15, 24
15, 22
15, 18
15, 20
15, 23
28, 36
28, 31
28, 33
28, 41
28, 35
28, 34
28, 32
28, 30
28, 29
47, 56
47, 50
47, 52
47, 48
47, 55
47, 49
47, 53
47, 54
47, 51
83, 84
83, 89
83, 90
83, 88
83, 91
83, 85
83, 87
83, 92
83, 86
36, 41
36, 40
36, 39
36, 43
36, 45
36, 42
36, 38
36, 44
36, 37
59, 60
59, 61
59, 62
59, 93
59, 58
59, 46
59, 3
59, 57
59, 1
8, 10
8, 11
8, 9
8, 6
8, 36
8, 13
8, 14
8, 12
8, 2
73, 78
73, 82
73, 77
73, 74
73, 81
73, 80
73, 75
73, 79
73, 76
83, 31
83, 62
83, 84
83, 1
83, 52
83, 85
83, 19
83, 72
83, 86
83, 2
31, 39
31, 34
31, 32
31, 33
31, 35
31, 36
31, 40
31, 38
31, 37
62, 67
62, 63
62, 68
62, 71
62, 70
62, 64
62, 66
62, 69
62, 65
84, 42
84, 46
84, 45
84, 47
84, 44
84, 43
84, 49
84, 29
84, 48
1, 2
1, 13
1, 15
1, 11
1, 8
1, 14
1, 12
1, 9
1, 16
52, 54
52, 56
52, 53
52, 55
52, 61
52, 57
52, 59
52, 58
52, 60
85, 50
85, 51
85, 41
85, 18
85, 96
85, 30
85, 17
85, 97
85, 82
19, 22
19, 28
19, 24
19, 21
19, 27
19, 25
19, 26
19, 20
19, 23
72, 79
72, 76
72, 78
72, 77
72, 81
72, 75
72, 73
72, 74
72, 80
86, 88
86, 89
86, 92
86, 93
86, 95
86, 90
86, 91
86, 87
86, 94
2, 11
2, 8
2, 9
2, 10
2, 3
2, 5
2, 7
2, 4
2, 6
19, 4
19, 28
19, 26
19, 22
19, 20
19, 30
19, 23
19, 31
19, 25
4, 11
4, 13
4, 7
4, 5
4, 10
4, 8
4, 14
4, 12
4, 9
28, 24
28, 29
26, 43
26, 44
26, 28
26, 3
26, 27
26, 40
26, 29
26, 41
26, 18
22, 4
22, 11
22, 13
22, 7
22, 5
22, 15
22, 14
22, 6
22, 1
20, 34
20, 33
20, 35
30, 39
30, 31
30, 32
30, 42
30, 38
30, 2
23, 24
25, 36
25, 17
25, 37
25, 21
25, 16
1, 41
1, 18
1, 66
1, 82
1, 40
1, 65
1, 54
1, 2
1, 12
1, 30
41, 43
41, 46
41, 48
41, 42
41, 44
41, 47
41, 45
41, 49
41, 50
18, 19
18, 26
18, 25
18, 23
18, 24
18, 21
18, 27
18, 20
18, 22
66, 67
66, 74
66, 70
66, 72
66, 68
66, 75
66, 71
66, 69
66, 73
82, 91
82, 85
82, 87
82, 89
82, 86
82, 83
82, 90
82, 88
82, 84
40, 41
40, 54
40, 43
40, 46
40, 52
40, 51
40, 64
40, 48
40, 53
65, 66
65, 82
65, 92
65, 76
65, 79
65, 77
65, 81
65, 78
65, 80
54, 57
54, 59
54, 63
54, 61
54, 62
54, 55
54, 56
54, 58
54, 60
2, 9
2, 5
2, 6
2, 3
2, 7
2, 4
2, 10
2, 8
2, 11
12, 30
12, 18
12, 14
12, 17
12, 16
12, 29
12, 15
12, 28
12, 13
30, 38
30, 33
30, 36
30, 39
30, 37
30, 34
30, 35
30, 32
30, 31
25, 12
25, 50
25, 43
25, 70
25, 26
25, 60
25, 36
25, 37
25, 47
12, 14
12, 20
12, 17
12, 13
12, 18
12, 19
12, 16
12, 15
12, 21
50, 59
50, 10
50, 56
50, 54
50, 57
50, 55
50, 53
50, 58
50, 51
43, 50
43, 44
43, 47
43, 49
43, 48
43, 45
43, 10
43, 59
43, 46
70, 71
70, 72
70, 73
70, 76
70, 77
70, 78
26, 35
26, 29
26, 27
26, 34
26, 33
26, 28
26, 31
26, 32
26, 30
60, 67
60, 68
60, 64
60, 69
60, 66
60, 62
60, 63
60, 65
60, 61
36, 6
36, 53
36, 11
36, 52
36, 7
37, 12
37, 38
37, 74
37, 39
37, 75
37, 9
37, 42
37, 40
37, 41
47, 2
47, 1
47, 5
47, 23
47, 4
47, 8
47, 22
47, 3
47, 24
1, 22
1, 52
1, 32
1, 2
1, 12
1, 42
1, 81
1, 62
1, 91
1, 70
22, 25
22, 31
22, 28
22, 26
22, 24
22, 29
22, 23
22, 27
22, 30
52, 61
52, 56
52, 53
52, 54
52, 60
52, 59
52, 55
52, 57
52, 58
32, 35
32, 37
32, 33
32, 41
32, 40
32, 38
32, 34
32, 39
32, 36
2, 11
2, 10
2, 6
2, 4
2, 7
2, 5
2, 9
2, 8
2, 3
12, 16
12, 20
12, 14
12, 21
12, 18
12, 17
12, 19
12, 15
12, 13
42, 47
42, 50
42, 51
42, 48
42, 44
42, 46
42, 43
42, 49
42, 45
81, 89
81, 90
81, 83
81, 85
81, 84
81, 86
81, 88
81, 82
81, 87
62, 70
62, 69
62, 63
62, 68
62, 65
62, 67
62, 80
62, 66
62, 64
91, 93
91, 96
91, 99
91, 92
91, 98
91, 95
91, 94
91, 100
91, 97
70, 72
70, 71
70, 78
70, 76
70, 74
70, 73
70, 75
70, 77
70, 79
23, 24
23, 20
23, 3
23, 22
23, 32
23, 29
23, 30
23, 15
23, 44
23, 27
20, 2
20, 21
20, 31
20, 30
20, 29
20, 1
3, 4
3, 8
3, 9
3, 6
3, 5
3, 13
3, 10
3, 11
3, 7
3, 12
22, 29
22, 14
22, 33
22, 19
22, 1
22, 26
22, 28
22, 25
22, 27
32, 37
32, 42
32, 41
32, 38
32, 36
32, 40
32, 39
32, 43
32, 35
32, 34
15, 17
15, 18
15, 16
4, 5
4, 60
4, 29
4, 32
4, 17
4, 22
4, 21
4, 49
4, 14
5, 63
5, 13
5, 9
5, 7
5, 10
5, 11
5, 12
5, 6
5, 8
60, 61
60, 63
60, 64
60, 70
60, 66
60, 68
60, 65
60, 62
60, 67
29, 30
29, 3
29, 72
29, 31
29, 36
29, 78
29, 37
29, 1
29, 79
32, 35
32, 33
32, 34
32, 83
32, 81
32, 71
32, 76
32, 85
32, 84
17, 19
17, 18
17, 48
17, 42
17, 52
17, 40
17, 47
17, 41
17, 39
22, 26
22, 27
22, 28
22, 25
22, 23
22, 24
22, 46
22, 45
22, 69
21, 73
21, 41
21, 77
21, 20
21, 44
49, 55
49, 58
49, 53
49, 56
49, 57
49, 54
49, 59
49, 50
49, 51
14, 43
14, 15
14, 2
14, 16
14, 75
14, 38
14, 82
14, 80
14, 74
5, 11
5, 16
5, 42
5, 9
5, 7
5, 14
5, 35
5, 20
5, 52
11, 42
11, 63
11, 12
11, 23
11, 50
11, 54
11, 43
11, 33
11, 64
16, 18
16, 17
16, 59
16, 19
16, 28
16, 61
16, 62
16, 57
16, 38
42, 47
42, 43
42, 50
42, 49
42, 51
42, 48
42, 45
42, 44
42, 46
9, 11
9, 42
9, 52
9, 14
9, 13
9, 10
9, 15
9, 12
9, 41
7, 8
7, 22
7, 25
7, 27
7, 31
7, 21
7, 4
7, 3
7, 30
14, 52
14, 53
14, 34
14, 56
14, 2
35, 55
35, 42
35, 52
35, 36
35, 37
35, 58
35, 40
35, 60
35, 39
20, 26
20, 24
20, 6
20, 29
20, 1
20, 32
52, 42
52, 53
52, 41
52, 56
52, 2
1, 42
1, 52
1, 2
1, 72
1, 91
1, 32
1, 22
1, 78
1, 62
1, 12
42, 45
42, 51
42, 49
42, 43
42, 46
42, 44
42, 50
42, 47
42, 48
52, 54
52, 57
52, 55
52, 61
52, 56
52, 53
52, 58
52, 59
52, 60
2, 7
2, 8
2, 9
2, 5
2, 10
2, 4
2, 3
2, 11
2, 6
72, 78
72, 76
72, 77
72, 88
72, 89
72, 74
72, 73
72, 75
72, 90
91, 100
91, 99
91, 98
91, 97
91, 95
91, 93
91, 96
91, 94
91, 92
32, 35
32, 36
32, 39
32, 34
32, 33
32, 37
32, 41
32, 38
32, 40
22, 24
22, 23
22, 26
22, 30
22, 29
22, 25
22, 27
22, 28
22, 31
78, 85
78, 84
78, 79
78, 82
78, 87
78, 86
78, 83
78, 81
78, 80
62, 63
62, 65
62, 70
62, 67
62, 71
62, 64
62, 66
62, 69
62, 68
12, 20
12, 16
12, 14
12, 17
12, 19
12, 18
12, 21
12, 15
12, 13
40, 22
40, 12
40, 45
40, 32
40, 42
40, 41
40, 2
40, 44
40, 43
22, 24
22, 25
22, 30
22, 26
22, 29
22, 31
22, 28
22, 23
22, 27
12, 18
12, 20
12, 16
12, 17
12, 21
12, 13
12, 19
12, 15
12, 14
32, 35
32, 46
32, 38
32, 39
32, 37
32, 34
32, 1
32, 36
32, 33
41, 42
2, 9
2, 7
2, 3
2, 10
2, 4
2, 8
2, 6
2, 5
2, 11
15, 46
15, 16
15, 76
15, 69
15, 5
15, 26
15, 56
15, 62
15, 72
15, 36
46, 53
46, 49
46, 52
46, 51
46, 48
46, 47
46, 55
46, 50
46, 54
16, 21
16, 25
16, 23
16, 24
16, 19
16, 18
16, 22
16, 20
16, 17
76, 80
76, 77
76, 79
76, 78
76, 92
76, 82
76, 81
76, 83
76, 1
69, 76
69, 72
69, 75
69, 91
69, 70
69, 90
69, 86
69, 92
69, 85
5, 14
5, 13
5, 12
5, 9
5, 10
5, 6
5, 11
5, 7
5, 8
26, 34
26, 32
26, 30
26, 28
26, 29
26, 35
26, 31
26, 33
26, 27
56, 58
56, 60
56, 59
56, 57
56, 61
62, 64
62, 65
62, 67
62, 66
62, 63
62, 68
62, 3
62, 4
62, 2
72, 73
72, 87
72, 89
72, 85
72, 74
72, 93
72, 71
72, 84
72, 88
36, 43
36, 38
36, 44
36, 37
36, 41
36, 39
36, 40
36, 42
36, 45
53, 44
53, 16
53, 34
53, 54
53, 6
53, 22
53, 21
53, 24
53, 20
44, 47
44, 49
44, 46
44, 50
44, 45
44, 52
44, 55
44, 51
44, 48
16, 21
16, 33
16, 24
16, 22
16, 17
16, 23
16, 30
16, 26
16, 32
16, 18
34, 43
34, 36
34, 37
34, 35
34, 41
34, 40
34, 42
34, 39
34, 38
6, 13
6, 10
6, 14
6, 7
6, 8
6, 12
6, 9
6, 11
6, 15
22, 24
22, 26
22, 23
22, 28
22, 25
22, 29
22, 31
22, 30
22, 27
21, 3
21, 28
21, 56
21, 16
21, 25
21, 5
24, 25
24, 4
24, 22
24, 57
20, 2
20, 16
20, 1
20, 19
87, 23
87, 68
87, 3
87, 69
87, 38
87, 58
87, 88
87, 48
87, 13
23, 26
23, 37
23, 35
23, 24
23, 27
23, 25
23, 36
23, 28
23, 29
68, 69
68, 80
68, 85
68, 82
68, 86
68, 79
68, 81
68, 84
68, 83
3, 8
3, 9
3, 10
3, 6
3, 11
3, 5
3, 4
3, 12
3, 7
69, 77
69, 70
69, 73
69, 71
69, 74
69, 76
69, 75
69, 78
69, 72
38, 45
38, 40
38, 47
38, 42
38, 41
38, 39
38, 44
38, 43
38, 46
58, 66
58, 67
58, 64
58, 60
58, 62
58, 59
58, 61
58, 65
58, 63
88, 30
88, 90
88, 34
88, 33
88, 1
88, 31
88, 32
88, 2
88, 89
48, 55
48, 56
48, 53
48, 52
48, 51
48, 57
48, 49
48, 50
48, 54
13, 15
13, 20
13, 16
13, 22
13, 21
13, 17
13, 14
13, 18
13, 19
15, 42
15, 44
15, 63
15, 20
15, 16
15, 55
15, 33
15, 17
15, 27
42, 44
42, 54
42, 82
42, 5
42, 43
42, 53
42, 52
42, 49
42, 51
44, 6
44, 49
44, 78
44, 48
44, 47
44, 70
44, 50
44, 45
44, 46
63, 7
63, 64
63, 68
63, 69
63, 2
63, 65
63, 67
63, 66
63, 83
20, 27
20, 24
20, 21
20, 23
20, 30
20, 25
20, 22
20, 32
20, 26
16, 76
16, 77
16, 44
16, 74
16, 8
16, 73
16, 72
16, 1
16, 70
55, 62
55, 60
55, 61
55, 56
55, 71
55, 57
55, 58
55, 59
55, 11
33, 37
33, 36
33, 34
33, 38
33, 4
33, 35
33, 40
33, 41
33, 39
17, 81
17, 3
17, 19
17, 18
17, 10
17, 14
17, 75
17, 13
17, 12
27, 30
27, 32
27, 31
27, 29
27, 28
27, 80
27, 9
27, 79
57, 3
57, 13
57, 35
57, 45
57, 33
57, 60
57, 23
57, 58
57, 59
3, 10
3, 8
3, 7
3, 11
3, 5
3, 9
3, 6
3, 12
3, 4
13, 16
13, 22
13, 14
13, 15
13, 19
13, 18
13, 20
13, 21
13, 17
35, 40
35, 36
35, 41
35, 37
35, 44
35, 39
35, 42
35, 43
35, 38
45, 56
45, 49
45, 52
45, 55
45, 48
45, 53
45, 54
45, 51
45, 46
33, 34
33, 63
33, 2
33, 66
33, 61
33, 1
33, 65
33, 62
33, 64
60, 45
60, 67
60, 46
60, 52
60, 56
60, 49
60, 53
60, 55
60, 50
60, 47
23, 25
23, 26
23, 31
23, 27
23, 24
23, 29
23, 30
23, 28
23, 32
71, 72
71, 41
71, 31
71, 1
71, 11
71, 81
71, 21
71, 61
71, 51
72, 81
72, 80
72, 79
72, 78
72, 76
72, 74
72, 77
72, 75
72, 73
41, 47
41, 50
41, 42
41, 49
41, 46
41, 48
41, 44
41, 45
41, 43
31, 37
31, 36
31, 40
31, 39
31, 34
31, 33
31, 35
31, 32
31, 38
1, 3
1, 8
1, 4
1, 10
1, 9
1, 5
1, 2
1, 6
1, 7
11, 14
11, 17
11, 18
11, 20
11, 13
11, 12
11, 16
11, 19
11, 15
81, 84
81, 87
81, 82
81, 90
81, 83
81, 88
81, 85
81, 89
81, 86
21, 25
21, 29
21, 28
21, 26
21, 30
21, 23
21, 24
21, 22
21, 27
61, 65
61, 66
61, 70
61, 64
61, 68
61, 63
61, 69
61, 67
61, 62
51, 52
51, 57
51, 54
51, 56
51, 53
51, 59
51, 60
51, 55
51, 58
5, 38
5, 18
5, 6
5, 60
5, 46
5, 48
5, 28
5, 12
5, 27
38, 40
38, 41
38, 72
38, 39
38, 43
38, 45
38, 44
38, 2
38, 42
18, 24
18, 25
18, 1
18, 21
18, 23
18, 58
18, 22
18, 19
18, 20
6, 11
6, 10
6, 9
6, 3
6, 8
6, 7
6, 4
6, 61
6, 63
60, 69
60, 70
60, 64
60, 62
60, 71
60, 65
60, 66
60, 67
60, 68
46, 48
46, 73
46, 47
46, 59
46, 56
46, 74
46, 54
46, 57
46, 55
48, 73
48, 59
48, 50
48, 52
48, 74
48, 49
48, 51
48, 75
48, 53
28, 32
28, 31
28, 36
28, 33
28, 30
28, 34
28, 35
28, 29
28, 76
12, 18
12, 14
12, 17
12, 13
12, 24
12, 26
12, 1
12, 15
12, 16
27, 37
11, 19
11, 14
11, 25
11, 21
11, 22
11, 20
11, 24
11, 13
11, 32
19, 10
19, 22
14, 16
14, 18
14, 17
14, 15
14, 4
14, 2
14, 36
14, 6
14, 3
25, 30
25, 27
25, 26
25, 13
25, 31
25, 12
25, 28
25, 29
25, 39
21, 7
21, 8
21, 9
21, 5
21, 40
21, 23
22, 19
22, 10
22, 17
22, 16
20, 35
20, 34
20, 1
20, 38
20, 37
32, 33
1, 72
1, 52
1, 12
1, 82
1, 62
1, 42
1, 2
1, 22
1, 32
72, 76
72, 75
72, 77
72, 78
72, 73
72, 81
72, 79
72, 80
72, 74
52, 54
52, 57
52, 56
52, 59
52, 61
52, 55
52, 60
52, 58
52, 53
12, 19
12, 13
12, 18
12, 20
12, 16
12, 17
12, 15
12, 14
12, 21
82, 86
82, 90
82, 84
82, 87
82, 88
82, 83
82, 89
82, 85
82, 91
62, 71
62, 65
62, 69
62, 66
62, 63
62, 67
62, 68
62, 70
62, 64
42, 50
42, 43
42, 44
42, 47
42, 48
42, 46
42, 51
42, 49
42, 45
2, 4
2, 11
2, 10
2, 6
2, 7
2, 9
2, 3
2, 5
2, 8
22, 24
22, 25
22, 23
22, 27
22, 29
22, 26
22, 31
22, 28
22, 30
32, 41
32, 39
32, 40
32, 33
32, 35
32, 37
32, 38
32, 34
32, 36
15, 54
15, 42
15, 57
15, 32
15, 16
15, 30
15, 39
15, 47
15, 27
54, 57
54, 65
54, 60
54, 61
54, 66
54, 63
54, 62
54, 56
54, 55
42, 45
42, 44
42, 14
42, 43
42, 69
42, 46
42, 73
42, 71
42, 10
57, 58
57, 59
57, 1
57, 7
57, 11
57, 6
57, 5
57, 72
57, 8
32, 34
32, 74
32, 33
32, 13
32, 67
32, 2
16, 23
16, 19
16, 20
16, 22
16, 17
16, 21
16, 25
16, 24
16, 18
30, 42
30, 32
30, 39
30, 31
30, 37
30, 36
30, 34
30, 38
30, 35
39, 68
39, 41
39, 40
47, 49
47, 52
47, 53
47, 50
47, 48
47, 51
47, 70
47, 9
47, 26
27, 29
27, 28
27, 75
27, 12
27, 3
27, 64
27, 4
11, 42
11, 74
11, 32
11, 12
11, 79
11, 52
11, 1
11, 89
11, 22
11, 62
42, 44
42, 47
42, 46
42, 49
42, 51
42, 45
42, 50
42, 48
42, 43
74, 76
74, 75
74, 77
74, 98
74, 78
74, 72
74, 73
74, 100
32, 40
32, 33
32, 34
32, 37
32, 38
32, 36
32, 41
32, 39
32, 35
12, 16
12, 17
12, 20
12, 13
12, 14
12, 18
12, 19
12, 15
12, 21
79, 86
79, 80
79, 81
79, 85
79, 87
79, 88
79, 84
79, 82
79, 83
52, 54
52, 59
52, 61
52, 56
52, 53
52, 60
52, 55
52, 57
52, 58
1, 4
1, 3
1, 7
1, 5
1, 2
1, 9
1, 10
1, 6
1, 8
89, 97
89, 91
89, 90
89, 96
89, 92
89, 94
89, 93
89, 99
89, 95
22, 25
22, 30
22, 31
22, 24
22, 23
22, 26
22, 27
22, 29
22, 28
62, 68
62, 63
62, 64
62, 65
62, 69
62, 67
62, 66
62, 70
62, 71
2, 44
2, 55
2, 32
2, 27
2, 39
2, 3
2, 16
2, 67
2, 61
44, 47
44, 52
44, 53
44, 51
44, 50
44, 49
44, 46
44, 54
44, 45
55, 61
55, 65
55, 59
55, 56
55, 63
55, 66
55, 58
55, 60
55, 57
32, 39
32, 33
32, 34
32, 35
32, 36
32, 43
32, 37
32, 42
32, 38
27, 28
27, 30
27, 29
27, 31
27, 14
27, 15
39, 40
39, 82
39, 41
39, 13
39, 80
39, 78
39, 1
39, 81
3, 7
3, 11
3, 5
3, 10
3, 12
3, 8
3, 9
3, 4
3, 6
16, 21
16, 23
16, 22
16, 17
16, 19
16, 79
16, 24
16, 20
16, 18
67, 73
67, 69
67, 74
67, 72
67, 76
67, 71
67, 75
67, 68
67, 70
61, 63
61, 64
61, 62
61, 47
61, 26
61, 83
61, 25
61, 48
61, 77
1, 2
1, 11
1, 22
1, 44
1, 54
1, 73
1, 3
1, 29
1, 56
2, 11
2, 22
2, 3
2, 29
2, 8
2, 41
2, 21
2, 42
2, 43
11, 17
11, 18
11, 15
11, 12
11, 20
11, 13
11, 16
11, 19
11, 14
22, 29
22, 23
22, 27
22, 26
22, 24
22, 28
22, 39
22, 40
22, 25
44, 49
44, 52
44, 45
44, 53
44, 50
44, 47
44, 48
44, 51
44, 46
54, 56
54, 66
54, 67
54, 72
54, 55
54, 71
54, 70
54, 69
54, 68
73, 80
73, 74
73, 79
73, 81
73, 77
73, 76
73, 75
73, 78
73, 82
3, 11
3, 21
3, 8
3, 4
3, 9
3, 6
3, 7
3, 10
3, 5
29, 35
29, 36
29, 30
29, 34
29, 32
29, 33
29, 37
29, 38
29, 31
56, 61
56, 58
56, 59
56, 63
56, 65
56, 64
56, 57
56, 62
56, 60
19, 39
19, 60
19, 48
19, 55
19, 72
19, 27
19, 20
19, 53
19, 25
39, 40
39, 41
39, 15
39, 45
39, 44
39, 43
39, 46
39, 47
39, 42
60, 69
60, 64
60, 68
60, 63
60, 61
60, 66
60, 65
60, 62
60, 67
48, 53
48, 55
48, 58
48, 57
48, 50
48, 51
48, 52
48, 59
48, 56
55, 9
55, 7
55, 8
55, 4
55, 13
55, 10
55, 3
55, 16
55, 49
72, 75
72, 73
72, 38
72, 76
72, 74
72, 36
72, 2
72, 71
72, 70
27, 32
27, 29
27, 28
27, 35
27, 30
27, 33
27, 34
27, 31
27, 12
20, 22
20, 23
20, 24
20, 21
20, 17
20, 5
20, 1
20, 11
20, 37
53, 54
53, 18
53, 14
53, 6
25, 26
9, 20
9, 30
9, 42
9, 10
9, 62
9, 73
9, 52
9, 32
9, 72
20, 24
20, 29
20, 22
20, 21
20, 25
20, 26
20, 27
20, 28
20, 23
30, 32
30, 36
30, 31
30, 40
30, 38
30, 37
30, 39
30, 35
30, 34
42, 47
42, 50
42, 51
42, 48
42, 46
42, 45
42, 44
42, 49
42, 43
10, 17
10, 15
10, 12
10, 19
10, 11
10, 14
10, 13
10, 16
10, 18
62, 69
62, 67
62, 68
62, 70
62, 65
62, 64
62, 63
62, 71
62, 66
73, 76
73, 81
73, 79
73, 78
73, 80
73, 75
73, 77
73, 74
73, 82
52, 53
52, 56
52, 60
52, 55
52, 54
52, 57
52, 58
52, 61
52, 59
32, 33
32, 41
32, 8
32, 5
32, 4
32, 1
32, 7
32, 2
32, 6
72, 73
72, 86
72, 85
72, 87
72, 84
72, 83
72, 88
72, 3
72, 89
35, 25
35, 42
35, 57
35, 72
35, 15
35, 68
35, 37
35, 50
35, 56
35, 52
25, 27
25, 30
25, 32
25, 34
25, 28
25, 31
25, 29
25, 26
25, 33
42, 52
42, 50
42, 49
42, 47
42, 46
42, 45
42, 48
42, 44
42, 43
57, 64
57, 60
57, 66
57, 59
57, 61
57, 63
57, 65
57, 58
57, 62
72, 74
72, 73
72, 79
72, 77
72, 4
72, 80
15, 18
15, 21
15, 19
15, 23
15, 24
15, 20
15, 22
15, 17
15, 16
68, 3
68, 69
68, 71
68, 70
68, 1
68, 76
68, 6
68, 67
68, 14
37, 38
37, 41
37, 40
37, 39
37, 55
37, 54
50, 52
50, 2
50, 75
50, 51
50, 53
50, 36
50, 49
56, 10
56, 78
56, 13
56, 9
56, 7
56, 5
56, 12
56, 11
56, 8
1, 32
1, 42
1, 80
1, 22
1, 52
1, 83
1, 12
1, 2
1, 60
1, 70
32, 38
32, 35
32, 34
32, 33
32, 39
32, 41
32, 36
32, 37
32, 40
42, 45
42, 46
42, 50
42, 43
42, 44
42, 47
42, 48
42, 51
42, 49
80, 83
80, 98
80, 93
80, 97
80, 82
80, 81
80, 94
80, 95
80, 96
22, 27
22, 28
22, 25
22, 24
22, 23
22, 30
22, 26
22, 31
22, 29
52, 60
52, 59
52, 57
52, 56
52, 58
52, 55
52, 54
52, 53
52, 64
83, 92
83, 84
83, 88
83, 89
83, 91
83, 86
83, 90
83, 87
83, 85
12, 21
12, 14
12, 15
12, 16
12, 18
12, 17
12, 19
12, 20
12, 13
2, 8
2, 9
2, 3
2, 10
2, 5
2, 6
2, 4
2, 7
2, 11
60, 64
60, 62
60, 67
60, 68
60, 63
60, 65
60, 61
60, 69
60, 66
70, 72
70, 73
70, 77
70, 75
70, 79
70, 78
70, 76
70, 74
70, 71
1, 28
1, 12
1, 37
1, 18
1, 2
1, 66
1, 56
1, 46
1, 79
28, 32
28, 36
28, 33
28, 35
28, 30
28, 34
28, 77
28, 29
28, 31
12, 13
12, 14
12, 59
12, 17
12, 15
12, 70
12, 16
12, 76
12, 89
37, 45
37, 43
37, 40
37, 42
37, 38
37, 41
37, 78
37, 44
37, 39
18, 27
18, 26
18, 21
18, 24
18, 19
18, 23
18, 25
18, 20
18, 22
2, 3
2, 10
2, 11
2, 8
2, 4
2, 6
2, 7
2, 5
2, 9
66, 70
66, 72
66, 74
66, 67
66, 73
66, 71
66, 69
66, 75
66, 68
56, 60
56, 59
56, 63
56, 61
56, 57
56, 64
56, 62
56, 58
56, 65
46, 48
46, 49
46, 50
46, 47
46, 54
46, 52
46, 53
46, 55
46, 51
79, 88
79, 81
79, 86
79, 82
79, 84
79, 87
79, 83
79, 80
79, 85
41, 36
41, 45
41, 48
41, 46
41, 42
41, 43
41, 18
41, 44
41, 6
36, 39
36, 37
36, 40
36, 38
36, 52
36, 53
36, 2
36, 34
36, 17
45, 34
45, 17
48, 12
48, 40
48, 31
48, 35
48, 51
46, 47
46, 28
46, 27
46, 29
46, 30
42, 14
42, 33
42, 3
42, 32
42, 7
43, 8
43, 23
43, 24
43, 25
43, 26
18, 19
18, 20
18, 21
18, 16
18, 50
18, 49
18, 1
18, 15
18, 22
44, 38
6, 12
6, 10
6, 4
6, 9
6, 11
6, 7
6, 8
6, 5
6, 13
8, 39
8, 36
8, 9
8, 26
8, 47
8, 17
8, 45
8, 54
8, 64
39, 40
39, 80
39, 42
39, 41
39, 81
39, 6
39, 3
39, 2
39, 1
36, 39
36, 43
36, 80
36, 79
36, 37
36, 44
36, 40
36, 38
36, 5
9, 16
9, 83
9, 14
9, 4
9, 11
9, 15
9, 10
9, 12
9, 13
26, 35
26, 33
26, 29
26, 30
26, 31
26, 28
26, 32
26, 34
26, 27
47, 52
47, 51
47, 53
47, 50
47, 75
47, 49
47, 74
47, 48
47, 77
17, 25
17, 20
17, 24
17, 19
17, 84
17, 22
17, 21
17, 23
17, 18
45, 76
45, 46
45, 82
45, 7
45, 78
54, 60
54, 55
54, 58
54, 61
54, 63
54, 59
54, 62
54, 57
54, 56
64, 72
64, 67
64, 70
64, 68
64, 69
64, 65
64, 71
64, 66
64, 73
26, 28
26, 29
26, 27
26, 36
26, 39
26, 35
26, 40
26, 31
26, 32
28, 7
28, 3
28, 41
28, 37
28, 2
28, 16
28, 20
28, 43
28, 17
29, 30
29, 12
29, 15
29, 14
29, 25
27, 10
27, 1
27, 22
35, 38
40, 8
31, 28
31, 24
31, 11
31, 42
31, 9
31, 18
31, 34
32, 33
32, 19
32, 5
32, 4
32, 20
32, 6
32, 13
32, 21
32, 23
12, 31
12, 35
12, 14
12, 22
12, 18
12, 13
12, 25
12, 21
12, 17
31, 3
31, 33
31, 32
31, 34
31, 40
31, 36
14, 16
14, 15
14, 5
14, 11
14, 9
22, 23
22, 4
22, 6
22, 41
22, 1
22, 42
22, 2
18, 19
18, 20
18, 43
18, 45
18, 44
18, 7
13, 8
13, 10
13, 46
25, 27
25, 30
25, 29
25, 28
25, 26
25, 24
21, 38
21, 37
21, 39
3, 47
3, 76
3, 4
3, 36
3, 48
3, 8
3, 20
3, 30
3, 66
47, 48
47, 61
47, 58
47, 65
47, 60
47, 64
47, 63
47, 59
47, 62
76, 81
76, 80
76, 85
76, 78
76, 79
76, 84
76, 83
76, 77
76, 82
4, 8
4, 18
4, 19
4, 14
4, 6
4, 7
4, 1
4, 5
4, 17
36, 41
36, 42
36, 45
36, 37
36, 39
36, 40
36, 38
36, 43
36, 44
48, 51
48, 55
48, 54
48, 56
48, 53
48, 49
48, 52
48, 50
48, 57
8, 14
8, 13
8, 16
8, 10
8, 9
8, 2
8, 15
8, 11
8, 12
20, 28
20, 24
20, 29
20, 22
20, 26
20, 25
20, 23
20, 21
20, 27
30, 36
30, 33
30, 34
30, 35
30, 41
30, 46
30, 32
30, 42
30, 31
66, 73
66, 69
66, 75
66, 71
66, 74
66, 72
66, 70
66, 67
66, 68
1, 33
1, 11
1, 75
1, 46
1, 21
1, 65
1, 31
1, 55
1, 85
1, 2
33, 36
33, 39
33, 38
33, 34
33, 42
33, 41
33, 35
33, 37
33, 40
11, 12
11, 16
11, 18
11, 17
11, 15
11, 20
11, 19
11, 13
11, 14
75, 79
75, 76
75, 80
75, 77
75, 83
75, 82
75, 81
75, 84
75, 78
46, 55
46, 51
46, 50
46, 52
46, 54
46, 53
46, 49
46, 48
46, 47
21, 27
21, 26
21, 30
21, 22
21, 28
21, 29
21, 24
21, 25
21, 23
65, 73
65, 72
65, 69
65, 68
65, 67
65, 70
65, 74
65, 66
65, 71
31, 33
31, 45
31, 32
31, 43
31, 36
31, 39
31, 38
31, 34
31, 44
55, 61
55, 60
55, 57
55, 58
55, 63
55, 62
55, 59
55, 56
55, 64
85, 91
85, 92
85, 86
85, 89
85, 93
85, 90
85, 87
85, 94
85, 88
2, 11
2, 3
2, 5
2, 8
2, 9
2, 10
2, 4
2, 6
2, 7
2, 34
2, 21
2, 3
2, 57
2, 47
2, 85
2, 24
2, 61
2, 10
2, 75
34, 39
34, 36
34, 43
34, 37
34, 38
34, 41
34, 40
34, 35
34, 42
21, 34
21, 24
21, 39
21, 23
21, 22
21, 46
21, 36
21, 44
21, 45
3, 10
3, 20
3, 12
3, 9
3, 7
3, 5
3, 4
3, 6
3, 8
57, 61
57, 70
57, 60
57, 72
57, 59
57, 58
57, 73
57, 71
57, 74
47, 48
47, 52
47, 49
47, 55
47, 50
47, 56
47, 51
47, 54
47, 53
85, 89
85, 87
85, 91
85, 88
85, 86
85, 93
85, 90
85, 92
85, 94
24, 32
24, 31
24, 28
24, 27
24, 25
24, 26
24, 29
24, 30
24, 33
61, 67
61, 69
61, 1
61, 63
61, 62
61, 65
61, 68
61, 64
61, 66
10, 12
10, 18
10, 19
10, 13
10, 15
10, 11
10, 16
10, 14
10, 17
75, 79
75, 82
75, 83
75, 77
75, 81
75, 80
75, 76
75, 84
75, 78
1, 43
1, 12
1, 41
1, 18
1, 67
1, 2
1, 87
1, 77
1, 57
1, 31
43, 48
43, 49
43, 46
43, 52
43, 50
43, 47
43, 44
43, 51
43, 45
12, 18
12, 16
12, 30
12, 17
12, 13
12, 14
12, 15
12, 28
12, 29
41, 43
41, 48
41, 53
41, 49
41, 46
41, 55
41, 54
41, 56
41, 42
18, 19
18, 27
18, 24
18, 26
18, 25
18, 21
18, 23
18, 20
18, 22
67, 70
67, 73
67, 76
67, 69
67, 72
67, 68
67, 75
67, 71
67, 74
2, 8
2, 4
2, 10
2, 11
2, 3
2, 6
2, 7
2, 9
2, 5
87, 94
87, 89
87, 91
87, 92
87, 90
87, 93
87, 95
87, 96
87, 88
77, 84
77, 82
77, 78
77, 85
77, 81
77, 80
77, 83
77, 86
77, 79
57, 64
57, 63
57, 59
57, 58
57, 66
57, 60
57, 65
57, 61
57, 62
31, 33
31, 37
31, 34
31, 36
31, 40
31, 39
31, 38
31, 32
31, 35
20, 35
20, 21
20, 24
20, 59
20, 45
20, 41
20, 47
20, 40
20, 39
20, 53
35, 45
35, 41
35, 47
35, 40
35, 39
35, 48
35, 51
35, 36
35, 44
21, 24
21, 29
21, 34
21, 22
21, 31
21, 32
21, 30
21, 23
21, 33
24, 28
24, 25
24, 27
24, 17
24, 26
24, 19
24, 1
59, 60
59, 64
59, 66
59, 62
59, 67
59, 61
59, 65
59, 63
59, 68
45, 46
45, 12
45, 15
45, 16
45, 14
45, 5
41, 43
41, 42
41, 18
41, 55
41, 11
47, 38
47, 37
47, 6
47, 50
47, 9
47, 2
47, 49
47, 8
40, 10
40, 4
39, 51
39, 7
39, 52
39, 13
39, 3
53, 57
53, 56
53, 58
53, 54
1, 73
1, 43
1, 23
1, 39
1, 58
1, 2
1, 61
1, 12
1, 85
1, 22
73, 81
73, 79
73, 77
73, 78
73, 76
73, 75
73, 80
73, 82
73, 74
43, 48
43, 49
43, 52
43, 46
43, 45
43, 50
43, 47
43, 44
43, 51
23, 27
23, 29
23, 32
23, 30
23, 25
23, 31
23, 28
23, 24
23, 26
39, 43
39, 53
39, 54
39, 55
39, 40
39, 56
39, 57
39, 42
39, 41
58, 73
58, 61
58, 72
58, 60
58, 59
58, 83
58, 71
58, 84
58, 81
2, 10
2, 5
2, 9
2, 11
2, 3
2, 6
2, 7
2, 8
2, 4
61, 66
61, 65
61, 64
61, 62
61, 68
61, 67
61, 63
61, 69
61, 70
12, 17
12, 20
12, 15
12, 21
12, 13
12, 18
12, 19
12, 16
12, 14
85, 91
85, 89
85, 88
85, 86
85, 90
85, 87
85, 92
85, 94
85, 93
22, 23
22, 34
22, 35
22, 33
22, 37
22, 38
22, 27
22, 36
22, 29
1, 22
1, 40
1, 60
1, 66
1, 76
1, 50
1, 23
1, 2
1, 12
1, 79
22, 23
22, 33
22, 34
22, 37
22, 38
22, 35
22, 36
22, 26
22, 39
40, 43
40, 42
40, 45
40, 41
40, 46
40, 48
40, 49
40, 44
40, 47
60, 76
60, 66
60, 79
60, 78
60, 62
60, 64
60, 63
60, 65
60, 61
66, 74
66, 72
66, 67
66, 70
66, 69
66, 68
66, 73
66, 75
66, 71
76, 78
76, 79
76, 77
76, 93
76, 94
76, 92
76, 91
76, 89
76, 90
50, 55
50, 54
50, 58
50, 59
50, 52
50, 57
50, 53
50, 56
50, 51
23, 25
23, 26
23, 29
23, 27
23, 30
23, 32
23, 28
23, 31
23, 24
2, 10
2, 9
2, 5
2, 11
2, 6
2, 3
2, 8
2, 7
2, 4
12, 15
12, 17
12, 19
12, 21
12, 16
12, 14
12, 13
12, 18
12, 20
79, 82
79, 88
79, 84
79, 81
79, 86
79, 83
79, 85
79, 87
79, 80
1, 22
1, 62
1, 42
1, 52
1, 72
1, 12
1, 32
1, 82
1, 2
22, 30
22, 27
22, 24
22, 31
22, 28
22, 29
22, 25
22, 26
22, 23
62, 70
62, 71
62, 68
62, 63
62, 69
62, 66
62, 65
62, 64
62, 67
42, 47
42, 51
42, 48
42, 44
42, 49
42, 46
42, 43
42, 50
42, 45
52, 53
52, 55
52, 54
52, 58
52, 56
52, 60
52, 59
52, 61
52, 57
72, 75
72, 80
72, 77
72, 74
72, 79
72, 73
72, 76
72, 81
72, 78
12, 20
12, 19
12, 15
12, 17
12, 14
12, 18
12, 13
12, 21
12, 16
32, 40
32, 38
32, 35
32, 41
32, 34
32, 36
32, 33
32, 39
32, 37
82, 87
82, 86
82, 89
82, 85
82, 84
82, 88
82, 91
82, 83
82, 90
2, 7
2, 6
2, 4
2, 3
2, 8
2, 9
2, 11
2, 10
2, 5
11, 22
11, 77
11, 59
11, 47
11, 50
11, 32
11, 17
11, 12
11, 43
22, 24
22, 28
22, 27
22, 29
22, 31
22, 26
22, 30
22, 23
22, 25
77, 82
77, 80
77, 78
77, 79
77, 85
77, 84
77, 83
77, 73
77, 81
59, 62
59, 61
59, 69
59, 63
59, 60
59, 71
59, 75
59, 10
59, 76
47, 59
47, 50
47, 49
47, 48
47, 55
47, 56
47, 58
47, 57
47, 54
50, 51
50, 52
50, 53
50, 68
50, 72
50, 9
50, 70
50, 66
50, 74
32, 43
32, 42
32, 39
32, 36
32, 35
32, 34
32, 37
32, 41
32, 46
17, 20
17, 18
17, 21
17, 19
17, 65
17, 7
17, 8
17, 3
17, 6
12, 14
12, 13
12, 16
12, 15
12, 5
12, 1
12, 2
12, 4
12, 64
43, 35
43, 45
43, 44
43, 67
43, 38
43, 40
43, 33
2, 23
2, 57
2, 3
2, 33
2, 50
2, 13
2, 59
2, 39
2, 66
23, 31
23, 26
23, 25
23, 30
23, 32
23, 28
23, 24
23, 27
23, 29
57, 59
57, 80
57, 62
57, 61
57, 58
57, 64
57, 60
57, 65
57, 63
3, 9
3, 7
3, 6
3, 5
3, 8
3, 12
3, 11
3, 4
3, 10
33, 39
33, 37
33, 47
33, 49
33, 38
33, 36
33, 35
33, 48
33, 34
50, 51
50, 77
50, 55
50, 56
50, 54
50, 84
50, 85
50, 53
50, 52
13, 18
13, 20
13, 22
13, 21
13, 19
13, 15
13, 14
13, 17
13, 16
59, 60
59, 81
59, 79
59, 86
59, 88
59, 78
59, 76
59, 87
59, 82
39, 44
39, 41
39, 45
39, 46
39, 75
39, 40
39, 42
39, 43
39, 1
66, 70
66, 69
66, 83
66, 74
66, 67
66, 68
66, 72
66, 71
66, 73
1, 39
1, 4
1, 55
1, 42
1, 2
1, 14
1, 25
1, 68
1, 76
1, 38
39, 55
39, 42
39, 53
39, 51
39, 54
39, 41
39, 52
39, 40
39, 58
4, 11
4, 8
4, 9
4, 5
4, 12
4, 13
4, 6
4, 7
4, 10
55, 58
55, 63
55, 56
55, 59
55, 62
55, 64
55, 57
55, 61
55, 60
42, 43
42, 45
42, 46
42, 44
42, 48
42, 50
42, 47
42, 87
42, 49
2, 4
2, 14
2, 25
2, 36
2, 35
2, 17
2, 3
2, 24
2, 37
14, 17
14, 21
14, 22
14, 18
14, 23
14, 16
14, 20
14, 19
14, 15
25, 31
25, 26
25, 29
25, 30
25, 27
25, 28
25, 33
25, 32
25, 34
68, 76
68, 75
68, 74
68, 86
68, 73
68, 69
68, 72
68, 71
68, 70
76, 85
76, 84
76, 78
76, 81
76, 77
76, 80
76, 79
76, 82
76, 83
38, 39
38, 55
38, 42
38, 53
38, 51
38, 54
38, 66
38, 65
38, 67
1, 2
1, 40
1, 50
1, 60
1, 5
1, 80
1, 90
1, 70
1, 30
1, 21
2, 5
2, 20
2, 15
2, 16
2, 19
2, 3
2, 17
2, 4
2, 18
40, 49
40, 48
40, 42
40, 41
40, 44
40, 46
40, 47
40, 45
40, 43
50, 58
50, 57
50, 55
50, 52
50, 51
50, 54
50, 59
50, 56
50, 53
60, 63
60, 64
60, 65
60, 68
60, 66
60, 62
60, 69
60, 61
60, 67
5, 11
5, 14
5, 13
5, 9
5, 7
5, 8
5, 10
5, 12
5, 6
80, 83
80, 87
80, 85
80, 88
80, 84
80, 86
80, 89
80, 82
80, 81
90, 96
90, 92
90, 97
90, 95
90, 91
90, 93
90, 94
90, 99
90, 98
70, 71
70, 75
70, 73
70, 72
70, 79
70, 74
70, 76
70, 78
70, 77
30, 34
30, 33
30, 35
30, 36
30, 38
30, 32
30, 31
30, 39
30, 37
21, 27
21, 29
21, 22
21, 100
21, 28
21, 25
21, 26
21, 24
21, 23
1, 2
1, 66
1, 12
1, 22
1, 20
1, 52
1, 61
1, 40
1, 33
2, 9
2, 7
2, 6
2, 11
2, 4
2, 10
2, 5
2, 8
2, 3
66, 70
66, 73
66, 74
66, 68
66, 75
66, 71
66, 72
66, 69
66, 67
12, 78
12, 19
12, 18
12, 15
12, 13
12, 14
12, 17
12, 16
12, 79
22, 30
22, 29
22, 25
22, 31
22, 27
22, 28
22, 23
22, 26
22, 24
20, 22
20, 30
20, 25
20, 29
20, 21
20, 28
20, 27
20, 32
20, 31
52, 55
52, 56
52, 57
52, 54
52, 60
52, 58
52, 80
52, 59
52, 53
61, 66
61, 70
61, 73
61, 64
61, 63
61, 76
61, 62
61, 77
61, 65
40, 45
40, 41
40, 49
40, 46
40, 43
40, 42
40, 44
40, 47
40, 48
33, 40
33, 50
33, 51
33, 37
33, 39
33, 35
33, 34
33, 38
33, 36
1, 37
1, 22
1, 12
1, 2
1, 74
1, 64
1, 48
1, 23
1, 58
37, 46
37, 43
37, 42
37, 38
37, 40
37, 45
37, 39
37, 41
37, 44
22, 37
22, 48
22, 23
22, 34
22, 36
22, 33
22, 35
22, 47
22, 25
12, 15
12, 19
12, 14
12, 17
12, 20
12, 13
12, 21
12, 18
12, 16
2, 10
2, 8
2, 6
2, 5
2, 7
2, 3
2, 11
2, 9
2, 4
74, 81
74, 76
74, 78
74, 77
74, 79
74, 83
74, 80
74, 82
74, 75
64, 69
64, 65
64, 72
64, 71
64, 70
64, 68
64, 66
64, 67
64, 73
48, 55
48, 50
48, 49
48, 54
48, 56
48, 53
48, 51
48, 52
48, 57
23, 25
23, 29
23, 26
23, 28
23, 27
23, 31
23, 32
23, 24
23, 30
58, 74
58, 64
58, 62
58, 81
58, 59
58, 60
58, 61
58, 63
58, 69
6, 20
6, 54
6, 34
6, 63
6, 72
6, 23
6, 13
6, 7
6, 45
20, 54
20, 34
20, 63
20, 23
20, 45
20, 51
20, 50
20, 62
20, 52
54, 60
54, 58
54, 56
54, 61
54, 55
54, 57
54, 59
54, 53
54, 67
34, 40
34, 39
34, 37
34, 36
34, 35
34, 42
34, 43
34, 41
34, 38
63, 65
63, 64
63, 68
63, 70
63, 21
63, 44
63, 69
63, 22
72, 73
72, 11
72, 74
72, 76
72, 3
72, 66
23, 24
23, 33
23, 26
23, 29
23, 31
23, 32
23, 25
23, 30
23, 28
13, 19
13, 15
13, 16
13, 14
13, 18
13, 17
13, 12
13, 2
13, 1
7, 9
7, 10
7, 71
7, 8
7, 5
7, 4
7, 75
45, 46
45, 48
45, 28
45, 49
45, 47
45, 27
18, 38
18, 23
18, 19
18, 30
18, 45
18, 36
18, 22
18, 37
18, 33
38, 45
38, 46
38, 40
38, 39
38, 44
38, 42
38, 41
38, 43
38, 4
23, 30
23, 28
23, 25
23, 27
23, 26
23, 32
23, 24
23, 29
23, 31
19, 20
19, 50
19, 6
19, 49
19, 51
19, 3
19, 48
19, 13
30, 14
30, 11
30, 47
45, 8
45, 5
45, 10
22, 16
22, 15
22, 17
22, 21
37, 12
37, 2
33, 34
33, 35
33, 9
33, 53
33, 54
33, 7
33, 52
33, 55
33, 1
1, 2
1, 23
1, 61
1, 71
1, 33
1, 12
1, 53
1, 43
1, 81
2, 5
2, 6
2, 8
2, 11
2, 3
2, 10
2, 7
2, 4
2, 9
23, 26
23, 28
23, 27
23, 32
23, 29
23, 31
23, 24
23, 30
23, 25
61, 70
61, 67
61, 64
61, 66
61, 68
61, 62
61, 69
61, 65
61, 63
71, 72
71, 78
71, 79
71, 75
71, 76
71, 77
71, 74
71, 80
71, 73
33, 40
33, 35
33, 34
33, 38
33, 41
33, 39
33, 37
33, 42
33, 36
12, 14
12, 16
12, 17
12, 13
12, 15
12, 20
12, 18
12, 19
53, 57
53, 54
53, 55
53, 60
53, 21
53, 56
53, 58
53, 22
53, 59
43, 45
43, 44
43, 50
43, 51
43, 48
43, 49
43, 47
43, 46
43, 52
81, 86
81, 82
81, 87
81, 85
81, 84
81, 83
81, 89
81, 88
81, 90
1, 67
1, 32
1, 60
1, 77
1, 12
1, 40
1, 50
1, 22
1, 2
67, 74
67, 72
67, 70
67, 69
67, 76
67, 75
67, 71
67, 73
67, 68
32, 40
32, 34
32, 37
32, 45
32, 33
32, 35
32, 38
32, 36
32, 39
60, 67
60, 61
60, 62
60, 74
60, 66
60, 63
60, 64
60, 65
60, 72
77, 78
77, 83
77, 85
77, 80
77, 86
77, 84
77, 82
77, 79
77, 81
12, 13
12, 20
12, 15
12, 16
12, 19
12, 18
12, 14
12, 21
12, 17
40, 45
40, 41
40, 42
40, 43
40, 49
40, 48
40, 44
40, 47
40, 46
50, 57
50, 58
50, 59
50, 53
50, 54
50, 56
50, 52
50, 51
50, 55
22, 25
22, 30
22, 27
22, 29
22, 23
22, 28
22, 26
22, 24
22, 31
2, 6
2, 9
2, 8
2, 7
2, 4
2, 5
2, 11
2, 10
2, 3
1, 22
1, 52
1, 92
1, 32
1, 72
1, 12
1, 82
1, 62
1, 2
1, 42
22, 26
22, 29
22, 28
22, 25
22, 30
22, 31
22, 24
22, 23
22, 27
52, 58
52, 57
52, 55
52, 59
52, 61
52, 60
52, 54
52, 56
52, 53
92, 96
92, 97
92, 98
92, 101
92, 93
92, 100
92, 94
92, 99
92, 95
32, 36
32, 40
32, 35
32, 39
32, 41
32, 38
32, 34
32, 37
32, 33
72, 78
72, 75
72, 81
72, 79
72, 77
72, 73
72, 76
72, 74
72, 80
12, 19
12, 20
12, 18
12, 16
12, 17
12, 21
12, 14
12, 13
12, 15
82, 84
82, 89
82, 86
82, 83
82, 91
82, 90
82, 85
82, 87
82, 88
62, 66
62, 71
62, 64
62, 70
62, 67
62, 65
62, 63
62, 68
62, 69
2, 9
2, 8
2, 10
2, 3
2, 5
2, 4
2, 6
2, 7
2, 11
42, 46
42, 45
42, 49
42, 48
42, 44
42, 43
42, 50
42, 47
42, 51
1, 56
1, 84
1, 22
1, 45
1, 69
1, 12
1, 66
1, 2
1, 32
1, 35
56, 64
56, 61
56, 62
56, 58
56, 65
56, 63
56, 57
56, 60
56, 59
84, 86
84, 88
84, 89
84, 85
84, 90
84, 92
84, 93
84, 91
84, 87
22, 30
22, 24
22, 29
22, 28
22, 31
22, 23
22, 26
22, 27
22, 25
45, 49
45, 53
45, 47
45, 52
45, 51
45, 48
45, 50
45, 46
45, 54
69, 77
69, 75
69, 78
69, 70
69, 72
69, 74
69, 76
69, 73
69, 71
12, 14
12, 13
12, 18
12, 21
12, 19
12, 17
12, 16
12, 20
12, 15
66, 69
66, 79
66, 68
66, 77
66, 82
66, 80
66, 83
66, 67
66, 81
2, 8
2, 7
2, 6
2, 3
2, 10
2, 5
2, 9
2, 4
2, 11
32, 45
32, 35
32, 49
32, 55
32, 53
32, 34
32, 44
32, 52
32, 33
35, 44
35, 42
35, 38
35, 39
35, 40
35, 41
35, 43
35, 36
35, 37
14, 38
14, 34
14, 31
14, 15
14, 25
14, 57
14, 30
14, 4
14, 51
38, 45
38, 39
38, 42
38, 41
38, 44
38, 40
38, 46
38, 47
38, 43
34, 38
34, 51
34, 53
34, 52
34, 36
34, 49
34, 54
34, 35
34, 37
31, 32
31, 2
31, 62
31, 33
15, 21
15, 18
15, 19
15, 17
15, 22
15, 24
15, 23
15, 20
15, 16
25, 26
25, 29
25, 27
25, 28
25, 61
57, 59
57, 58
57, 60
57, 56
57, 1
4, 9
4, 11
4, 8
4, 13
4, 10
4, 7
4, 6
4, 5
4, 12
51, 48
51, 45
51, 55
51, 50
51, 3
24, 42
24, 14
24, 35
24, 29
24, 41
24, 33
24, 25
24, 28
24, 45
24, 26
42, 45
42, 47
42, 44
42, 43
42, 46
42, 8
42, 10
42, 4
42, 48
14, 23
14, 16
14, 17
14, 19
14, 15
14, 22
14, 18
14, 21
14, 20
35, 37
35, 36
35, 38
35, 32
29, 35
29, 33
29, 41
29, 39
29, 31
29, 36
29, 34
29, 40
29, 37
41, 36
41, 37
41, 39
41, 40
41, 2
41, 38
41, 30
41, 32
41, 1
33, 2
33, 38
33, 1
25, 26
25, 27
25, 3
25, 49
28, 13
28, 12
28, 9
28, 11
45, 6
45, 7
45, 5
2, 30
2, 28
2, 66
2, 76
2, 56
2, 18
2, 45
2, 13
2, 3
2, 86
30, 39
30, 35
30, 32
30, 38
30, 33
30, 36
30, 34
30, 37
30, 31
28, 30
28, 45
28, 40
28, 29
28, 41
28, 44
28, 55
28, 42
28, 43
66, 73
66, 75
66, 67
66, 71
66, 70
66, 69
66, 68
66, 72
66, 74
76, 85
76, 81
76, 84
76, 78
76, 80
76, 82
76, 83
76, 79
76, 77
56, 60
56, 62
56, 63
56, 61
56, 65
56, 57
56, 58
56, 64
56, 59
18, 19
18, 21
18, 22
18, 1
18, 26
18, 25
18, 20
18, 24
18, 23
45, 51
45, 48
45, 54
45, 53
45, 47
45, 46
45, 50
45, 49
45, 52
13, 18
13, 17
13, 27
13, 16
13, 19
13, 14
13, 21
13, 22
13, 15
3, 6
3, 9
3, 8
3, 5
3, 11
3, 10
3, 7
3, 12
3, 4
86, 94
86, 92
86, 95
86, 87
86, 91
86, 93
86, 88
86, 90
86, 89
1, 3
1, 15
1, 31
1, 64
1, 53
1, 41
1, 26
1, 51
1, 2
3, 12
3, 5
3, 10
3, 7
3, 6
3, 8
3, 4
3, 9
3, 11
15, 23
15, 19
15, 20
15, 24
15, 17
15, 16
15, 22
15, 21
15, 18
31, 35
31, 36
31, 37
31, 34
31, 33
31, 38
31, 39
31, 32
31, 40
64, 68
64, 72
64, 70
64, 71
64, 65
64, 73
64, 67
64, 69
64, 66
53, 57
53, 60
53, 58
53, 56
53, 54
53, 59
53, 62
53, 61
53, 55
41, 48
41, 45
41, 42
41, 46
41, 49
41, 47
41, 43
41, 50
41, 44
26, 31
26, 36
26, 35
26, 28
26, 30
26, 34
26, 29
26, 27
26, 33
51, 64
51, 53
51, 52
51, 74
51, 63
51, 57
51, 60
51, 72
51, 68
2, 3
2, 15
2, 23
2, 19
2, 12
2, 25
2, 14
2, 13
2, 10
3, 16
3, 26
3, 22
3, 36
3, 4
3, 6
3, 11
3, 38
3, 9
3, 8
16, 62
16, 17
16, 19
16, 64
16, 18
16, 65
16, 63
16, 1
16, 2
26, 30
26, 31
26, 35
26, 28
26, 27
26, 29
26, 33
26, 34
26, 32
22, 66
22, 70
22, 69
22, 25
22, 68
22, 24
22, 67
22, 23
22, 71
36, 79
36, 77
36, 74
36, 37
36, 72
36, 76
36, 75
36, 73
36, 78
4, 48
4, 51
4, 80
4, 54
4, 50
4, 52
4, 55
4, 53
4, 49
6, 56
6, 61
6, 81
6, 60
6, 57
6, 58
6, 5
6, 7
6, 59
11, 16
11, 13
11, 15
11, 20
11, 17
11, 19
11, 12
11, 21
11, 14
38, 46
38, 39
38, 41
38, 40
38, 43
38, 42
38, 45
38, 47
38, 44
9, 82
9, 10
3, 14
3, 31
3, 61
3, 75
3, 18
3, 51
3, 41
3, 64
3, 4
14, 31
14, 18
14, 17
14, 16
14, 30
14, 23
14, 15
14, 29
14, 28
31, 40
31, 38
31, 37
31, 34
31, 33
31, 36
31, 35
31, 39
31, 32
61, 75
61, 64
61, 73
61, 84
61, 74
61, 62
61, 78
61, 83
61, 63
75, 78
75, 79
75, 76
75, 82
75, 2
75, 85
75, 80
75, 77
75, 81
18, 23
18, 26
18, 21
18, 25
18, 22
18, 24
18, 20
18, 19
18, 27
51, 59
51, 57
51, 56
51, 58
51, 60
51, 54
51, 53
51, 55
51, 52
41, 47
41, 43
41, 46
41, 44
41, 42
41, 49
41, 50
41, 48
41, 45
64, 68
64, 72
64, 71
64, 1
64, 70
64, 65
64, 66
64, 69
64, 67
4, 6
4, 8
4, 5
4, 10
4, 13
4, 7
4, 9
4, 11
4, 12
1, 22
1, 47
1, 84
1, 68
1, 25
1, 36
1, 58
1, 71
1, 12
1, 2
22, 47
22, 36
22, 25
22, 24
22, 57
22, 23
22, 46
22, 35
22, 49
47, 49
47, 53
47, 50
47, 51
47, 56
47, 55
47, 54
47, 52
47, 48
84, 87
84, 86
84, 91
84, 88
84, 89
84, 85
84, 93
84, 90
84, 92
68, 84
68, 71
68, 70
68, 82
68, 81
68, 87
68, 69
68, 94
68, 83
25, 34
25, 29
25, 33
25, 31
25, 28
25, 27
25, 30
25, 32
25, 26
36, 44
36, 38
36, 45
36, 37
36, 41
36, 40
36, 42
36, 43
36, 39
58, 62
58, 63
58, 64
58, 65
58, 59
58, 61
58, 60
58, 67
58, 66
71, 79
71, 75
71, 72
71, 78
71, 74
71, 80
71, 76
71, 73
71, 77
12, 18
12, 19
12, 20
12, 17
12, 14
12, 21
12, 16
12, 13
12, 15
2, 10
2, 7
2, 4
2, 11
2, 9
2, 8
2, 3
2, 5
2, 6
26, 27
26, 53
26, 37
26, 80
26, 71
26, 3
26, 44
26, 61
26, 50
27, 32
27, 34
27, 36
27, 35
27, 29
27, 28
27, 31
27, 30
27, 33
53, 54
53, 57
53, 23
53, 60
53, 56
53, 59
53, 55
53, 20
53, 58
37, 41
37, 13
37, 42
37, 24
37, 14
37, 39
37, 43
37, 38
37, 40
80, 85
80, 87
80, 12
80, 83
80, 86
80, 84
80, 82
80, 88
80, 81
71, 79
71, 72
71, 75
71, 73
71, 78
71, 76
71, 11
71, 74
71, 77
3, 12
3, 11
3, 6
3, 10
3, 4
3, 5
3, 8
3, 9
3, 7
44, 46
44, 48
44, 47
44, 49
44, 45
44, 2
44, 15
44, 1
44, 89
61, 66
61, 63
61, 67
61, 64
61, 70
61, 62
61, 65
61, 68
61, 69
50, 21
50, 52
50, 17
50, 51
50, 22
50, 16
50, 19
50, 25
50, 18
6, 51
6, 7
6, 17
6, 40
6, 18
6, 29
6, 61
6, 39
6, 68
51, 52
51, 53
51, 60
51, 56
51, 54
51, 59
51, 55
51, 58
51, 57
7, 9
7, 13
7, 14
7, 8
7, 10
7, 11
7, 12
7, 15
7, 1
17, 51
17, 29
17, 40
17, 18
17, 39
17, 50
17, 28
17, 25
17, 33
40, 46
40, 44
40, 47
40, 48
40, 49
40, 45
40, 42
40, 41
40, 43
18, 25
18, 21
18, 22
18, 26
18, 27
18, 19
18, 24
18, 20
18, 23
29, 33
29, 32
29, 34
29, 31
29, 35
29, 37
29, 30
29, 36
29, 38
61, 68
61, 67
61, 66
61, 62
61, 64
61, 63
61, 70
61, 71
61, 65
39, 51
39, 40
39, 50
39, 52
39, 44
39, 46
39, 53
39, 60
39, 56
68, 16
68, 69
68, 3
68, 4
68, 5
68, 2
1, 42
1, 12
1, 59
1, 77
1, 2
1, 22
1, 47
1, 87
1, 32
1, 65
42, 47
42, 44
42, 49
42, 46
42, 45
42, 57
42, 58
42, 52
42, 43
12, 16
12, 21
12, 18
12, 14
12, 15
12, 19
12, 17
12, 20
12, 13
59, 65
59, 63
59, 66
59, 64
59, 61
59, 60
59, 62
59, 76
59, 75
77, 78
77, 83
77, 80
77, 82
77, 81
77, 84
77, 85
77, 86
77, 79
2, 3
2, 10
2, 8
2, 6
2, 7
2, 5
2, 4
2, 11
2, 9
22, 30
22, 31
22, 29
22, 23
22, 28
22, 27
22, 24
22, 26
22, 25
47, 49
47, 52
47, 54
47, 50
47, 53
47, 55
47, 51
47, 48
47, 56
87, 89
87, 96
87, 91
87, 93
87, 94
87, 95
87, 88
87, 92
87, 90
32, 40
32, 35
32, 36
32, 38
32, 39
32, 37
32, 33
32, 41
32, 34
65, 66
65, 74
65, 67
65, 73
65, 71
65, 69
65, 70
65, 72
65, 68
2, 58
2, 19
2, 35
2, 21
2, 52
2, 45
2, 25
2, 3
2, 13
58, 64
58, 62
58, 66
58, 59
58, 63
58, 65
58, 61
58, 67
58, 60
19, 21
19, 35
19, 45
19, 25
19, 41
19, 20
19, 51
19, 46
19, 38
35, 41
35, 38
35, 44
35, 36
35, 37
35, 43
35, 39
35, 40
35, 42
21, 25
21, 34
21, 22
21, 24
21, 27
21, 31
21, 30
21, 26
21, 23
52, 58
52, 56
52, 57
52, 53
52, 54
52, 55
52, 68
52, 66
52, 64
45, 46
45, 47
45, 48
45, 69
45, 50
45, 49
45, 68
45, 9
45, 71
25, 27
25, 30
25, 26
25, 29
25, 31
25, 28
25, 33
25, 32
25, 70
3, 7
3, 6
3, 10
3, 12
3, 8
3, 11
3, 9
3, 4
3, 5
13, 72
13, 17
13, 1
13, 15
13, 73
13, 14
13, 18
13, 74
13, 16
3, 32
3, 60
3, 50
3, 15
3, 69
3, 4
3, 25
3, 61
3, 43
32, 50
32, 43
32, 39
32, 34
32, 36
32, 52
32, 35
32, 33
32, 38
60, 69
60, 61
60, 63
60, 68
60, 76
60, 67
60, 78
60, 66
60, 79
50, 52
50, 57
50, 56
50, 51
50, 53
50, 55
50, 59
50, 54
50, 58
15, 16
15, 17
15, 22
15, 19
15, 21
15, 20
15, 23
15, 24
15, 18
69, 76
69, 75
69, 70
69, 42
69, 73
69, 72
69, 71
69, 77
69, 74
4, 8
4, 6
4, 9
4, 12
4, 13
4, 11
4, 5
4, 7
4, 10
25, 30
25, 28
25, 26
25, 31
25, 37
25, 27
25, 36
25, 29
25, 81
61, 63
61, 64
61, 62
61, 65
61, 40
61, 82
61, 14
61, 41
61, 2
43, 49
43, 48
43, 44
43, 1
43, 47
43, 46
43, 45
43, 80
43, 83
4, 25
4, 5
4, 45
4, 77
4, 46
4, 61
4, 35
4, 15
4, 48
25, 33
25, 28
25, 31
25, 26
25, 32
25, 29
25, 27
25, 30
25, 34
5, 9
5, 13
5, 7
5, 14
5, 10
5, 12
5, 8
5, 6
5, 11
45, 61
45, 46
45, 48
45, 71
45, 76
45, 72
45, 75
45, 73
45, 74
77, 78
77, 83
77, 84
77, 79
77, 85
77, 81
77, 82
77, 86
77, 80
46, 48
46, 55
46, 54
46, 60
46, 59
46, 58
46, 57
46, 47
46, 56
61, 69
61, 63
61, 70
61, 67
61, 66
61, 64
61, 65
61, 62
61, 68
35, 38
35, 36
35, 42
35, 39
35, 37
35, 43
35, 44
35, 40
35, 41
15, 21
15, 22
15, 24
15, 23
15, 19
15, 18
15, 20
15, 16
15, 17
48, 52
48, 51
48, 3
48, 50
48, 49
48, 53
48, 2
48, 1
48, 87
3, 32
3, 55
3, 23
3, 35
3, 4
3, 71
3, 14
3, 80
3, 53
3, 50
32, 35
32, 46
32, 45
32, 33
32, 47
32, 49
32, 34
32, 39
32, 48
55, 62
55, 59
55, 56
55, 58
55, 57
55, 60
55, 63
55, 61
55, 64
23, 28
23, 24
23, 29
23, 27
23, 1
23, 30
23, 25
23, 31
23, 26
35, 39
35, 37
35, 36
35, 41
35, 44
35, 43
35, 42
35, 40
35, 38
4, 13
4, 5
4, 8
4, 7
4, 12
4, 10
4, 9
4, 11
4, 6
71, 75
71, 78
71, 74
71, 79
71, 90
71, 72
71, 76
71, 77
71, 73
14, 17
14, 18
14, 22
14, 16
14, 19
14, 21
14, 20
14, 15
14, 2
80, 84
80, 89
80, 81
80, 87
80, 83
80, 85
80, 82
80, 86
80, 88
53, 55
53, 65
53, 67
53, 56
53, 66
53, 62
53, 58
53, 54
53, 59
50, 55
50, 53
50, 68
50, 70
50, 69
50, 51
50, 65
50, 52
50, 67
2, 21
2, 28
2, 69
2, 7
2, 3
2, 40
2, 79
2, 60
2, 50
21, 26
21, 28
21, 24
21, 39
21, 38
21, 23
21, 25
21, 27
21, 22
28, 30
28, 35
28, 37
28, 34
28, 36
28, 32
28, 29
28, 31
28, 33
69, 72
69, 73
69, 75
69, 70
69, 74
69, 71
69, 78
69, 76
69, 77
7, 12
7, 15
7, 16
7, 10
7, 11
7, 9
7, 14
7, 8
7, 13
3, 7
3, 20
3, 5
3, 18
3, 4
3, 17
3, 16
3, 19
3, 6
40, 46
40, 44
40, 48
40, 47
40, 49
40, 42
40, 41
40, 45
40, 43
79, 84
79, 83
79, 81
79, 88
79, 85
79, 86
79, 87
79, 80
79, 82
60, 62
60, 67
60, 1
60, 66
60, 65
60, 61
60, 64
60, 63
60, 68
50, 56
50, 52
50, 55
50, 54
50, 58
50, 51
50, 57
50, 53
50, 59
48, 56
48, 63
48, 57
48, 49
48, 60
48, 65
48, 55
48, 58
48, 59
48, 54
56, 81
56, 43
56, 5
56, 6
56, 7
56, 44
56, 42
56, 3
56, 66
63, 47
63, 64
63, 36
63, 32
63, 26
63, 25
63, 30
63, 9
63, 2
57, 71
57, 78
57, 69
57, 70
57, 67
57, 68
57, 82
49, 52
49, 51
49, 50
49, 53
49, 79
49, 29
49, 80
49, 81
49, 6
60, 20
60, 17
60, 34
60, 19
60, 74
60, 11
60, 13
60, 75
60, 14
65, 12
65, 33
65, 10
65, 23
65, 84
65, 83
65, 27
65, 39
65, 4
58, 40
58, 41
58, 45
58, 1
58, 72
58, 31
58, 24
58, 8
58, 37
59, 60
59, 62
59, 61
59, 20
59, 46
59, 17
59, 35
59, 38
59, 22
54, 35
54, 77
54, 28
54, 21
54, 15
54, 16
54, 76
54, 73
54, 18
35, 36
35, 3
35, 53
35, 44
35, 52
35, 25
35, 15
35, 59
35, 51
36, 41
36, 40
36, 43
36, 38
36, 42
36, 5
36, 2
36, 37
36, 39
3, 12
3, 9
3, 7
3, 4
3, 8
3, 11
3, 13
3, 14
3, 10
44, 45
44, 48
44, 69
44, 46
44, 49
44, 47
44, 50
44, 1
44, 6
52, 53
52, 58
52, 54
52, 57
52, 56
52, 55
25, 28
25, 26
25, 33
25, 32
25, 34
25, 31
25, 30
25, 29
25, 27
15, 19
15, 21
15, 16
15, 18
15, 23
15, 24
15, 17
15, 20
15, 22
59, 68
59, 66
59, 64
59, 63
59, 65
59, 67
59, 62
59, 60
59, 61
2, 37
2, 72
2, 33
2, 3
2, 70
2, 61
2, 51
2, 23
2, 13
37, 43
37, 38
37, 46
37, 45
37, 40
37, 39
37, 44
37, 42
37, 41
72, 76
72, 79
72, 75
72, 73
72, 74
72, 78
72, 77
72, 80
72, 81
33, 37
33, 36
33, 50
33, 35
33, 47
33, 49
33, 43
33, 48
33, 34
3, 5
3, 9
3, 8
3, 11
3, 7
3, 12
3, 10
3, 6
3, 4
70, 72
70, 76
70, 83
70, 79
70, 75
70, 71
70, 73
70, 84
70, 82
61, 63
61, 64
61, 68
61, 65
61, 62
61, 69
61, 66
61, 1
61, 67
51, 58
51, 59
51, 53
51, 52
51, 57
51, 56
51, 55
51, 54
51, 60
23, 24
23, 27
23, 29
23, 30
23, 28
23, 25
23, 26
23, 32
23, 31
13, 21
13, 20
13, 15
13, 18
13, 22
13, 19
13, 17
13, 16
13, 14
19, 61
19, 20
19, 32
19, 56
19, 46
19, 53
19, 44
19, 51
19, 42
61, 62
61, 67
61, 69
61, 63
61, 70
61, 64
61, 68
61, 65
61, 66
20, 29
20, 23
20, 27
20, 28
20, 22
20, 30
20, 25
20, 21
20, 26
32, 35
32, 41
32, 39
32, 36
32, 38
32, 34
32, 37
32, 40
32, 33
56, 60
56, 57
56, 58
56, 59
56, 9
56, 31
56, 10
56, 54
56, 5
46, 47
46, 48
46, 50
46, 49
46, 14
53, 54
53, 74
53, 12
53, 11
53, 8
53, 4
53, 3
44, 45
44, 18
44, 17
44, 1
44, 15
44, 13
44, 2
44, 24
51, 52
51, 42
51, 72
51, 55
51, 43
51, 16
51, 73
42, 43
42, 6
42, 71
42, 7
42, 72
42, 16
42, 73
4, 41
4, 81
4, 22
4, 51
4, 61
4, 91
4, 5
4, 14
4, 71
4, 23
41, 47
41, 48
41, 45
41, 43
41, 44
41, 42
41, 49
41, 50
41, 46
81, 87
81, 89
81, 90
81, 82
81, 85
81, 83
81, 88
81, 86
81, 84
22, 23
22, 37
22, 34
22, 40
22, 36
22, 38
22, 39
22, 33
22, 35
51, 57
51, 55
51, 53
51, 59
51, 54
51, 52
51, 58
51, 56
51, 60
61, 64
61, 66
61, 62
61, 68
61, 63
61, 65
61, 70
61, 67
61, 69
91, 95
91, 100
91, 96
91, 93
91, 98
91, 94
91, 99
91, 92
91, 97
5, 10
5, 2
5, 13
5, 7
5, 11
5, 9
5, 8
5, 6
5, 12
14, 19
14, 15
14, 16
14, 18
14, 21
14, 20
14, 17
14, 1
14, 3
71, 74
71, 76
71, 75
71, 78
71, 73
71, 72
71, 80
71, 77
71, 79
23, 31
23, 30
23, 26
23, 25
23, 24
23, 29
23, 28
23, 27
23, 32
101, 11
101, 91
101, 81
101, 31
101, 21
101, 61
101, 51
101, 41
101, 1
101, 71
11, 17
11, 12
11, 19
11, 20
11, 18
11, 16
11, 13
11, 14
11, 15
91, 92
91, 94
91, 99
91, 96
91, 100
91, 93
91, 98
91, 97
91, 95
81, 87
81, 82
81, 86
81, 84
81, 89
81, 90
81, 83
81, 88
81, 85
31, 34
31, 33
31, 38
31, 36
31, 32
31, 40
31, 39
31, 35
31, 37
21, 28
21, 27
21, 29
21, 24
21, 23
21, 25
21, 22
21, 30
21, 26
61, 63
61, 64
61, 65
61, 69
61, 66
61, 68
61, 62
61, 67
61, 70
51, 57
51, 56
51, 53
51, 59
51, 54
51, 55
51, 60
51, 52
51, 58
41, 47
41, 46
41, 50
41, 44
41, 42
41, 43
41, 49
41, 48
41, 45
1, 9
1, 6
1, 10
1, 5
1, 2
1, 4
1, 7
1, 8
1, 3
71, 75
71, 79
71, 72
71, 76
71, 73
71, 74
71, 78
71, 80
71, 77
2, 23
2, 33
2, 81
2, 71
2, 61
2, 38
2, 3
2, 48
2, 88
2, 13
23, 29
23, 28
23, 32
23, 24
23, 31
23, 26
23, 25
23, 30
23, 27
33, 38
33, 48
33, 36
33, 37
33, 34
33, 35
33, 60
33, 59
33, 58
81, 98
81, 88
81, 86
81, 87
81, 84
81, 83
81, 85
81, 1
81, 82
71, 76
71, 78
71, 73
71, 74
71, 80
71, 77
71, 75
71, 79
71, 72
61, 64
61, 63
61, 70
61, 65
61, 69
61, 67
61, 62
61, 66
61, 68
38, 42
38, 40
38, 39
38, 41
38, 46
38, 45
38, 44
38, 43
38, 47
3, 7
3, 6
3, 4
3, 9
3, 11
3, 5
3, 8
3, 12
3, 10
48, 49
48, 53
48, 55
48, 52
48, 50
48, 57
48, 56
48, 54
48, 51
88, 89
88, 97
88, 92
88, 96
88, 91
88, 93
88, 95
88, 90
88, 94
13, 17
13, 21
13, 18
13, 14
13, 20
13, 19
13, 22
13, 15
13, 16
1, 12
1, 65
1, 41
1, 79
1, 2
1, 61
1, 51
1, 28
1, 22
12, 19
12, 21
12, 20
12, 13
12, 15
12, 17
12, 14
12, 16
12, 18
65, 70
65, 68
65, 69
65, 74
65, 71
65, 66
65, 72
65, 73
65, 67
41, 48
41, 50
41, 47
41, 46
41, 42
41, 49
41, 44
41, 45
41, 43
79, 80
79, 87
79, 85
79, 82
79, 86
79, 84
79, 88
79, 83
79, 81
2, 8
2, 4
2, 6
2, 7
2, 10
2, 3
2, 9
2, 11
2, 5
61, 65
61, 75
61, 76
61, 62
61, 78
61, 64
61, 77
61, 63
61, 70
51, 53
51, 55
51, 59
51, 54
51, 57
51, 60
51, 58
51, 56
51, 52
28, 34
28, 33
28, 29
28, 32
28, 35
28, 37
28, 30
28, 36
28, 31
22, 28
22, 27
22, 25
22, 26
22, 39
22, 40
22, 38
22, 24
22, 23
1, 21
1, 47
1, 71
1, 25
1, 57
1, 2
1, 10
1, 60
1, 36
21, 47
21, 25
21, 36
21, 35
21, 46
21, 34
21, 22
21, 23
21, 24
47, 49
47, 51
47, 50
47, 56
47, 53
47, 48
47, 54
47, 55
47, 52
71, 77
71, 76
71, 79
71, 72
71, 78
71, 80
71, 75
71, 74
71, 73
25, 26
25, 28
25, 30
25, 33
25, 32
25, 27
25, 85
25, 29
25, 31
57, 71
57, 83
57, 60
57, 59
57, 81
57, 58
57, 84
57, 70
57, 82
2, 10
2, 8
2, 20
2, 9
2, 3
2, 4
2, 7
2, 6
2, 5
10, 18
10, 13
10, 14
10, 19
10, 15
10, 12
10, 17
10, 16
10, 11
60, 63
60, 61
60, 64
60, 67
60, 68
60, 69
60, 62
60, 65
60, 66
36, 41
36, 38
36, 40
36, 44
36, 43
36, 42
36, 45
36, 37
36, 39
4, 48
4, 36
4, 40
4, 5
4, 35
4, 10
4, 20
4, 32
4, 9
4, 22
48, 57
48, 56
36, 42
36, 40
36, 39
36, 41
36, 38
36, 37
36, 44
36, 43
36, 60
40, 42
40, 41
40, 67
40, 60
40, 66
40, 65
40, 58
40, 52
40, 61
5, 7
5, 6
5, 1
5, 68
5, 8
5, 69
35, 63
35, 3
35, 64
35, 51
35, 55
35, 50
35, 49
35, 54
10, 14
10, 15
10, 19
10, 13
10, 18
10, 11
10, 16
10, 17
10, 12
20, 21
32, 36
32, 40
32, 35
32, 46
32, 34
32, 42
32, 33
32, 45
32, 47
9, 59
9, 62
9, 2
9, 53
22, 29
22, 26
22, 27
22, 25
22, 23
22, 28
22, 31
22, 30
22, 24
3, 14
3, 33
3, 4
3, 24
3, 71
3, 41
3, 51
3, 28
3, 61
14, 15
14, 19
14, 22
14, 20
14, 16
14, 17
14, 21
14, 18
14, 23
33, 39
33, 2
33, 1
33, 35
33, 37
33, 36
33, 40
33, 38
33, 34
4, 11
4, 6
4, 13
4, 10
4, 8
4, 5
4, 7
4, 9
4, 12
24, 25
24, 27
24, 26
71, 75
71, 73
71, 72
71, 74
71, 78
71, 77
71, 80
71, 79
71, 76
41, 45
41, 46
41, 43
41, 47
41, 44
41, 48
41, 49
41, 42
41, 50
51, 56
51, 58
51, 59
51, 53
51, 54
51, 57
51, 55
51, 52
51, 60
28, 31
28, 30
28, 81
28, 32
28, 29
28, 82
61, 64
61, 70
61, 63
61, 62
61, 67
61, 68
61, 69
61, 65
61, 66
1, 14
1, 16
1, 2
1, 32
1, 5
1, 12
1, 49
1, 47
1, 36
14, 16
14, 18
14, 20
14, 23
14, 24
14, 25
14, 26
14, 15
14, 17
16, 20
16, 17
16, 18
16, 21
16, 22
16, 29
16, 19
16, 67
16, 61
2, 3
2, 59
2, 4
2, 53
2, 60
2, 65
2, 62
2, 54
2, 66
32, 79
32, 33
32, 34
32, 35
32, 77
32, 78
32, 80
32, 71
32, 81
5, 8
5, 9
5, 6
5, 52
5, 11
5, 7
5, 10
5, 70
5, 30
12, 13
12, 64
12, 76
12, 63
12, 72
12, 69
12, 74
12, 75
12, 73
49, 51
49, 68
49, 50
49, 27
49, 28
49, 31
49, 58
49, 55
49, 46
47, 57
47, 48
47, 56
47, 51
36, 42
36, 39
36, 41
36, 44
36, 43
36, 40
36, 45
36, 38
36, 37
1, 59
1, 31
1, 79
1, 10
1, 49
1, 2
1, 69
1, 33
1, 21
1, 89
59, 60
59, 66
59, 65
59, 63
59, 67
59, 64
59, 68
59, 61
59, 62
31, 33
31, 43
31, 44
31, 48
31, 45
31, 46
31, 32
31, 34
31, 47
79, 88
79, 80
79, 85
79, 84
79, 83
79, 81
79, 87
79, 82
79, 86
10, 19
10, 13
10, 16
10, 14
10, 11
10, 18
10, 15
10, 17
10, 12
49, 50
49, 57
49, 56
49, 51
49, 54
49, 55
49, 52
49, 53
49, 58
2, 10
2, 8
2, 5
2, 7
2, 4
2, 6
2, 20
2, 3
2, 9
69, 77
69, 78
69, 73
69, 72
69, 75
69, 71
69, 76
69, 70
69, 74
33, 34
33, 35
33, 38
33, 40
33, 41
33, 37
33, 42
33, 36
33, 39
21, 30
21, 23
21, 29
21, 24
21, 25
21, 22
21, 27
21, 26
21, 28
89, 94
89, 98
89, 93
89, 97
89, 92
89, 95
89, 91
89, 90
89, 96
3, 14
3, 66
3, 35
3, 45
3, 56
3, 15
3, 70
3, 25
3, 85
3, 4
14, 35
14, 66
14, 45
14, 56
14, 15
14, 70
14, 85
14, 25
14, 55
66, 70
66, 67
66, 81
66, 69
66, 82
66, 80
66, 68
66, 83
66, 84
35, 40
35, 41
35, 36
35, 43
35, 37
35, 38
35, 42
35, 44
35, 39
45, 49
45, 46
45, 53
45, 52
45, 48
45, 51
45, 54
45, 47
45, 50
56, 64
56, 59
56, 61
56, 57
56, 65
56, 60
56, 63
56, 58
56, 62
15, 21
15, 22
15, 19
15, 18
15, 16
15, 17
15, 23
15, 24
15, 20
70, 78
70, 72
70, 79
70, 75
70, 71
70, 76
70, 77
70, 74
70, 73
25, 34
25, 33
25, 32
25, 31
25, 26
25, 28
25, 27
25, 29
25, 30
85, 89
85, 2
85, 91
85, 92
85, 1
85, 90
85, 86
85, 88
85, 87
4, 13
4, 7
4, 9
4, 8
4, 11
4, 5
4, 10
4, 12
4, 6
1, 49
1, 63
1, 31
1, 2
1, 12
1, 50
1, 37
1, 76
1, 18
49, 63
49, 50
49, 61
49, 73
49, 74
49, 62
49, 60
49, 70
49, 75
63, 70
63, 69
63, 71
63, 68
63, 66
63, 72
63, 65
63, 67
63, 64
31, 37
31, 36
31, 35
31, 34
31, 48
31, 47
31, 33
31, 46
31, 32
2, 7
2, 5
2, 10
2, 9
2, 4
2, 11
2, 6
2, 3
2, 8
12, 18
12, 16
12, 29
12, 30
12, 15
12, 14
12, 17
12, 13
12, 28
50, 56
50, 52
50, 51
50, 59
50, 57
50, 58
50, 54
50, 55
50, 53
37, 46
37, 44
37, 43
37, 40
37, 39
37, 38
37, 45
37, 42
37, 41
76, 77
76, 78
76, 81
76, 80
76, 83
76, 84
76, 82
76, 79
76, 85
18, 25
18, 24
18, 27
18, 26
18, 20
18, 21
18, 19
18, 23
18, 22
2, 65
2, 56
2, 41
2, 54
2, 12
2, 29
2, 39
2, 3
2, 20
65, 71
65, 66
65, 72
65, 70
65, 69
65, 67
65, 74
65, 68
65, 73
56, 58
56, 62
56, 57
56, 60
56, 61
56, 63
56, 59
56, 1
56, 78
41, 47
41, 45
41, 42
41, 49
41, 50
41, 43
41, 46
41, 44
41, 48
54, 65
54, 56
54, 71
54, 58
54, 64
54, 66
54, 55
54, 72
54, 75
12, 19
12, 13
12, 16
12, 18
12, 15
12, 80
12, 79
12, 14
12, 17
29, 32
29, 35
29, 30
29, 31
29, 37
29, 34
29, 36
29, 33
29, 38
39, 41
39, 47
39, 52
39, 45
39, 40
39, 53
39, 43
39, 42
39, 51
3, 5
3, 9
3, 10
3, 11
3, 76
3, 6
3, 7
3, 8
3, 4
20, 22
20, 25
20, 21
20, 28
20, 23
20, 77
20, 27
20, 26
20, 24
10, 23
10, 12
10, 26
10, 16
10, 13
10, 15
10, 21
10, 11
10, 19
23, 24
23, 32
23, 25
23, 39
23, 42
23, 33
23, 51
23, 41
12, 6
12, 29
12, 30
26, 48
26, 40
26, 38
26, 37
26, 34
26, 35
26, 18
26, 36
26, 43
16, 17
16, 57
13, 14
13, 7
13, 9
15, 45
15, 2
15, 5
15, 27
15, 46
15, 28
15, 52
15, 55
15, 47
21, 22
21, 54
21, 23
21, 19
21, 8
21, 50
21, 3
11, 4
11, 1
11, 49
19, 20
19, 44
19, 53
19, 31
19, 56
35, 41
35, 72
35, 55
35, 65
35, 52
35, 47
35, 37
35, 70
35, 67
41, 47
41, 49
41, 45
41, 43
41, 51
41, 50
41, 46
41, 44
41, 42
72, 76
72, 75
72, 74
72, 73
72, 87
72, 77
72, 32
72, 86
72, 58
55, 60
55, 61
55, 62
55, 58
55, 59
55, 56
55, 63
55, 64
55, 57
65, 1
65, 66
65, 10
65, 14
65, 9
65, 11
65, 54
65, 13
65, 12
52, 30
52, 53
52, 85
52, 28
52, 26
52, 29
52, 4
52, 78
52, 79
47, 33
47, 48
47, 24
47, 3
47, 25
47, 7
47, 18
47, 2
47, 27
37, 38
37, 39
37, 15
37, 40
37, 6
37, 31
37, 17
37, 26
37, 16
70, 71
70, 21
70, 69
70, 36
70, 22
70, 8
70, 84
70, 23
70, 34
67, 68
67, 19
67, 20
67, 80
67, 5
67, 85
67, 82
67, 83
67, 81
1, 80
1, 2
1, 60
1, 44
1, 42
1, 70
1, 22
1, 12
1, 32
80, 81
80, 84
80, 86
80, 87
80, 82
80, 89
80, 85
80, 88
80, 83
2, 3
2, 4
2, 11
2, 6
2, 7
2, 5
2, 8
2, 10
2, 9
60, 69
60, 63
60, 66
60, 64
60, 65
60, 68
60, 67
60, 61
60, 62
44, 46
44, 48
44, 49
44, 53
44, 47
44, 52
44, 45
44, 50
44, 51
42, 44
42, 46
42, 59
42, 54
42, 57
42, 43
42, 58
42, 55
42, 56
70, 77
70, 71
70, 75
70, 78
70, 72
70, 74
70, 73
70, 79
70, 76
22, 28
22, 30
22, 26
22, 27
22, 31
22, 23
22, 24
22, 29
22, 25
12, 15
12, 17
12, 20
12, 16
12, 21
12, 13
12, 19
12, 18
12, 14
32, 39
32, 36
32, 37
32, 35
32, 33
32, 41
32, 40
32, 38
32, 34
19, 28
19, 40
19, 38
19, 26
19, 23
19, 50
19, 20
19, 57
19, 37
28, 34
28, 31
28, 59
28, 32
28, 33
28, 35
28, 30
28, 36
28, 29
40, 46
40, 42
40, 45
40, 48
40, 47
40, 43
40, 44
40, 41
40, 49
38, 62
38, 18
38, 63
38, 13
38, 14
38, 65
38, 16
38, 5
38, 8
26, 27
26, 17
26, 11
26, 18
26, 12
26, 9
26, 68
26, 14
26, 15
23, 59
23, 7
23, 28
23, 39
23, 25
23, 24
23, 61
50, 54
50, 51
50, 52
50, 53
50, 55
50, 56
20, 21
20, 2
20, 60
20, 1
37, 4
37, 67
37, 3
37, 22
37, 64
37, 6
37, 10
37, 58
37, 66
1, 20
1, 64
1, 74
1, 2
1, 52
1, 22
1, 6
1, 42
1, 32
20, 64
20, 52
20, 22
20, 42
20, 32
20, 21
20, 63
20, 62
20, 37
64, 72
64, 66
64, 73
64, 68
64, 65
64, 67
64, 71
64, 70
64, 69
74, 82
74, 83
74, 76
74, 78
74, 81
74, 75
74, 80
74, 79
74, 77
2, 6
2, 16
2, 17
2, 18
2, 5
2, 7
2, 4
2, 3
2, 19
52, 53
52, 54
52, 55
52, 59
52, 61
52, 60
52, 57
52, 56
52, 58
22, 24
22, 27
22, 23
22, 30
22, 25
22, 26
22, 31
22, 28
22, 29
6, 7
6, 12
6, 10
6, 14
6, 9
6, 11
6, 15
6, 13
6, 8
42, 44
42, 43
42, 48
42, 51
42, 45
42, 46
42, 50
42, 49
42, 47
32, 37
32, 36
32, 39
32, 41
32, 38
32, 40
32, 33
32, 34
32, 35
1, 45
1, 75
1, 60
1, 22
1, 2
1, 49
1, 70
1, 36
1, 26
1, 12
45, 60
45, 49
45, 46
45, 59
45, 47
45, 67
45, 48
45, 57
45, 64
75, 79
75, 81
75, 76
75, 78
75, 77
75, 84
75, 80
75, 83
75, 82
60, 67
60, 64
60, 69
60, 63
60, 65
60, 62
60, 66
60, 61
60, 68
22, 24
22, 23
22, 25
22, 86
2, 4
2, 10
2, 6
2, 3
2, 9
2, 5
2, 7
2, 11
2, 8
49, 57
49, 51
49, 50
49, 55
49, 56
49, 53
49, 58
49, 52
49, 54
70, 75
70, 74
70, 79
70, 81
70, 76
70, 72
70, 73
70, 71
70, 85
36, 39
36, 87
36, 43
36, 44
36, 38
36, 40
36, 37
36, 41
36, 42
26, 27
26, 32
26, 34
26, 28
26, 35
26, 30
26, 29
26, 31
26, 33
12, 13
12, 15
12, 17
12, 21
12, 19
12, 16
12, 14
12, 18
12, 20
31, 56
31, 37
31, 50
31, 47
31, 48
31, 54
31, 40
31, 34
31, 32
56, 64
56, 61
56, 59
56, 60
56, 58
56, 63
56, 57
56, 65
56, 62
37, 40
37, 38
37, 45
37, 46
37, 39
37, 42
37, 41
37, 43
37, 44
50, 52
50, 51
50, 66
50, 1
50, 2
50, 68
50, 3
50, 72
50, 16
47, 50
47, 48
47, 51
47, 52
47, 49
47, 66
47, 2
47, 74
47, 14
48, 49
48, 17
48, 4
48, 21
48, 30
48, 26
48, 29
48, 28
54, 70
54, 55
54, 53
54, 5
54, 13
54, 12
54, 73
54, 71
54, 11
40, 22
40, 23
40, 24
40, 27
40, 25
40, 20
40, 19
40, 21
40, 18
34, 35
34, 36
34, 7
34, 69
34, 67
34, 9
34, 6
34, 8
34, 10
32, 33
32, 15
3, 14
3, 51
3, 54
3, 33
3, 67
3, 4
3, 43
3, 19
3, 77
14, 19
14, 30
14, 32
14, 18
14, 29
14, 17
14, 31
14, 15
14, 16
51, 54
51, 67
51, 77
51, 66
51, 65
51, 52
51, 53
51, 64
51, 87
54, 61
54, 58
54, 62
54, 60
54, 55
54, 57
54, 63
54, 56
54, 59
33, 35
33, 34
33, 42
33, 39
33, 41
33, 37
33, 40
33, 36
33, 38
67, 69
67, 68
67, 75
67, 71
67, 76
67, 70
67, 72
67, 74
67, 73
4, 13
4, 11
4, 7
4, 10
4, 5
4, 12
4, 8
4, 9
4, 6
43, 46
43, 44
43, 48
43, 45
43, 50
43, 49
43, 47
43, 1
43, 2
19, 28
19, 25
19, 23
19, 24
19, 20
19, 22
19, 27
19, 21
19, 26
77, 79
77, 84
77, 85
77, 83
77, 80
77, 81
77, 82
77, 78
77, 86
15, 21
15, 16
15, 42
15, 36
15, 52
15, 17
15, 19
15, 4
15, 18
21, 28
21, 27
21, 25
21, 26
21, 30
21, 22
21, 29
21, 23
21, 24
16, 34
16, 51
16, 32
16, 31
16, 35
42, 43
42, 44
42, 46
42, 2
42, 47
42, 45
42, 1
36, 42
36, 40
36, 37
36, 39
36, 50
36, 41
36, 49
36, 38
36, 48
52, 55
52, 57
52, 58
52, 61
52, 54
52, 60
52, 56
52, 59
52, 53
17, 33
17, 11
17, 3
19, 20
4, 8
4, 6
4, 14
4, 10
4, 9
4, 12
4, 13
4, 5
4, 7
1, 17
1, 36
1, 2
1, 56
1, 75
1, 65
1, 77
1, 46
1, 25
1, 6
17, 25
17, 24
17, 22
17, 23
17, 21
17, 33
17, 19
17, 20
17, 18
36, 44
36, 37
36, 39
36, 41
36, 40
36, 45
36, 38
36, 43
36, 42
2, 17
2, 36
2, 25
2, 6
2, 5
2, 16
2, 35
2, 3
2, 4
56, 65
56, 57
56, 59
56, 63
56, 64
56, 58
56, 61
56, 62
56, 60
75, 77
75, 90
75, 85
75, 89
75, 91
75, 76
75, 86
75, 88
75, 87
65, 68
65, 73
65, 74
65, 67
65, 66
65, 70
65, 71
65, 69
65, 72
77, 85
77, 81
77, 80
77, 79
77, 92
77, 82
77, 84
77, 78
77, 83
46, 54
46, 49
46, 53
46, 55
46, 48
46, 51
46, 52
46, 50
46, 47
25, 33
25, 26
25, 32
25, 27
25, 28
25, 30
25, 34
25, 29
25, 31
6, 7
6, 14
6, 15
6, 12
6, 8
6, 11
6, 10
6, 9
6, 13
34, 59
34, 66
34, 35
34, 38
34, 44
34, 49
34, 71
34, 55
34, 67
59, 61
59, 64
59, 62
59, 60
59, 63
59, 65
59, 3
59, 11
59, 23
66, 44
66, 16
66, 71
35, 36
35, 37
35, 32
35, 21
35, 25
35, 31
35, 26
35, 75
35, 33
38, 39
38, 43
38, 41
38, 42
38, 40
38, 2
38, 47
38, 1
44, 48
44, 45
44, 47
44, 19
44, 46
44, 6
44, 13
44, 14
44, 10
49, 50
49, 51
49, 52
49, 53
49, 12
49, 22
49, 18
49, 27
49, 15
71, 73
71, 72
71, 44
71, 66
71, 24
71, 29
55, 56
55, 58
55, 57
55, 17
55, 5
55, 30
55, 7
55, 4
67, 70
67, 68
67, 69
67, 54
67, 20
67, 9
67, 8
67, 74
67, 28
15, 27
15, 34
15, 85
15, 55
15, 45
15, 18
15, 38
15, 75
15, 71
15, 65
27, 34
27, 31
27, 36
27, 33
27, 28
27, 29
27, 37
27, 32
27, 30
34, 9
34, 35
34, 2
34, 59
34, 7
34, 8
85, 86
85, 88
85, 87
85, 89
55, 59
55, 62
55, 56
55, 58
55, 60
55, 61
55, 57
55, 64
55, 63
45, 49
45, 46
45, 50
45, 47
45, 53
45, 48
45, 52
45, 51
45, 54
18, 20
18, 25
18, 24
18, 17
18, 21
18, 22
18, 23
18, 26
18, 19
38, 44
38, 41
38, 40
38, 39
38, 43
38, 42
38, 13
38, 12
38, 14
75, 81
75, 76
75, 83
75, 84
75, 77
75, 78
75, 79
75, 82
75, 80
71, 73
71, 10
71, 74
71, 11
71, 72
71, 91
71, 16
71, 90
71, 5
65, 66
65, 67
65, 69
65, 68
65, 70
65, 1
65, 3
65, 4
65, 6
1, 66
1, 39
1, 42
1, 68
1, 12
1, 24
1, 2
1, 22
1, 52
66, 68
66, 67
66, 79
66, 83
66, 80
66, 84
66, 81
66, 78
66, 82
39, 42
39, 52
39, 61
39, 64
39, 63
39, 62
39, 40
39, 65
39, 41
42, 51
42, 47
42, 50
42, 49
42, 48
42, 46
42, 44
42, 45
42, 43
68, 77
68, 75
68, 72
68, 76
68, 70
68, 73
68, 71
68, 74
68, 69
12, 18
12, 16
12, 13
12, 21
12, 14
12, 19
12, 17
12, 15
12, 20
24, 25
24, 31
24, 28
24, 29
24, 27
24, 33
24, 26
24, 32
24, 30
2, 7
2, 3
2, 10
2, 6
2, 9
2, 5
2, 11
2, 8
2, 4
22, 24
22, 36
22, 23
22, 37
22, 34
22, 31
22, 35
22, 28
22, 38
52, 59
52, 57
52, 56
52, 85
52, 60
52, 53
52, 58
52, 55
52, 54
4, 49
4, 50
4, 39
4, 20
4, 10
4, 58
4, 22
4, 5
4, 33
49, 50
49, 58
49, 51
49, 57
49, 70
49, 68
49, 56
49, 69
49, 72
50, 58
50, 51
50, 57
50, 56
50, 53
50, 52
50, 54
50, 55
50, 63
39, 41
39, 42
39, 43
39, 47
39, 40
39, 46
39, 45
39, 2
39, 44
20, 49
20, 50
20, 39
20, 58
20, 22
20, 23
20, 33
20, 21
20, 48
10, 19
10, 14
10, 12
10, 17
10, 11
10, 13
10, 15
10, 16
10, 18
58, 65
58, 63
58, 67
58, 66
58, 64
58, 59
58, 62
58, 60
58, 61
22, 23
22, 27
22, 28
22, 24
22, 30
22, 26
22, 31
22, 29
22, 25
5, 10
5, 19
5, 12
5, 14
5, 6
5, 7
5, 9
5, 17
5, 8
33, 37
33, 34
33, 38
33, 36
33, 35
33, 1
33, 71
33, 3
33, 32
3, 12
3, 10
3, 32
3, 6
3, 14
3, 43
3, 4
3, 8
3, 7
12, 32
12, 19
12, 1
12, 53
12, 43
12, 28
12, 22
12, 18
12, 15
10, 31
10, 23
10, 11
10, 29
10, 42
10, 27
10, 26
10, 24
10, 30
32, 40
32, 36
32, 39
32, 33
32, 34
32, 35
32, 41
32, 38
32, 37
14, 13
43, 50
43, 48
43, 52
43, 49
43, 46
43, 45
43, 44
43, 51
43, 47
4, 27
4, 5
4, 2
4, 16
4, 25
4, 20
4, 24
4, 17
4, 21
7, 8
7, 9
1, 44
1, 2
1, 74
1, 33
1, 64
1, 54
1, 22
1, 32
1, 84
1, 12
44, 47
44, 53
44, 52
44, 49
44, 46
44, 51
44, 50
44, 48
44, 45
2, 4
2, 6
2, 3
2, 5
2, 11
2, 7
2, 9
2, 8
2, 10
74, 78
74, 79
74, 76
74, 75
74, 80
74, 82
74, 83
74, 77
74, 81
33, 36
33, 39
33, 34
33, 40
33, 35
33, 38
33, 41
33, 37
33, 42
64, 71
64, 69
64, 66
64, 68
64, 72
64, 70
64, 65
64, 67
64, 73
54, 60
54, 61
54, 58
54, 63
54, 59
54, 62
54, 57
54, 55
54, 56
22, 31
22, 30
22, 27
22, 26
22, 24
22, 23
22, 25
22, 29
22, 28
32, 44
32, 33
32, 47
32, 53
32, 52
32, 36
32, 43
32, 49
32, 39
84, 87
84, 90
84, 89
84, 91
84, 86
84, 85
84, 92
84, 88
84, 93
12, 20
12, 18
12, 21
12, 14
12, 16
12, 19
12, 13
12, 17
12, 15
3, 71
3, 8
3, 78
3, 61
3, 31
3, 51
3, 4
3, 21
3, 41
71, 2
71, 77
71, 74
71, 72
71, 86
71, 1
71, 75
71, 73
71, 76
8, 11
8, 15
8, 16
8, 10
8, 9
8, 13
8, 14
8, 12
8, 17
78, 88
78, 80
78, 84
78, 85
78, 87
78, 83
78, 82
78, 81
78, 79
61, 67
61, 68
61, 62
61, 66
61, 70
61, 65
61, 64
61, 63
61, 69
31, 37
31, 33
31, 32
31, 40
31, 36
31, 38
31, 34
31, 39
31, 35
51, 58
51, 57
51, 55
51, 54
51, 56
51, 59
51, 60
51, 53
51, 52
4, 8
4, 21
4, 18
4, 20
4, 7
4, 11
4, 6
4, 19
4, 5
21, 24
21, 25
21, 29
21, 28
21, 23
21, 22
21, 27
21, 30
21, 26
41, 48
41, 46
41, 49
41, 47
41, 42
41, 43
41, 50
41, 44
41, 45
1, 12
1, 22
1, 50
1, 2
1, 60
1, 70
1, 40
1, 28
1, 90
1, 80
12, 21
12, 20
12, 18
12, 17
12, 16
12, 19
12, 14
12, 13
12, 15
22, 28
22, 40
22, 25
22, 38
22, 27
22, 39
22, 26
22, 24
22, 23
50, 57
50, 59
50, 52
50, 51
50, 56
50, 53
50, 55
50, 58
50, 54
2, 11
2, 7
2, 10
2, 5
2, 3
2, 9
2, 4
2, 6
2, 8
60, 64
60, 63
60, 62
60, 65
60, 69
60, 66
60, 61
60, 68
60, 67
70, 71
70, 76
70, 72
70, 79
70, 75
70, 74
70, 78
70, 77
70, 73
40, 47
40, 44
40, 49
40, 48
40, 46
40, 41
40, 43
40, 45
40, 42
28, 30
28, 32
28, 34
28, 31
28, 29
28, 33
28, 36
28, 35
28, 37
90, 93
90, 97
90, 95
90, 94
90, 91
90, 96
90, 92
90, 98
90, 99
80, 82
80, 87
80, 84
80, 85
80, 83
80, 89
80, 81
80, 86
80, 88
1, 55
1, 45
1, 23
1, 22
1, 70
1, 35
1, 12
1, 2
1, 65
55, 62
55, 57
55, 64
55, 59
55, 60
55, 61
55, 56
55, 58
55, 63
45, 47
45, 50
45, 53
45, 49
45, 52
45, 54
45, 51
45, 46
45, 48
23, 32
23, 28
23, 29
23, 31
23, 25
23, 24
23, 26
23, 30
23, 27
22, 23
22, 32
22, 33
22, 28
22, 34
22, 25
22, 29
22, 26
22, 31
70, 75
70, 78
70, 72
70, 77
70, 71
70, 79
70, 76
70, 73
70, 74
35, 42
35, 37
35, 39
35, 44
35, 43
35, 41
35, 40
35, 38
35, 36
12, 19
12, 14
12, 21
12, 20
12, 17
12, 16
12, 13
12, 15
12, 18
2, 5
2, 7
2, 10
2, 9
2, 11
2, 6
2, 3
2, 8
2, 4
65, 70
65, 82
65, 67
65, 66
65, 80
65, 68
65, 69
65, 83
65, 81
3, 49
3, 29
3, 57
3, 51
3, 19
3, 39
3, 78
3, 9
3, 4
3, 68
49, 57
49, 51
49, 68
49, 78
49, 89
49, 90
49, 50
49, 88
49, 67
29, 35
29, 31
29, 36
29, 38
29, 37
29, 32
29, 34
29, 30
29, 33
57, 62
57, 64
57, 60
57, 65
57, 61
57, 63
57, 59
57, 58
57, 66
51, 57
51, 54
51, 53
51, 62
51, 55
51, 52
51, 64
51, 60
51, 56
19, 26
19, 22
19, 20
19, 28
19, 24
19, 25
19, 23
19, 27
19, 21
39, 44
39, 42
39, 46
39, 47
39, 41
39, 43
39, 48
39, 45
39, 40
78, 86
78, 87
78, 82
78, 83
78, 79
78, 84
78, 85
78, 80
78, 81
9, 16
9, 17
9, 15
9, 91
9, 10
9, 11
9, 14
9, 12
9, 13
4, 9
4, 7
4, 6
4, 18
4, 5
4, 16
4, 1
4, 2
4, 8
68, 72
68, 70
68, 69
68, 76
68, 75
68, 77
68, 74
68, 73
68, 71
3, 31
3, 4
3, 70
3, 50
3, 36
3, 6
3, 60
3, 21
3, 80
31, 36
31, 46
31, 47
31, 49
31, 33
31, 48
31, 35
31, 32
31, 34
4, 6
4, 5
4, 19
4, 18
4, 17
4, 20
4, 16
4, 15
4, 14
70, 75
70, 79
70, 77
70, 76
70, 72
70, 73
70, 74
70, 78
70, 71
50, 57
50, 53
50, 59
50, 55
50, 56
50, 51
50, 58
50, 52
50, 54
36, 37
36, 40
36, 39
36, 42
36, 43
36, 44
36, 38
36, 45
36, 41
6, 10
6, 12
6, 7
6, 13
6, 8
6, 1
6, 11
6, 9
6, 2
60, 68
60, 63
60, 62
60, 66
60, 64
60, 61
60, 67
60, 65
60, 69
21, 29
21, 26
21, 30
21, 23
21, 28
21, 22
21, 27
21, 25
21, 24
80, 83
80, 85
80, 87
80, 89
80, 88
80, 86
80, 81
80, 84
80, 82
4, 67
4, 35
4, 5
4, 70
4, 58
4, 25
4, 80
4, 15
4, 48
67, 70
67, 69
67, 68
67, 79
67, 73
67, 77
67, 76
67, 78
67, 75
35, 44
35, 38
35, 39
35, 36
35, 41
35, 37
35, 40
35, 42
35, 43
5, 6
5, 8
5, 10
5, 7
5, 9
5, 13
5, 11
5, 14
5, 12
70, 73
70, 72
70, 71
70, 46
70, 74
70, 1
70, 2
70, 47
70, 45
58, 62
58, 60
58, 65
58, 63
58, 61
58, 66
58, 59
58, 64
58, 3
25, 34
25, 29
25, 30
25, 26
25, 27
25, 33
25, 28
25, 32
25, 31
80, 82
80, 86
80, 87
80, 84
80, 85
80, 89
80, 81
80, 83
80, 88
15, 23
15, 22
15, 16
15, 20
15, 19
15, 21
15, 24
15, 18
15, 17
48, 51
48, 52
48, 55
48, 50
48, 49
48, 54
48, 57
48, 53
48, 56
1, 68
1, 2
1, 12
1, 22
1, 32
1, 42
1, 75
1, 52
1, 55
68, 75
68, 73
68, 70
68, 69
68, 74
68, 78
68, 71
68, 72
68, 79
2, 8
2, 4
2, 5
2, 11
2, 3
2, 10
2, 7
2, 6
2, 9
12, 20
12, 18
12, 17
12, 16
12, 19
12, 14
12, 15
12, 13
12, 21
22, 24
22, 26
22, 31
22, 30
22, 28
22, 25
22, 23
22, 29
22, 27
32, 33
32, 39
32, 34
32, 41
32, 38
32, 35
32, 40
32, 37
32, 36
42, 46
42, 44
42, 47
42, 45
42, 50
42, 49
42, 43
42, 51
42, 48
75, 78
75, 79
75, 77
75, 80
75, 81
75, 83
75, 84
75, 82
75, 76
52, 55
52, 61
52, 67
52, 54
52, 64
52, 65
52, 66
52, 53
52, 59
55, 61
55, 64
55, 59
55, 62
55, 56
55, 63
55, 57
55, 58
55, 60
1, 67
1, 18
1, 2
1, 57
1, 27
1, 75
1, 11
1, 47
1, 37
67, 75
67, 73
67, 70
67, 68
67, 85
67, 71
67, 69
67, 74
67, 72
18, 23
18, 26
18, 19
18, 20
18, 21
18, 88
18, 25
18, 22
18, 24
2, 8
2, 4
2, 10
2, 3
2, 86
2, 9
2, 6
2, 7
2, 5
57, 60
57, 61
57, 66
57, 65
57, 58
57, 63
57, 64
57, 59
57, 62
27, 34
27, 29
27, 36
27, 32
27, 30
27, 28
27, 31
27, 33
27, 35
75, 78
75, 84
75, 83
75, 77
75, 81
75, 79
75, 76
75, 82
75, 80
11, 15
11, 18
11, 16
11, 23
11, 13
11, 14
11, 17
11, 87
11, 12
47, 56
47, 51
47, 52
47, 55
47, 54
47, 50
47, 49
47, 53
47, 48
37, 45
37, 42
37, 46
37, 40
37, 43
37, 44
37, 41
37, 38
37, 39
17, 19
17, 46
17, 29
17, 56
17, 40
17, 66
17, 39
17, 43
17, 70
17, 67
19, 28
19, 20
19, 21
19, 25
19, 24
19, 26
19, 23
19, 22
19, 27
46, 53
46, 54
46, 52
46, 50
46, 55
46, 48
46, 47
46, 49
46, 51
29, 38
29, 34
29, 32
29, 31
29, 33
29, 30
29, 35
29, 37
29, 36
56, 57
56, 59
56, 62
56, 65
56, 64
56, 58
56, 60
56, 61
56, 63
40, 41
40, 42
40, 7
40, 9
40, 18
40, 11
40, 8
40, 1
40, 10
43, 45
43, 13
43, 44
43, 18
43, 12
43, 15
43, 6
43, 16
43, 14
70, 71
70, 4
70, 72
70, 2
70, 73
67, 68
67, 69
67, 5
67, 3
1, 62
1, 52
1, 22
1, 82
1, 93
1, 32
1, 72
1, 2
1, 42
1, 12
62, 68
62, 71
62, 66
62, 69
62, 63
62, 67
62, 65
62, 70
62, 64
52, 60
52, 61
52, 57
52, 53
52, 56
52, 54
52, 59
52, 58
52, 55
22, 26
22, 25
22, 28
22, 31
22, 29
22, 23
22, 30
22, 27
22, 24
82, 88
82, 92
82, 86
82, 87
82, 83
82, 89
82, 90
82, 84
82, 91
82, 85
93, 96
93, 98
93, 97
93, 99
93, 101
93, 94
93, 95
93, 100
93, 102
32, 35
32, 34
32, 37
32, 41
32, 40
32, 33
32, 38
32, 39
32, 36
72, 76
72, 77
72, 80
72, 81
72, 75
72, 79
72, 73
72, 74
72, 78
2, 11
2, 10
2, 3
2, 4
2, 6
2, 5
2, 8
2, 7
2, 9
42, 50
42, 47
42, 43
42, 44
42, 48
42, 45
42, 51
42, 46
42, 49
12, 17
12, 15
12, 20
12, 13
12, 18
12, 21
12, 19
12, 14
12, 16
3, 7
3, 12
3, 4
3, 18
3, 32
3, 24
3, 49
3, 25
3, 22
7, 12
7, 18
7, 20
7, 22
7, 9
7, 21
7, 10
7, 8
7, 11
12, 16
12, 13
12, 17
12, 68
12, 14
12, 78
12, 15
12, 61
12, 47
4, 49
4, 5
4, 45
4, 46
4, 63
4, 44
4, 59
4, 56
4, 57
18, 20
18, 19
18, 16
18, 79
18, 43
18, 64
18, 62
18, 42
32, 39
32, 35
32, 36
32, 34
32, 38
32, 33
32, 40
32, 41
32, 37
24, 70
24, 73
24, 75
24, 65
24, 71
24, 76
24, 72
24, 74
24, 77
49, 58
49, 55
49, 54
49, 56
49, 57
49, 52
49, 51
49, 53
49, 50
25, 30
25, 28
25, 27
25, 26
25, 29
25, 31
25, 66
25, 67
25, 2
22, 48
22, 6
22, 23
22, 60
22, 73
22, 1
22, 69
1, 59
1, 2
1, 12
1, 64
1, 78
1, 22
1, 32
1, 45
1, 42
59, 64
59, 60
59, 61
59, 63
59, 62
59, 75
59, 74
59, 76
59, 77
2, 9
2, 6
2, 4
2, 8
2, 7
2, 3
2, 5
2, 11
2, 10
12, 20
12, 16
12, 14
12, 15
12, 17
12, 21
12, 19
12, 13
12, 18
64, 72
64, 68
64, 71
64, 70
64, 73
64, 67
64, 66
64, 69
64, 65
78, 85
78, 82
78, 83
78, 86
78, 84
78, 79
78, 87
78, 81
78, 80
22, 27
22, 25
22, 23
22, 29
22, 24
22, 31
22, 28
22, 26
22, 30
32, 34
32, 36
32, 41
32, 35
32, 33
32, 39
32, 40
32, 37
32, 38
45, 52
45, 54
45, 46
45, 53
45, 50
45, 49
45, 48
45, 47
45, 51
42, 44
42, 45
42, 56
42, 52
42, 43
42, 88
42, 55
42, 58
42, 57
8, 12
8, 34
8, 13
8, 21
8, 9
8, 31
8, 36
8, 44
8, 42
8, 28
12, 34
12, 13
12, 21
12, 36
12, 15
12, 26
12, 18
12, 28
12, 14
34, 38
34, 35
34, 36
34, 39
34, 37
34, 49
34, 2
34, 47
13, 19
13, 6
13, 12
13, 17
13, 16
21, 23
21, 22
21, 25
21, 24
21, 20
21, 27
21, 30
9, 10
9, 11
9, 7
31, 34
31, 36
31, 40
31, 35
31, 38
31, 32
31, 33
31, 41
31, 39
44, 4
44, 50
44, 48
44, 46
44, 3
44, 1
42, 43
42, 5
42, 51
28, 29
28, 12
28, 45
1, 72
1, 62
1, 42
1, 82
1, 22
1, 52
1, 2
1, 12
1, 32
72, 75
72, 73
72, 76
72, 74
72, 79
72, 81
72, 80
72, 78
72, 77
62, 68
62, 66
62, 63
62, 70
62, 69
62, 71
62, 65
62, 67
62, 64
42, 44
42, 47
42, 43
42, 49
42, 48
42, 45
42, 51
42, 50
42, 46
82, 84
82, 86
82, 89
82, 85
82, 90
82, 91
82, 88
82, 87
82, 83
22, 30
22, 24
22, 26
22, 27
22, 28
22, 29
22, 25
22, 23
22, 31
52, 58
52, 56
52, 57
52, 55
52, 53
52, 60
52, 59
52, 61
52, 54
2, 8
2, 10
2, 5
2, 11
2, 6
2, 3
2, 4
2, 9
2, 7
12, 18
12, 13
12, 19
12, 21
12, 14
12, 17
12, 15
12, 16
12, 20
32, 40
32, 36
32, 34
32, 37
32, 33
32, 35
32, 41
32, 38
32, 39
1, 3
1, 29
1, 39
1, 61
1, 10
1, 6
1, 50
1, 19
1, 2
3, 50
3, 57
3, 49
3, 60
3, 54
3, 53
3, 55
3, 18
3, 23
29, 32
29, 33
29, 31
29, 30
29, 34
29, 37
29, 35
29, 27
29, 36
39, 40
39, 46
39, 43
39, 47
39, 45
39, 48
39, 41
39, 42
39, 44
61, 64
61, 69
61, 62
61, 67
61, 66
61, 70
61, 68
61, 65
61, 63
10, 14
10, 13
10, 12
10, 17
10, 11
10, 15
10, 16
10, 25
10, 26
6, 5
6, 4
6, 8
6, 7
6, 9
6, 28
50, 51
50, 56
50, 52
50, 59
50, 58
19, 21
19, 20
19, 22
19, 24
19, 38
19, 71
16, 24
16, 20
16, 17
16, 21
16, 26
16, 23
16, 19
16, 18
16, 22
16, 25
24, 10
24, 4
24, 8
24, 28
24, 9
17, 4
17, 6
17, 37
17, 36
17, 39
17, 38
17, 5
17, 40
26, 2
26, 14
26, 12
26, 11
26, 13
26, 3
23, 10
23, 4
23, 7
23, 8
23, 27
23, 18
23, 1
19, 43
19, 46
19, 35
19, 45
19, 47
19, 44
22, 42
22, 30
22, 34
22, 41
22, 33
22, 32
22, 31
25, 29
25, 26
25, 15
25, 2
25, 14
25, 12
25, 11
25, 13
25, 3
1, 91
1, 54
1, 82
1, 55
1, 44
1, 12
1, 22
1, 33
1, 66
1, 2
91, 94
91, 92
91, 43
91, 96
91, 99
91, 95
91, 93
91, 98
91, 97
54, 55
54, 66
54, 77
54, 81
54, 78
54, 65
54, 80
54, 79
54, 76
82, 87
82, 85
82, 86
82, 90
82, 88
82, 89
82, 32
82, 83
82, 84
55, 56
55, 60
55, 63
55, 62
55, 61
55, 58
55, 59
55, 64
55, 57
44, 50
44, 47
44, 45
44, 51
44, 52
44, 53
44, 48
44, 46
44, 49
12, 20
12, 16
12, 17
12, 21
12, 18
12, 15
12, 19
12, 14
12, 13
22, 25
22, 27
22, 28
22, 30
22, 31
22, 23
22, 29
22, 26
22, 24
33, 34
33, 38
33, 40
33, 37
33, 41
33, 35
33, 39
33, 36
33, 42
66, 68
66, 74
66, 71
66, 67
66, 73
66, 69
66, 75
66, 72
66, 70
2, 5
2, 11
2, 8
2, 3
2, 10
2, 6
2, 7
2, 4
2, 9
7, 20
7, 22
7, 34
7, 47
7, 16
7, 19
7, 18
7, 11
7, 8
20, 22
20, 34
20, 47
20, 43
20, 32
20, 33
20, 29
20, 54
20, 51
22, 26
22, 31
22, 29
22, 28
22, 24
22, 25
22, 27
22, 30
22, 23
34, 40
34, 37
34, 42
34, 41
34, 36
34, 39
34, 38
34, 35
34, 44
47, 50
47, 51
47, 49
47, 48
47, 52
47, 53
47, 21
47, 45
47, 46
16, 4
16, 62
16, 66
16, 67
16, 1
16, 3
16, 64
16, 2
16, 65
19, 74
19, 75
19, 73
19, 68
19, 17
19, 56
19, 5
19, 70
19, 71
11, 12
11, 59
11, 13
11, 63
11, 60
11, 6
11, 61
11, 55
11, 72
8, 10
8, 9
8, 57
8, 58
8, 15
8, 14
8, 69
7, 61
7, 68
7, 45
7, 25
7, 15
7, 8
7, 35
7, 32
7, 51
61, 2
61, 67
61, 64
61, 62
61, 83
61, 1
61, 65
61, 63
61, 66
68, 90
68, 70
68, 74
68, 75
68, 84
68, 73
68, 72
68, 71
68, 69
45, 51
45, 58
45, 46
45, 50
45, 60
45, 49
45, 48
45, 47
45, 59
25, 26
25, 5
25, 30
25, 28
25, 31
25, 89
25, 29
25, 27
25, 81
15, 22
15, 17
15, 20
15, 23
15, 18
15, 21
15, 16
15, 19
15, 24
8, 14
8, 12
8, 11
8, 10
8, 85
8, 4
8, 13
8, 79
8, 9
35, 36
35, 38
35, 41
35, 39
35, 40
35, 42
35, 43
35, 44
35, 37
32, 34
32, 6
32, 33
32, 77
32, 3
32, 76
32, 80
32, 78
32, 82
51, 86
51, 87
51, 57
51, 54
51, 56
51, 52
51, 53
51, 88
51, 55
2, 44
2, 40
2, 41
2, 21
2, 31
2, 3
2, 56
2, 69
2, 4
44, 53
44, 51
44, 48
44, 52
44, 46
44, 49
44, 47
44, 50
44, 45
40, 44
40, 41
40, 56
40, 67
40, 64
40, 68
40, 65
40, 54
40, 66
41, 44
41, 56
41, 53
41, 54
41, 51
41, 43
41, 42
41, 55
41, 48
21, 28
21, 27
21, 30
21, 26
21, 23
21, 25
21, 24
21, 29
21, 22
31, 37
31, 34
31, 39
31, 35
31, 1
31, 36
31, 38
31, 33
31, 32
3, 4
3, 15
3, 18
3, 17
3, 14
3, 7
3, 19
3, 20
3, 16
56, 79
56, 63
56, 57
56, 58
56, 59
56, 62
56, 61
56, 60
56, 78
69, 75
69, 70
69, 74
69, 80
69, 73
69, 71
69, 72
69, 76
69, 77
4, 7
4, 9
4, 5
4, 11
4, 12
4, 8
4, 6
4, 10
4, 13
12, 20
12, 13
12, 2
12, 15
12, 27
12, 23
12, 25
12, 22
12, 17
13, 15
13, 20
13, 22
13, 21
13, 17
13, 16
13, 14
13, 18
13, 19
2, 4
2, 10
2, 5
2, 9
2, 11
2, 3
2, 6
2, 8
2, 7
27, 29
27, 30
27, 44
27, 28
27, 1
23, 24
23, 43
23, 37
23, 33
23, 35
23, 34
23, 38
23, 36
23, 45
25, 26
25, 31
25, 39
25, 42
25, 41
25, 40
17, 46
17, 32
17, 37
17, 28
17, 38
17, 40
17, 19
17, 7
17, 23
17, 20
17, 26
37, 38
37, 5
37, 39
37, 1
37, 2
37, 4
37, 3
38, 5
40, 43
40, 42
40, 44
7, 9
7, 14
7, 11
7, 13
7, 12
7, 8
7, 10
7, 16
7, 15
23, 24
23, 25
23, 36
23, 41
23, 6
20, 21
20, 18
20, 22
26, 28
26, 27
26, 31
26, 32
26, 33
26, 35
26, 29
26, 30
26, 34
4, 60
4, 61
4, 41
4, 69
4, 15
4, 16
4, 35
4, 5
4, 50
60, 61
60, 69
60, 62
60, 68
60, 81
60, 79
60, 67
60, 80
60, 83
61, 69
61, 62
61, 68
61, 67
61, 64
61, 63
61, 65
61, 66
61, 74
41, 43
41, 44
41, 45
41, 49
41, 42
41, 48
41, 47
41, 2
41, 46
69, 76
69, 74
69, 78
69, 77
69, 75
69, 70
69, 73
69, 71
69, 72
15, 16
15, 29
15, 30
15, 26
15, 32
15, 28
15, 33
15, 31
15, 27
16, 24
16, 17
16, 25
16, 22
16, 19
16, 23
16, 20
16, 21
16, 18
35, 39
35, 36
35, 40
35, 38
35, 37
35, 1
35, 82
35, 3
35, 34
5, 13
5, 11
5, 8
5, 7
5, 6
5, 14
5, 10
5, 9
5, 12
50, 58
50, 56
50, 55
50, 53
50, 54
50, 59
50, 52
50, 51
50, 57
45, 46
45, 52
45, 54
45, 53
45, 47
45, 48
45, 50
45, 51
45, 49
45, 11
46, 47
46, 42
46, 61
46, 59
46, 4
46, 6
46, 63
46, 9
46, 55
52, 21
52, 22
52, 35
52, 62
52, 24
52, 56
52, 58
52, 3
52, 5
54, 34
54, 32
54, 33
54, 44
54, 43
53, 27
53, 23
53, 22
53, 64
53, 16
53, 30
53, 2
53, 17
53, 10
47, 26
47, 29
47, 28
47, 25
47, 60
47, 31
51, 40
51, 38
51, 37
51, 39
51, 57
51, 41
51, 36
49, 8
49, 7
49, 1
11, 16
11, 17
11, 19
11, 15
11, 18
11, 20
11, 12
11, 14
11, 13
1, 32
1, 53
1, 33
1, 22
1, 76
1, 2
1, 12
1, 86
1, 43
1, 63
32, 53
32, 33
32, 76
32, 43
32, 63
32, 86
32, 73
32, 74
32, 75
53, 56
53, 62
53, 58
53, 55
53, 59
53, 54
53, 61
53, 60
53, 57
33, 37
33, 40
33, 39
33, 36
33, 41
33, 42
33, 34
33, 38
33, 35
22, 29
22, 26
22, 23
22, 30
22, 24
22, 31
22, 27
22, 25
22, 28
76, 79
76, 77
76, 80
76, 84
76, 83
76, 82
76, 85
76, 78
76, 81
2, 4
2, 6
2, 7
2, 5
2, 10
2, 11
2, 8
2, 9
2, 3
12, 21
12, 15
12, 14
12, 19
12, 16
12, 20
12, 18
12, 13
12, 17
86, 91
86, 87
86, 88
86, 93
86, 95
86, 94
86, 92
86, 90
86, 89
43, 48
43, 52
43, 50
43, 49
43, 51
43, 44
43, 47
43, 45
43, 46
63, 68
63, 72
63, 71
63, 69
63, 64
63, 70
63, 65
63, 66
63, 67
1, 57
1, 23
1, 34
1, 13
1, 46
1, 3
1, 82
1, 67
1, 72
57, 66
57, 59
57, 63
57, 65
57, 64
57, 62
57, 58
57, 61
57, 60
23, 27
23, 32
23, 28
23, 25
23, 26
23, 29
23, 31
23, 30
23, 24
34, 42
34, 39
34, 40
34, 37
34, 35
34, 41
34, 36
34, 38
34, 43
13, 17
13, 19
13, 16
13, 15
13, 21
13, 18
13, 14
13, 20
13, 22
46, 48
46, 53
46, 47
46, 50
46, 49
46, 54
46, 55
46, 52
46, 51
3, 4
3, 5
3, 9
3, 8
3, 11
3, 6
3, 7
3, 12
3, 10
82, 88
82, 91
82, 89
82, 87
82, 90
82, 85
82, 86
82, 83
82, 84
67, 71
67, 70
67, 45
67, 69
67, 68
67, 33
67, 56
67, 2
67, 44
72, 74
72, 80
72, 79
72, 73
72, 78
72, 75
72, 77
72, 76
72, 81
1, 36
1, 25
1, 13
1, 66
1, 2
1, 58
1, 77
1, 19
1, 46
36, 37
36, 46
36, 40
36, 43
36, 41
36, 39
36, 56
36, 38
36, 45
25, 32
25, 34
25, 27
25, 31
25, 33
25, 29
25, 26
25, 30
25, 28
13, 17
13, 15
13, 16
13, 18
13, 14
13, 65
66, 68
66, 70
66, 71
66, 67
66, 74
66, 72
66, 75
66, 69
66, 73
2, 7
2, 6
2, 3
2, 10
2, 5
2, 8
2, 4
2, 9
2, 11
58, 62
58, 76
58, 61
58, 59
58, 63
58, 44
58, 60
58, 84
58, 12
77, 82
77, 81
77, 78
77, 79
77, 80
77, 64
77, 83
77, 57
77, 42
19, 25
19, 35
19, 23
19, 20
19, 24
19, 34
19, 26
19, 22
19, 21
46, 51
46, 50
46, 47
46, 55
46, 49
46, 53
46, 48
46, 54
46, 52
5, 8
5, 6
5, 62
5, 11
5, 58
5, 56
5, 38
5, 28
5, 48
5, 33
8, 11
8, 17
8, 20
8, 9
8, 22
8, 19
8, 10
8, 21
8, 15
6, 8
6, 11
6, 24
6, 17
6, 28
6, 32
6, 23
6, 7
6, 27
62, 75
62, 77
62, 78
62, 72
62, 1
62, 74
62, 76
11, 15
11, 12
11, 13
11, 14
11, 16
11, 4
11, 26
11, 18
11, 25
58, 62
58, 65
58, 75
58, 61
58, 59
58, 63
58, 64
58, 60
58, 73
56, 70
56, 69
56, 68
56, 80
56, 67
56, 66
56, 71
38, 47
38, 45
38, 41
38, 39
38, 46
38, 44
38, 40
38, 43
38, 42
28, 29
28, 30
28, 31
28, 3
28, 81
28, 2
48, 50
48, 56
48, 51
48, 53
48, 57
48, 52
48, 49
48, 54
48, 55
33, 37
33, 34
33, 36
33, 35
33, 79
1, 72
1, 62
1, 22
1, 82
1, 32
1, 42
1, 2
1, 52
1, 12
72, 80
72, 79
72, 73
72, 74
72, 76
72, 78
72, 81
72, 77
72, 75
62, 65
62, 67
62, 68
62, 66
62, 71
62, 69
62, 70
62, 64
62, 63
22, 24
22, 23
22, 29
22, 28
22, 31
22, 25
22, 26
22, 30
22, 27
82, 84
82, 91
82, 86
82, 89
82, 88
82, 90
82, 83
82, 87
82, 85
32, 39
32, 37
32, 35
32, 41
32, 40
32, 33
32, 36
32, 38
32, 34
42, 50
42, 47
42, 46
42, 51
42, 49
42, 48
42, 45
42, 44
42, 43
2, 5
2, 8
2, 11
2, 7
2, 9
2, 6
2, 10
2, 3
2, 4
52, 61
52, 55
52, 58
52, 59
52, 54
52, 57
52, 60
52, 53
52, 56
12, 13
12, 20
12, 19
12, 21
12, 17
12, 15
12, 18
12, 14
12, 16
1, 2
1, 50
1, 53
1, 20
1, 40
1, 10
1, 30
1, 66
1, 76
2, 10
2, 14
2, 5
2, 6
2, 3
2, 8
2, 9
2, 7
2, 4
50, 53
50, 52
50, 51
50, 63
50, 64
50, 56
50, 55
50, 65
50, 54
53, 56
53, 55
53, 57
53, 54
53, 58
53, 62
53, 59
53, 61
53, 60
20, 24
20, 26
20, 21
20, 25
20, 23
20, 28
20, 22
20, 29
20, 27
40, 42
40, 45
40, 43
40, 41
40, 46
40, 44
40, 47
40, 49
40, 48
10, 14
10, 16
10, 19
10, 12
10, 11
10, 15
10, 18
10, 13
10, 17
30, 37
30, 32
30, 36
30, 31
30, 33
30, 34
30, 35
30, 38
30, 39
66, 70
66, 71
66, 73
66, 68
66, 67
66, 75
66, 69
66, 74
66, 72
76, 83
76, 84
76, 82
76, 80
76, 78
76, 77
76, 85
76, 79
76, 81
1, 27
1, 14
1, 73
1, 39
1, 80
1, 2
1, 3
1, 63
1, 52
1, 16
27, 31
27, 28
27, 30
27, 34
27, 33
27, 32
27, 35
27, 29
27, 36
14, 27
14, 39
14, 16
14, 38
14, 26
14, 37
14, 50
14, 15
14, 49
73, 80
73, 90
73, 79
73, 74
73, 75
73, 78
73, 91
73, 77
73, 76
39, 45
39, 46
39, 44
39, 43
39, 48
39, 42
39, 40
39, 41
39, 47
80, 84
80, 81
80, 83
80, 82
80, 86
80, 87
80, 85
80, 88
80, 89
2, 27
2, 14
2, 39
2, 52
2, 3
2, 16
2, 62
2, 51
2, 13
3, 9
3, 11
3, 4
3, 8
3, 5
3, 6
3, 10
3, 7
3, 12
63, 71
63, 68
63, 70
63, 66
63, 69
63, 67
63, 65
63, 64
63, 72
52, 57
52, 60
52, 53
52, 58
52, 55
52, 54
52, 61
52, 56
52, 59
16, 20
16, 22
16, 18
16, 17
16, 23
16, 19
16, 24
16, 21
16, 25
5, 44
5, 39
5, 49
5, 29
5, 15
5, 12
5, 6
5, 11
5, 7
44, 48
44, 45
44, 47
44, 46
44, 62
44, 42
39, 49
39, 44
39, 41
39, 40
39, 54
39, 53
39, 55
39, 43
39, 52
49, 51
49, 50
49, 39
49, 40
29, 31
29, 36
29, 38
29, 32
29, 37
29, 35
29, 33
29, 30
29, 34
15, 20
15, 18
15, 21
15, 19
15, 17
15, 22
15, 16
15, 2
12, 15
12, 26
12, 24
12, 28
12, 13
12, 23
12, 14
12, 27
12, 25
11, 61
11, 4
11, 57
11, 1
11, 56
11, 58
11, 60
11, 3
11, 59
7, 8
7, 10
7, 9
1, 2
1, 36
1, 3
1, 14
1, 69
1, 46
1, 48
1, 82
1, 58
1, 25
2, 3
2, 36
2, 14
2, 25
2, 24
2, 5
2, 16
2, 35
2, 13
36, 37
36, 41
36, 39
36, 44
36, 42
36, 45
36, 38
36, 43
36, 40
3, 5
3, 7
3, 8
3, 6
3, 11
3, 9
3, 4
3, 10
3, 12
14, 16
14, 18
14, 20
14, 23
14, 22
14, 17
14, 19
14, 15
14, 21
69, 75
69, 73
69, 77
69, 71
69, 78
69, 76
69, 70
69, 74
69, 72
46, 69
46, 58
46, 79
46, 48
46, 68
46, 81
46, 75
46, 80
46, 47
48, 51
48, 57
48, 49
48, 56
48, 52
48, 54
48, 53
48, 55
48, 50
82, 84
82, 86
82, 90
82, 89
82, 85
82, 91
82, 88
82, 87
82, 83
58, 59
58, 67
58, 66
58, 65
58, 63
58, 61
58, 62
58, 64
58, 60
25, 28
25, 26
25, 32
25, 27
25, 30
25, 29
25, 31
25, 34
25, 33
1, 67
1, 56
1, 39
1, 4
1, 45
1, 2
1, 18
1, 87
1, 77
1, 29
67, 74
67, 69
67, 68
67, 76
67, 73
67, 75
67, 71
67, 72
67, 70
56, 58
56, 59
56, 57
56, 62
56, 65
56, 61
56, 63
56, 60
56, 64
39, 45
39, 56
39, 66
39, 44
39, 40
39, 43
39, 42
39, 55
39, 41
4, 7
4, 5
4, 9
4, 10
4, 8
4, 6
4, 12
4, 13
4, 11
45, 53
45, 46
45, 49
45, 51
45, 47
45, 48
45, 52
45, 50
45, 54
2, 18
2, 4
2, 29
2, 16
2, 28
2, 15
2, 17
2, 3
2, 14
18, 23
18, 20
18, 26
18, 24
18, 19
18, 27
18, 25
18, 22
18, 21
87, 94
87, 96
87, 89
87, 91
87, 90
87, 92
87, 95
87, 93
87, 88
77, 85
77, 79
77, 83
77, 78
77, 84
77, 86
77, 81
77, 80
77, 82
29, 38
29, 30
29, 34
29, 36
29, 35
29, 33
29, 37
29, 31
29, 32
47, 68
47, 48
47, 56
47, 62
47, 65
47, 32
47, 54
47, 61
47, 78
68, 74
68, 72
68, 69
68, 75
68, 77
68, 73
68, 70
68, 71
68, 76
48, 50
48, 80
48, 53
48, 13
48, 32
48, 52
48, 49
48, 35
48, 51
56, 25
56, 58
56, 57
56, 59
56, 10
56, 16
56, 85
56, 5
56, 60
62, 63
62, 68
62, 29
62, 21
62, 35
62, 31
62, 64
62, 11
62, 2
65, 67
65, 66
65, 12
65, 80
65, 1
65, 79
65, 18
65, 8
65, 14
32, 35
32, 41
32, 38
32, 33
32, 34
32, 40
32, 36
32, 39
32, 37
54, 44
54, 20
54, 55
54, 42
54, 43
54, 30
54, 84
54, 19
54, 82
61, 3
61, 4
61, 6
61, 26
61, 7
61, 27
61, 17
61, 28
61, 15
78, 81
78, 2
78, 45
78, 83
78, 24
78, 46
78, 23
78, 22
78, 9
10, 11
10, 31
10, 35
10, 25
10, 55
10, 54
10, 46
10, 36
10, 53
11, 19
11, 16
11, 17
11, 14
11, 13
11, 18
11, 12
11, 21
11, 20
31, 34
31, 32
31, 5
31, 24
31, 56
31, 15
31, 30
35, 36
35, 45
35, 41
35, 44
35, 43
35, 42
35, 39
35, 38
35, 40
25, 28
25, 31
25, 26
25, 29
25, 27
25, 34
25, 36
25, 33
25, 37
55, 7
55, 8
54, 1
54, 55
54, 8
54, 7
54, 6
54, 9
54, 2
54, 4
54, 3
46, 49
46, 47
46, 51
46, 48
46, 22
46, 50
46, 37
46, 23
36, 37
36, 58
36, 59
36, 35
53, 52
53, 57
1, 32
1, 70
1, 2
1, 22
1, 90
1, 52
1, 40
1, 12
1, 80
1, 60
32, 40
32, 50
32, 39
32, 37
32, 35
32, 33
32, 38
32, 36
32, 34
70, 72
70, 79
70, 76
70, 75
70, 74
70, 77
70, 73
70, 78
70, 71
2, 11
2, 7
2, 8
2, 6
2, 9
2, 3
2, 4
2, 5
2, 10
22, 28
22, 26
22, 24
22, 23
22, 25
22, 30
22, 31
22, 27
22, 29
90, 91
90, 98
90, 97
90, 96
90, 94
90, 95
90, 92
90, 93
90, 99
52, 59
52, 56
52, 51
52, 54
52, 55
52, 53
52, 57
52, 58
52, 100
40, 47
40, 42
40, 41
40, 49
40, 45
40, 48
40, 43
40, 46
40, 44
12, 13
12, 14
12, 15
12, 20
12, 17
12, 21
12, 19
12, 18
12, 16
80, 87
80, 81
80, 83
80, 86
80, 85
80, 88
80, 84
80, 89
80, 82
60, 65
60, 64
60, 63
60, 68
60, 66
60, 69
60, 67
60, 62
60, 61
2, 53
2, 63
2, 33
2, 43
2, 3
2, 15
2, 24
2, 13
2, 51
53, 62
53, 54
53, 60
53, 61
53, 57
53, 55
53, 58
53, 59
53, 56
63, 71
63, 64
63, 72
63, 67
63, 66
63, 68
63, 70
63, 69
63, 65
33, 41
33, 39
33, 40
33, 34
33, 38
33, 36
33, 37
33, 35
33, 42
43, 51
43, 46
43, 78
43, 48
43, 45
43, 49
43, 50
43, 47
43, 44
3, 9
3, 8
3, 7
3, 5
3, 10
3, 6
3, 4
3, 11
3, 12
15, 20
15, 19
15, 22
15, 23
15, 16
15, 18
15, 17
15, 21
15, 83
24, 28
24, 30
24, 26
24, 27
24, 32
24, 25
24, 29
24, 76
24, 31
13, 14
13, 1
13, 74
51, 78
51, 52
51, 82
51, 79
51, 77
51, 73
51, 80
51, 81
51, 75
11, 18
11, 29
11, 43
11, 25
11, 40
11, 1
11, 16
11, 12
11, 17
18, 29
18, 43
18, 25
18, 40
18, 27
18, 24
18, 36
18, 28
18, 30
29, 30
29, 36
29, 32
29, 34
29, 31
29, 38
29, 35
29, 33
29, 37
43, 45
43, 46
43, 44
43, 42
25, 26
25, 50
25, 51
25, 54
25, 20
25, 19
25, 21
40, 22
40, 23
40, 41
40, 39
1, 10
1, 2
1, 6
1, 9
1, 7
1, 5
1, 4
1, 8
1, 3
16, 15
12, 13
12, 14
12, 48
12, 53
12, 56
12, 52
12, 55
12, 47
12, 49
1, 31
1, 21
1, 81
1, 51
1, 11
1, 41
1, 2
1, 61
1, 71
31, 35
31, 32
31, 40
31, 36
31, 37
31, 38
31, 33
31, 34
31, 39
21, 26
21, 23
21, 28
21, 24
21, 25
21, 30
21, 22
21, 27
21, 29
81, 88
81, 84
81, 83
81, 89
81, 82
81, 85
81, 86
81, 90
81, 87
51, 59
51, 53
51, 54
51, 55
51, 52
51, 56
51, 58
51, 60
51, 57
11, 13
11, 17
11, 14
11, 16
11, 12
11, 20
11, 18
11, 15
11, 19
41, 44
41, 43
41, 50
41, 47
41, 49
41, 48
41, 45
41, 42
41, 46
2, 4
2, 10
2, 6
2, 7
2, 9
2, 8
2, 3
2, 5
2, 91
61, 63
61, 62
61, 66
61, 67
61, 65
61, 68
61, 70
61, 69
61, 64
71, 78
71, 76
71, 74
71, 79
71, 75
71, 72
71, 80
71, 77
71, 73
1, 61
1, 21
1, 51
1, 41
1, 31
1, 62
1, 6
1, 2
1, 84
1, 74
61, 62
61, 84
61, 74
61, 72
61, 96
61, 83
61, 73
61, 94
61, 95
21, 25
21, 26
21, 23
21, 29
21, 22
21, 30
21, 27
21, 24
21, 28
51, 56
51, 55
51, 58
51, 52
51, 57
51, 60
51, 59
51, 53
51, 54
41, 44
41, 50
41, 46
41, 43
41, 42
41, 47
41, 48
41, 49
41, 45
31, 35
31, 36
31, 40
31, 39
31, 32
31, 34
31, 38
31, 33
31, 37
62, 71
62, 64
62, 65
62, 68
62, 67
62, 66
62, 63
62, 69
62, 70
6, 11
6, 12
6, 10
6, 8
6, 14
6, 15
6, 7
6, 13
6, 9
2, 6
2, 4
2, 19
2, 17
2, 5
2, 16
2, 18
2, 3
2, 20
84, 86
84, 87
84, 85
84, 92
84, 88
84, 89
84, 93
84, 91
84, 90
74, 81
74, 79
74, 82
74, 75
74, 80
74, 76
74, 77
74, 97
74, 78
1, 56
1, 59
1, 46
1, 36
1, 19
1, 9
1, 26
1, 2
1, 69
1, 81
56, 59
56, 81
56, 69
56, 80
56, 92
56, 57
56, 58
56, 91
56, 79
59, 61
59, 68
59, 63
59, 62
59, 65
59, 67
59, 66
59, 60
59, 64
46, 54
46, 51
46, 52
46, 53
46, 47
46, 48
46, 55
46, 50
46, 49
36, 37
36, 44
36, 43
36, 38
36, 40
36, 45
36, 41
36, 42
36, 39
19, 26
19, 25
19, 22
19, 23
19, 20
19, 24
19, 33
19, 21
19, 35
9, 14
9, 13
9, 18
9, 11
9, 12
9, 10
9, 15
9, 16
9, 17
26, 33
26, 35
26, 28
26, 30
26, 27
26, 29
26, 31
26, 34
26, 32
2, 6
2, 5
2, 94
2, 7
2, 93
2, 95
2, 4
2, 8
2, 3
69, 71
69, 76
69, 77
69, 75
69, 70
69, 78
69, 72
69, 73
69, 74
81, 85
81, 90
81, 87
81, 84
81, 83
81, 89
81, 82
81, 88
81, 86
1, 68
1, 46
1, 70
1, 86
1, 56
1, 22
1, 12
1, 42
1, 32
1, 2
68, 70
68, 80
68, 71
68, 82
68, 84
68, 81
68, 69
68, 83
68, 85
46, 51
46, 53
46, 54
46, 55
46, 50
46, 49
46, 48
46, 52
46, 47
70, 71
70, 77
70, 73
70, 72
70, 78
70, 75
70, 76
70, 79
70, 74
86, 92
86, 88
86, 93
86, 89
86, 95
86, 87
86, 91
86, 90
86, 94
56, 63
56, 61
56, 65
56, 60
56, 62
56, 57
56, 59
56, 58
56, 64
22, 23
22, 26
22, 30
22, 28
22, 25
22, 24
22, 31
22, 27
22, 29
12, 20
12, 14
12, 15
12, 19
12, 13
12, 18
12, 17
12, 16
12, 21
42, 56
42, 46
42, 63
42, 66
42, 44
42, 45
42, 43
42, 51
42, 67
32, 33
32, 37
32, 40
32, 39
32, 35
32, 36
32, 38
32, 41
32, 34
2, 5
2, 6
2, 7
2, 11
2, 10
2, 9
2, 4
2, 3
2, 8
1, 6
1, 28
1, 76
1, 30
1, 16
1, 2
1, 46
1, 56
1, 66
6, 11
6, 13
6, 14
6, 15
6, 10
6, 9
6, 8
6, 12
6, 7
28, 30
28, 40
28, 31
28, 42
28, 44
28, 41
28, 29
28, 43
28, 45
76, 82
76, 78
76, 83
76, 79
76, 85
76, 77
76, 81
76, 80
76, 84
30, 31
30, 37
30, 33
30, 32
30, 38
30, 35
30, 36
30, 39
30, 34
16, 23
16, 21
16, 25
16, 20
16, 22
16, 17
16, 19
16, 18
16, 24
2, 16
2, 6
2, 23
2, 26
2, 4
2, 5
2, 3
2, 11
2, 27
46, 49
46, 51
46, 50
46, 52
46, 53
46, 55
46, 47
46, 48
46, 54
56, 62
56, 64
56, 58
56, 60
56, 59
56, 65
56, 61
56, 57
56, 63
66, 74
66, 71
66, 73
66, 72
66, 75
66, 70
66, 67
66, 68
66, 69
1, 52
1, 12
1, 62
1, 22
1, 82
1, 2
1, 42
1, 32
1, 72
52, 53
52, 55
52, 58
52, 56
52, 59
52, 57
52, 54
52, 60
52, 61
12, 19
12, 14
12, 21
12, 20
12, 17
12, 16
12, 15
12, 18
12, 13
62, 65
62, 70
62, 67
62, 63
62, 66
62, 68
62, 64
62, 69
62, 71
22, 23
22, 26
22, 25
22, 28
22, 30
22, 27
22, 24
22, 29
22, 31
82, 86
82, 88
82, 91
82, 89
82, 87
82, 84
82, 85
82, 83
82, 90
2, 10
2, 5
2, 11
2, 3
2, 4
2, 6
2, 9
2, 7
2, 8
42, 51
42, 44
42, 48
42, 50
42, 43
42, 47
42, 45
42, 49
42, 46
32, 35
32, 34
32, 38
32, 40
32, 37
32, 41
32, 36
32, 39
32, 33
72, 81
72, 79
72, 80
72, 76
72, 78
72, 73
72, 75
72, 74
72, 77
1, 33
1, 11
1, 21
1, 58
1, 47
1, 22
1, 41
1, 52
1, 29
1, 6
33, 41
33, 40
33, 43
33, 37
33, 44
33, 39
33, 36
33, 35
33, 34
11, 14
11, 12
11, 13
11, 15
11, 16
11, 69
11, 3
11, 18
11, 67
21, 22
21, 17
21, 20
21, 4
58, 60
58, 61
58, 62
58, 59
22, 24
22, 25
22, 26
22, 23
22, 27
22, 19
22, 51
22, 49
22, 28
41, 46
41, 38
41, 42
41, 43
41, 45
52, 55
52, 57
52, 66
52, 53
52, 54
52, 56
52, 64
52, 63
52, 65
29, 31
29, 30
29, 32
29, 48
29, 5
29, 2
29, 68
6, 8
6, 10
6, 7
6, 9
6, 50
1, 35
1, 83
1, 44
1, 68
1, 2
1, 24
1, 14
1, 65
1, 3
1, 55
35, 37
35, 42
35, 40
35, 43
35, 39
35, 38
35, 41
35, 36
35, 93
83, 91
83, 87
83, 84
83, 85
83, 90
83, 88
83, 89
83, 86
83, 92
44, 45
44, 49
44, 53
44, 52
44, 50
44, 47
44, 46
44, 51
44, 48
68, 69
68, 74
68, 75
68, 67
68, 71
68, 73
68, 70
68, 66
68, 72
2, 35
2, 44
2, 14
2, 24
2, 54
2, 3
2, 34
2, 13
2, 55
24, 31
24, 27
24, 26
24, 30
24, 28
24, 29
24, 33
24, 25
24, 32
14, 22
14, 17
14, 18
14, 16
14, 15
14, 20
14, 19
14, 23
14, 21
65, 68
65, 83
65, 81
65, 80
65, 79
65, 78
65, 76
65, 82
65, 77
3, 5
3, 6
3, 7
3, 11
3, 10
3, 4
3, 8
3, 9
3, 12
55, 63
55, 64
55, 59
55, 57
55, 60
55, 58
55, 56
55, 61
55, 62
1, 22
1, 61
1, 71
1, 41
1, 31
1, 73
1, 2
1, 51
1, 12
22, 31
22, 28
22, 24
22, 26
22, 25
22, 23
22, 27
22, 30
22, 29
61, 64
61, 65
61, 69
61, 62
61, 67
61, 66
61, 63
61, 68
61, 70
71, 73
71, 87
71, 79
71, 88
71, 83
71, 72
71, 85
71, 86
71, 84
41, 50
41, 49
41, 47
41, 42
41, 44
41, 43
41, 48
41, 45
41, 46
31, 40
31, 35
31, 32
31, 39
31, 33
31, 36
31, 38
31, 34
31, 37
73, 79
73, 82
73, 81
73, 75
73, 80
73, 78
73, 77
73, 74
73, 76
2, 3
2, 11
2, 8
2, 4
2, 7
2, 10
2, 9
2, 6
2, 5
51, 53
51, 54
51, 52
51, 60
51, 56
51, 57
51, 55
51, 58
51, 59
12, 20
12, 14
12, 21
12, 18
12, 13
12, 19
12, 15
12, 16
12, 17
1, 2
1, 39
1, 76
1, 44
1, 66
1, 8
1, 29
1, 19
1, 56
2, 8
2, 19
2, 17
2, 3
2, 4
2, 7
2, 6
2, 18
2, 5
39, 44
39, 56
39, 59
39, 55
39, 40
39, 54
39, 41
39, 42
39, 43
76, 84
76, 85
76, 78
76, 80
76, 79
76, 83
76, 82
76, 81
76, 77
44, 51
44, 49
44, 45
44, 48
44, 52
44, 50
44, 46
44, 53
44, 47
66, 74
66, 75
66, 68
66, 71
66, 72
66, 67
66, 70
66, 69
66, 73
8, 17
8, 14
8, 15
8, 9
8, 10
8, 11
8, 12
8, 13
8, 16
29, 36
29, 38
29, 34
29, 35
29, 32
29, 31
29, 37
29, 33
29, 30
19, 28
19, 24
19, 22
19, 23
19, 27
19, 21
19, 26
19, 20
19, 25
56, 59
56, 65
56, 61
56, 58
56, 64
56, 63
56, 57
56, 62
56, 60
2, 4
2, 11
2, 21
2, 31
2, 41
2, 52
2, 56
2, 66
2, 46
4, 11
4, 21
4, 22
4, 9
4, 10
4, 5
4, 6
4, 8
4, 7
11, 17
11, 19
11, 18
11, 12
11, 15
11, 16
11, 20
11, 14
11, 13
21, 22
21, 25
21, 30
21, 24
21, 27
21, 28
21, 26
21, 29
21, 23
31, 39
31, 37
31, 40
31, 36
31, 35
31, 34
31, 38
31, 33
31, 32
41, 42
41, 45
41, 43
41, 44
41, 80
41, 77
41, 68
41, 79
41, 76
52, 53
52, 55
52, 54
52, 71
52, 73
52, 72
52, 81
52, 70
52, 83
56, 57
56, 64
56, 61
56, 58
56, 59
56, 60
56, 63
56, 62
56, 65
66, 64
66, 67
66, 75
66, 85
66, 78
66, 82
66, 69
66, 87
66, 84
46, 47
46, 48
46, 51
46, 50
46, 49
46, 1
46, 3
46, 74
46, 86
2, 12
2, 20
2, 11
2, 3
2, 18
2, 15
2, 31
2, 26
2, 25
12, 13
12, 14
12, 42
12, 36
12, 39
12, 41
12, 38
12, 40
12, 37
20, 21
20, 22
20, 5
20, 28
20, 46
20, 19
20, 29
20, 8
11, 52
11, 47
11, 49
3, 7
3, 9
3, 5
3, 6
3, 8
3, 4
3, 33
3, 35
3, 34
18, 44
18, 10
18, 46
18, 51
18, 24
18, 17
18, 45
15, 16
15, 17
15, 48
15, 1
15, 4
15, 27
26, 44
26, 10
26, 30
26, 50
25, 43
25, 42
25, 23
25, 39
25, 32
25, 40
25, 37
1, 2
1, 4
1, 54
1, 33
1, 51
1, 11
1, 23
1, 3
1, 36
1, 65
2, 4
2, 54
2, 33
2, 51
2, 23
2, 11
2, 3
2, 36
2, 22
4, 11
4, 6
4, 20
4, 5
4, 10
4, 9
4, 21
4, 8
4, 7
54, 57
54, 60
54, 55
54, 62
54, 59
54, 58
54, 61
54, 56
54, 63
33, 36
33, 45
33, 50
33, 46
33, 47
33, 49
33, 35
33, 34
33, 48
51, 54
51, 57
51, 60
51, 52
51, 55
51, 64
51, 62
51, 53
51, 59
11, 13
11, 15
11, 17
11, 75
11, 16
11, 19
11, 18
11, 12
11, 14
23, 26
23, 29
23, 30
23, 32
23, 28
23, 31
23, 24
23, 25
23, 27
3, 4
3, 11
3, 6
3, 20
3, 5
3, 9
3, 10
3, 21
3, 7
36, 43
36, 76
36, 41
36, 38
36, 40
36, 39
36, 42
36, 44
36, 37
65, 71
65, 67
65, 72
65, 68
65, 70
65, 69
65, 66
65, 74
65, 73
1, 2
1, 42
1, 63
1, 77
1, 12
1, 32
1, 43
1, 73
1, 22
2, 3
2, 6
2, 10
2, 9
2, 11
2, 8
2, 5
2, 7
2, 4
42, 43
42, 57
42, 59
42, 58
42, 55
42, 54
42, 53
42, 56
42, 60
63, 71
63, 69
63, 72
63, 67
63, 64
63, 66
63, 70
63, 68
63, 65
77, 79
77, 84
77, 81
77, 85
77, 78
77, 82
77, 80
77, 86
77, 83
12, 18
12, 13
12, 15
12, 17
12, 20
12, 19
12, 16
12, 21
12, 14
32, 41
32, 40
32, 37
32, 38
32, 39
32, 36
32, 33
32, 35
32, 34
43, 45
43, 44
43, 49
43, 46
43, 48
43, 52
43, 50
43, 51
43, 47
73, 89
73, 74
73, 75
73, 61
73, 76
73, 62
73, 88
73, 90
73, 87
22, 27
22, 28
22, 24
22, 25
22, 31
22, 29
22, 26
22, 30
22, 23
1, 66
1, 65
1, 42
1, 2
1, 61
1, 49
1, 22
1, 77
1, 32
1, 12
66, 69
66, 68
66, 70
66, 73
66, 67
66, 71
66, 75
66, 74
66, 72
65, 66
65, 77
65, 88
65, 81
65, 76
65, 84
65, 89
65, 69
65, 87
42, 49
42, 43
42, 47
42, 48
42, 45
42, 60
42, 59
42, 46
42, 44
2, 4
2, 5
2, 6
2, 3
2, 7
2, 8
2, 10
2, 11
2, 9
61, 66
61, 65
61, 77
61, 62
61, 88
61, 90
61, 64
61, 91
61, 63
49, 55
49, 50
49, 52
49, 51
49, 53
49, 57
49, 58
49, 54
49, 56
22, 29
22, 23
22, 26
22, 28
22, 25
22, 31
22, 30
22, 27
22, 24
77, 81
77, 84
77, 79
77, 78
77, 83
77, 85
77, 80
77, 82
77, 86
32, 34
32, 39
32, 33
32, 36
32, 38
32, 40
32, 37
32, 41
32, 35
12, 13
12, 19
12, 18
12, 16
12, 20
12, 15
12, 21
12, 17
12, 14
3, 35
3, 58
3, 33
3, 70
3, 49
3, 23
3, 76
3, 4
3, 14
3, 63
35, 37
35, 44
35, 38
35, 36
35, 42
35, 39
35, 43
35, 41
35, 40
58, 70
58, 76
58, 63
58, 59
58, 60
58, 61
58, 62
58, 84
58, 69
33, 35
33, 37
33, 34
33, 46
33, 38
33, 48
33, 44
33, 47
33, 45
70, 85
70, 92
70, 72
70, 87
70, 74
70, 73
70, 71
70, 88
70, 75
49, 53
49, 52
49, 54
49, 50
49, 57
49, 1
49, 55
49, 51
49, 56
23, 25
23, 30
23, 32
23, 24
23, 31
23, 27
23, 29
23, 28
23, 26
76, 79
76, 80
76, 78
76, 81
76, 83
76, 93
76, 82
76, 77
76, 2
4, 5
4, 7
4, 6
4, 13
4, 9
4, 12
4, 11
4, 10
4, 8
14, 17
14, 22
14, 86
14, 15
14, 16
14, 18
14, 21
14, 20
14, 19
63, 94
63, 64
63, 91
63, 66
63, 65
63, 67
63, 68
63, 89
63, 90
1, 22
1, 26
1, 71
1, 48
1, 45
1, 2
1, 59
1, 12
1, 35
22, 71
22, 26
22, 48
22, 45
22, 59
22, 35
22, 23
22, 24
22, 25
26, 27
26, 29
26, 31
26, 34
26, 33
26, 28
26, 82
26, 30
26, 32
71, 73
71, 75
71, 74
71, 80
71, 77
71, 72
71, 78
71, 79
71, 76
48, 53
48, 50
48, 52
48, 56
48, 55
48, 54
48, 57
48, 49
48, 51
45, 71
45, 59
45, 48
45, 58
45, 81
45, 69
45, 47
45, 70
45, 46
2, 8
2, 6
2, 10
2, 3
2, 5
2, 11
2, 4
2, 9
2, 7
59, 61
59, 65
59, 68
59, 66
59, 67
59, 64
59, 63
59, 62
59, 60
12, 19
12, 21
12, 14
12, 18
12, 16
12, 13
12, 17
12, 15
12, 20
35, 43
35, 37
35, 44
35, 42
35, 40
35, 38
35, 39
35, 41
35, 36
2, 38
2, 9
2, 28
2, 15
2, 66
2, 56
2, 39
2, 3
2, 19
2, 79
38, 51
38, 50
38, 54
38, 52
38, 56
38, 39
38, 49
38, 55
38, 53
9, 15
9, 11
9, 12
9, 18
9, 17
9, 10
9, 14
9, 13
9, 16
28, 31
28, 37
28, 30
28, 33
28, 35
28, 32
28, 34
28, 36
28, 29
66, 69
66, 70
66, 71
66, 75
66, 74
66, 68
66, 67
66, 72
66, 73
56, 62
56, 60
56, 65
56, 59
56, 57
56, 61
56, 64
56, 63
56, 58
39, 43
39, 42
39, 40
39, 45
39, 44
39, 46
39, 47
39, 48
39, 41
3, 5
3, 7
3, 4
3, 6
3, 78
3, 8
3, 77
3, 76
3, 89
19, 27
19, 23
19, 26
19, 25
19, 20
19, 1
19, 24
19, 22
19, 21
79, 87
79, 84
79, 86
79, 82
79, 85
79, 80
79, 81
79, 88
79, 83
1, 40
1, 80
1, 12
1, 70
1, 50
1, 2
1, 20
1, 30
1, 60
1, 90
40, 45
40, 46
40, 42
40, 43
40, 49
40, 48
40, 41
40, 47
40, 44
80, 86
80, 81
80, 82
80, 87
80, 88
80, 85
80, 89
80, 83
80, 84
12, 20
12, 18
12, 16
12, 17
12, 19
12, 15
12, 26
12, 14
12, 13
70, 76
70, 72
70, 79
70, 77
70, 73
70, 75
70, 78
70, 74
70, 71
50, 58
50, 54
50, 59
50, 55
50, 51
50, 53
50, 56
50, 52
50, 57
2, 7
2, 5
2, 3
2, 11
2, 8
2, 6
2, 4
2, 10
2, 9
20, 26
20, 27
20, 29
20, 21
20, 22
20, 25
20, 23
20, 24
20, 28
30, 35
30, 37
30, 34
30, 36
30, 32
30, 39
30, 31
30, 38
30, 33
60, 69
60, 68
60, 64
60, 67
60, 66
60, 65
60, 62
60, 63
60, 61
90, 91
90, 97
90, 92
90, 94
90, 98
90, 95
90, 99
90, 93
90, 96
1, 59
1, 2
1, 87
1, 12
1, 74
1, 50
1, 22
1, 32
1, 60
1, 41
59, 74
59, 60
59, 70
59, 84
59, 85
59, 73
59, 86
59, 71
59, 72
2, 8
2, 4
2, 11
2, 9
2, 5
2, 7
2, 10
2, 6
2, 3
87, 88
87, 94
87, 89
87, 91
87, 95
87, 92
87, 96
87, 90
87, 93
12, 17
12, 15
12, 19
12, 20
12, 16
12, 18
12, 13
12, 14
12, 21
74, 79
74, 78
74, 75
74, 83
74, 82
74, 80
74, 77
74, 81
74, 76
50, 57
50, 52
50, 56
50, 51
50, 55
50, 58
50, 54
50, 53
50, 98
22, 24
22, 23
22, 28
22, 31
22, 27
22, 30
22, 25
22, 26
22, 29
32, 35
32, 33
32, 39
32, 40
32, 38
32, 36
32, 34
32, 37
32, 99
60, 68
60, 64
60, 61
60, 63
60, 69
60, 67
60, 65
60, 62
60, 66
41, 45
41, 43
41, 97
41, 44
41, 42
41, 49
41, 46
41, 47
41, 48
1, 71
1, 47
1, 13
1, 50
1, 12
1, 23
1, 38
1, 60
1, 2
71, 74
71, 77
71, 78
71, 73
71, 76
71, 79
71, 75
71, 72
71, 80
47, 60
47, 50
47, 49
47, 70
47, 62
47, 48
47, 52
47, 68
47, 55
13, 14
13, 17
13, 22
13, 18
13, 16
13, 21
13, 15
13, 20
13, 19
50, 55
50, 52
50, 56
50, 53
50, 59
50, 51
50, 54
50, 58
50, 57
12, 13
12, 23
12, 36
12, 37
12, 14
12, 33
12, 35
12, 34
12, 26
23, 26
23, 30
23, 27
23, 32
23, 25
23, 29
23, 24
23, 28
23, 31
38, 45
38, 42
38, 41
38, 39
38, 40
38, 43
38, 44
38, 81
38, 46
60, 62
60, 68
60, 61
60, 65
60, 69
60, 67
60, 64
60, 63
60, 66
2, 5
2, 6
2, 3
2, 8
2, 9
2, 4
2, 7
2, 11
2, 10
1, 22
1, 57
1, 60
1, 23
1, 70
1, 48
1, 2
1, 12
1, 33
22, 23
22, 33
22, 46
22, 47
22, 24
22, 43
22, 45
22, 44
22, 36
57, 70
57, 60
57, 59
57, 80
57, 72
57, 58
57, 62
57, 78
57, 65
60, 65
60, 62
60, 66
60, 63
60, 69
60, 61
60, 64
60, 68
60, 67
23, 24
23, 27
23, 32
23, 28
23, 26
23, 31
23, 25
23, 30
23, 29
70, 72
70, 78
70, 71
70, 75
70, 79
70, 77
70, 74
70, 73
70, 76
48, 55
48, 52
48, 51
48, 49
48, 50
48, 53
48, 54
48, 81
48, 56
2, 5
2, 6
2, 3
2, 8
2, 9
2, 4
2, 7
2, 11
2, 10
12, 19
12, 20
12, 18
12, 13
12, 14
12, 15
12, 16
12, 17
12, 21
33, 36
33, 40
33, 37
33, 42
33, 35
33, 39
33, 34
33, 38
33, 41
1, 22
1, 48
1, 52
1, 12
1, 39
1, 65
1, 31
1, 2
1, 76
22, 30
22, 27
22, 63
22, 23
22, 26
22, 24
22, 25
22, 29
22, 28
48, 52
48, 64
48, 57
48, 75
48, 61
48, 51
48, 49
48, 59
48, 50
52, 57
52, 62
52, 64
52, 59
52, 58
52, 56
52, 55
52, 53
52, 54
12, 13
12, 21
12, 14
12, 17
12, 15
12, 19
12, 16
12, 18
12, 20
39, 76
39, 43
39, 44
39, 41
39, 40
39, 46
39, 45
39, 42
39, 47
65, 72
65, 69
65, 66
65, 67
65, 70
65, 68
65, 71
65, 74
65, 73
31, 60
31, 34
31, 86
31, 37
31, 35
31, 38
31, 33
31, 32
31, 36
2, 6
2, 7
2, 8
2, 9
2, 3
2, 11
2, 4
2, 5
2, 10
76, 82
76, 81
76, 80
76, 83
76, 77
76, 85
76, 78
76, 84
76, 79
1, 74
1, 39
1, 24
1, 64
1, 54
1, 22
1, 12
1, 36
1, 2
74, 75
74, 78
74, 77
74, 83
74, 76
74, 81
74, 79
74, 82
74, 80
39, 44
39, 46
39, 40
39, 43
39, 48
39, 47
39, 41
39, 42
39, 45
24, 32
24, 28
24, 25
24, 30
24, 26
24, 31
24, 27
24, 33
24, 29
64, 69
64, 71
64, 65
64, 73
64, 67
64, 66
64, 72
64, 70
64, 68
54, 62
54, 63
54, 61
54, 58
54, 57
54, 55
54, 56
54, 59
54, 60
22, 39
22, 24
22, 36
22, 53
22, 34
22, 51
22, 52
22, 35
22, 23
12, 20
12, 17
12, 21
12, 14
12, 19
12, 15
12, 16
12, 13
12, 18
36, 39
36, 46
36, 44
36, 40
36, 38
36, 37
36, 43
36, 50
36, 49
2, 9
2, 4
2, 11
2, 6
2, 8
2, 7
2, 5
2, 3
2, 10
7, 9
7, 12
7, 22
7, 19
7, 8
7, 20
7, 14
7, 16
7, 37
7, 21
9, 10
9, 11
9, 3
9, 1
9, 2
9, 26
12, 13
12, 28
12, 36
12, 41
22, 34
22, 25
22, 33
22, 29
22, 32
22, 23
22, 31
22, 28
22, 27
8, 24
14, 15
14, 29
16, 18
16, 17
16, 5
16, 4
16, 6
16, 30
37, 38
37, 39
37, 40
37, 35
11, 1
11, 68
11, 90
11, 42
11, 32
11, 12
11, 22
11, 62
11, 80
11, 52
1, 10
1, 9
1, 2
1, 4
1, 7
1, 6
1, 5
1, 3
1, 8
68, 71
68, 72
68, 75
68, 77
68, 69
68, 74
68, 70
68, 73
68, 76
90, 99
90, 96
90, 97
90, 91
90, 94
90, 92
90, 98
90, 95
90, 93
42, 49
42, 47
42, 50
42, 44
42, 48
42, 51
42, 43
42, 46
42, 45
32, 39
32, 34
32, 36
32, 38
32, 33
32, 37
32, 41
32, 35
32, 40
12, 16
12, 15
12, 13
12, 19
12, 20
12, 21
12, 14
12, 17
12, 18
22, 29
22, 25
22, 26
22, 31
22, 24
22, 27
22, 23
22, 30
22, 28
62, 68
62, 78
62, 64
62, 63
62, 65
62, 71
62, 66
62, 79
62, 67
80, 84
80, 86
80, 82
80, 85
80, 83
80, 81
80, 88
80, 87
80, 89
52, 54
52, 56
52, 55
52, 61
52, 58
52, 60
52, 57
52, 53
52, 59
1, 22
1, 12
1, 2
1, 82
1, 32
1, 62
1, 72
1, 42
1, 52
1, 92
22, 31
22, 29
22, 23
22, 27
22, 25
22, 26
22, 28
22, 30
22, 24
12, 13
12, 20
12, 19
12, 16
12, 21
12, 14
12, 15
12, 17
12, 18
2, 7
2, 3
2, 11
2, 5
2, 6
2, 4
2, 9
2, 10
2, 8
82, 89
82, 91
82, 90
82, 87
82, 83
82, 85
82, 88
82, 86
82, 84
32, 40
32, 38
32, 35
32, 34
32, 36
32, 37
32, 33
32, 41
32, 39
62, 68
62, 71
62, 64
62, 63
62, 67
62, 70
62, 65
62, 69
62, 66
72, 77
72, 78
72, 80
72, 73
72, 76
72, 74
72, 75
72, 81
72, 79
42, 45
42, 44
42, 46
42, 43
42, 51
42, 48
42, 50
42, 49
42, 47
52, 59
52, 55
52, 53
52, 58
52, 60
52, 56
52, 57
52, 61
52, 54
92, 93
92, 98
92, 96
92, 95
92, 94
92, 101
92, 97
92, 100
92, 99
3, 29
3, 4
3, 59
3, 19
3, 39
3, 8
3, 69
3, 49
3, 79
29, 33
29, 36
29, 37
29, 38
29, 32
29, 35
29, 31
29, 34
29, 30
4, 29
4, 8
4, 19
4, 33
4, 36
4, 7
4, 6
4, 18
4, 5
59, 68
59, 64
59, 67
59, 66
59, 62
59, 63
59, 60
59, 65
59, 61
19, 23
19, 25
19, 21
19, 27
19, 22
19, 28
19, 26
19, 24
19, 20
39, 47
39, 43
39, 46
39, 45
39, 40
39, 44
39, 42
39, 41
39, 48
8, 14
8, 13
8, 10
8, 12
8, 15
8, 11
8, 9
8, 17
8, 16
69, 78
69, 71
69, 77
69, 76
69, 70
69, 75
69, 73
69, 72
69, 74
49, 52
49, 57
49, 56
49, 53
49, 55
49, 50
49, 54
49, 58
49, 51
79, 80
79, 85
79, 82
79, 1
79, 83
79, 2
79, 81
79, 84
79, 86
1, 2
1, 46
1, 19
1, 30
1, 49
1, 75
1, 25
1, 17
1, 18
1, 8
2, 3
2, 85
2, 86
2, 6
2, 44
2, 4
2, 74
2, 5
2, 40
46, 49
46, 50
46, 61
46, 58
46, 60
46, 59
46, 48
46, 53
46, 47
19, 68
19, 20
19, 49
19, 23
19, 50
19, 24
19, 21
19, 67
19, 22
30, 38
30, 34
30, 35
30, 33
30, 39
30, 31
30, 32
30, 37
30, 36
49, 50
49, 53
49, 57
49, 55
49, 54
49, 68
49, 56
49, 52
49, 51
75, 80
75, 79
75, 82
75, 77
75, 84
75, 81
75, 83
75, 76
75, 78
25, 26
25, 66
25, 64
25, 29
25, 62
25, 7
25, 63
17, 72
17, 14
17, 27
17, 73
17, 65
17, 45
17, 41
17, 43
17, 28
18, 71
18, 69
18, 70
8, 10
8, 9
8, 16
8, 14
8, 15
8, 11
8, 42
8, 13
8, 12
7, 74
7, 70
7, 27
7, 37
7, 49
7, 24
7, 51
7, 16
7, 9
7, 60
74, 78
74, 76
74, 77
74, 81
74, 80
74, 83
74, 75
74, 79
74, 82
70, 74
70, 72
70, 86
70, 71
70, 84
70, 85
70, 73
70, 6
70, 87
27, 36
27, 34
27, 32
27, 33
27, 29
27, 35
27, 30
27, 28
27, 31
37, 1
37, 39
37, 40
37, 42
37, 38
37, 43
37, 45
37, 44
37, 41
49, 51
49, 57
49, 50
49, 55
49, 54
49, 59
49, 5
49, 56
49, 58
24, 27
24, 37
24, 46
24, 26
24, 25
24, 4
24, 1
24, 48
24, 47
51, 52
51, 90
51, 34
51, 3
51, 53
51, 95
51, 8
51, 88
51, 89
16, 18
16, 93
16, 22
16, 23
16, 21
16, 17
16, 19
16, 20
16, 94
9, 14
9, 13
9, 12
9, 10
9, 2
9, 15
9, 92
9, 11
9, 91
60, 63
60, 69
60, 66
60, 64
60, 68
60, 62
60, 67
60, 65
60, 61
21, 40
21, 31
21, 47
21, 30
21, 49
21, 22
21, 29
21, 24
21, 23
40, 46
40, 42
40, 45
40, 5
40, 6
40, 43
40, 41
40, 44
40, 64
31, 36
31, 35
31, 39
31, 37
31, 33
31, 32
31, 34
31, 38
31, 11
47, 48
47, 61
47, 18
47, 62
47, 13
47, 12
30, 40
30, 31
30, 47
30, 49
30, 46
30, 36
30, 53
30, 51
30, 52
49, 50
49, 60
49, 61
49, 55
49, 56
49, 63
49, 57
49, 54
49, 17
22, 7
22, 14
22, 5
22, 6
22, 8
22, 65
22, 58
22, 19
22, 17
24, 29
24, 26
24, 27
24, 28
24, 25
24, 15
24, 20
24, 9
24, 16
23, 59
23, 11
23, 31
23, 1
23, 3
23, 2
23, 4
23, 66
23, 10
19, 24
19, 23
19, 25
19, 21
19, 22
19, 20
19, 29
19, 26
19, 8
19, 37
24, 25
24, 26
24, 46
24, 34
24, 1
24, 40
24, 4
24, 41
24, 2
22, 6
22, 18
22, 27
29, 31
29, 30
29, 32
29, 28
29, 44
29, 45
29, 33
29, 35
29, 2
26, 7
26, 3
26, 5
8, 11
8, 15
8, 13
8, 17
8, 14
8, 9
8, 16
8, 10
8, 12
37, 36
37, 38
37, 39
37, 42
37, 40
37, 43
37, 41
19, 29
19, 20
19, 23
19, 9
19, 30
19, 33
19, 36
19, 26
19, 37
29, 30
29, 9
29, 32
29, 8
29, 31
29, 13
29, 45
29, 47
29, 49
20, 23
20, 22
20, 24
20, 21
20, 25
20, 5
20, 42
20, 4
20, 31
23, 1
23, 42
23, 29
23, 2
23, 6
23, 43
9, 10
9, 12
9, 11
30, 29
30, 8
33, 35
33, 34
36, 14
36, 48
36, 41
36, 44
36, 39
36, 15
36, 38
26, 21
26, 7
26, 28
26, 27
26, 29
26, 30
26, 46
37, 18
37, 24
37, 40
37, 17
37, 16
37, 3
3, 32
3, 70
3, 49
3, 35
3, 52
3, 8
3, 22
3, 4
3, 60
32, 35
32, 45
32, 44
32, 33
32, 34
32, 46
32, 48
32, 1
32, 47
70, 73
70, 74
70, 76
70, 75
70, 72
70, 71
49, 52
49, 70
49, 60
49, 50
49, 51
49, 59
49, 57
49, 77
49, 69
35, 36
35, 37
35, 43
35, 39
35, 42
35, 38
35, 41
35, 40
35, 2
52, 53
52, 57
52, 58
52, 56
52, 54
52, 55
52, 78
8, 16
8, 17
8, 11
8, 14
8, 10
8, 13
8, 15
8, 9
8, 12
22, 25
22, 24
22, 26
22, 27
22, 28
22, 31
22, 29
22, 30
22, 23
4, 8
4, 21
4, 18
4, 19
4, 6
4, 5
4, 16
4, 7
4, 20
60, 69
60, 62
60, 67
60, 68
60, 65
60, 64
60, 66
60, 61
60, 63
43, 47
43, 68
43, 51
43, 59
43, 52
43, 46
43, 70
43, 77
43, 44
47, 50
47, 49
47, 48
47, 41
47, 8
47, 13
47, 79
47, 24
47, 17
68, 34
68, 69
68, 42
68, 4
68, 64
68, 36
68, 29
68, 35
51, 5
51, 1
51, 27
51, 28
51, 25
51, 30
51, 14
51, 31
51, 78
59, 68
59, 67
59, 63
59, 66
59, 60
59, 61
59, 69
59, 62
59, 65
52, 58
52, 57
52, 54
52, 53
52, 2
52, 55
52, 56
52, 9
52, 15
46, 26
46, 7
46, 6
46, 33
46, 40
46, 38
46, 18
46, 32
46, 19
70, 75
70, 71
70, 72
70, 37
70, 76
70, 73
70, 74
70, 10
70, 12
77, 84
77, 83
77, 11
77, 39
77, 3
77, 82
77, 81
77, 80
77, 16
44, 45
44, 20
44, 22
44, 23
44, 21
28, 42
28, 46
28, 35
28, 29
28, 40
28, 39
28, 38
28, 49
28, 1
42, 46
42, 45
42, 49
42, 52
42, 44
42, 51
42, 43
42, 47
42, 50
46, 49
46, 47
46, 48
35, 36
35, 37
29, 33
29, 31
29, 34
29, 32
29, 30
29, 19
29, 20
29, 23
29, 21
40, 41
40, 22
39, 14
39, 12
39, 13
39, 25
39, 18
39, 16
39, 53
39, 15
39, 17
38, 39
38, 12
38, 11
38, 26
38, 13
38, 24
38, 25
38, 18
38, 27
1, 7
1, 5
1, 9
1, 2
1, 6
1, 10
1, 4
1, 3
1, 8
1, 54
1, 65
1, 77
1, 43
1, 81
1, 40
1, 2
1, 12
1, 30
1, 16
54, 58
54, 61
54, 55
54, 57
54, 56
54, 59
54, 63
54, 62
54, 60
65, 72
65, 73
65, 67
65, 70
65, 66
65, 74
65, 71
65, 68
65, 69
77, 81
77, 80
77, 94
77, 92
77, 91
77, 95
77, 93
77, 79
77, 78
43, 51
43, 52
43, 46
43, 44
43, 47
43, 45
43, 48
43, 49
43, 50
81, 84
81, 88
81, 82
81, 83
81, 90
81, 86
81, 89
81, 85
81, 87
40, 54
40, 65
40, 43
40, 64
40, 41
40, 53
40, 75
40, 76
40, 42
2, 10
2, 7
2, 6
2, 5
2, 4
2, 8
2, 9
2, 3
2, 11
12, 16
12, 26
12, 28
12, 14
12, 27
12, 25
12, 29
12, 15
12, 13
30, 31
30, 39
30, 32
30, 36
30, 38
30, 33
30, 37
30, 35
30, 34
16, 25
16, 18
16, 17
16, 21
16, 19
16, 20
16, 22
16, 24
16, 23
1, 32
1, 42
1, 57
1, 12
1, 11
1, 78
1, 21
1, 44
1, 2
1, 67
32, 35
32, 36
32, 38
32, 39
32, 37
32, 34
32, 33
32, 41
32, 40
42, 57
42, 44
42, 67
42, 55
42, 54
42, 43
42, 56
42, 77
42, 64
57, 64
57, 62
57, 66
57, 60
57, 61
57, 59
57, 65
57, 63
57, 58
12, 21
12, 16
12, 14
12, 17
12, 20
12, 15
12, 19
12, 18
12, 13
11, 57
11, 32
11, 12
11, 42
11, 78
11, 21
11, 44
11, 67
11, 31
78, 83
78, 87
78, 81
78, 84
78, 79
78, 86
78, 85
78, 80
78, 82
21, 27
21, 30
21, 29
21, 24
21, 28
21, 22
21, 23
21, 26
21, 25
44, 47
44, 52
44, 48
44, 53
44, 51
44, 46
44, 49
44, 45
44, 50
2, 10
2, 6
2, 9
2, 4
2, 5
2, 8
2, 3
2, 7
2, 88
67, 71
67, 72
67, 68
67, 74
67, 69
67, 73
67, 70
67, 76
67, 75
2, 29
2, 56
2, 39
2, 13
2, 3
2, 71
2, 18
2, 46
2, 66
2, 81
29, 30
29, 37
29, 33
29, 34
29, 38
29, 31
29, 35
29, 32
29, 36
56, 58
56, 62
56, 65
56, 60
56, 59
56, 63
56, 61
56, 64
56, 57
39, 46
39, 41
39, 50
39, 42
39, 43
39, 44
39, 52
39, 45
39, 40
13, 14
13, 15
3, 11
3, 5
3, 7
3, 9
3, 10
3, 8
3, 4
3, 6
3, 12
71, 76
71, 80
71, 75
71, 74
71, 72
71, 79
71, 77
71, 73
71, 78
18, 25
18, 22
18, 19
18, 24
18, 26
18, 20
18, 21
18, 23
18, 16
46, 50
46, 54
46, 47
46, 48
46, 55
46, 52
46, 53
46, 51
46, 49
66, 67
66, 68
66, 83
66, 70
66, 17
66, 28
66, 84
66, 69
66, 27
81, 82
81, 1
1, 2
1, 7
1, 20
1, 4
1, 65
1, 64
1, 55
1, 43
1, 37
2, 7
2, 20
2, 4
2, 17
2, 34
2, 31
2, 30
2, 3
2, 33
7, 10
7, 13
7, 8
7, 9
7, 12
7, 16
7, 14
7, 15
7, 11
20, 23
20, 28
20, 29
20, 25
20, 22
20, 21
20, 24
20, 27
20, 26
4, 5
4, 73
4, 6
4, 19
4, 71
65, 66
65, 67
65, 68
65, 32
65, 46
65, 41
65, 77
65, 69
64, 31
64, 35
64, 75
64, 42
64, 18
64, 70
64, 76
64, 72
64, 19
55, 61
55, 56
55, 60
55, 59
55, 74
55, 58
55, 57
55, 62
55, 63
43, 52
43, 47
43, 48
43, 49
43, 44
43, 50
43, 45
43, 51
43, 46
37, 39
37, 38
37, 40
37, 36
37, 53
37, 54
2, 3
2, 5
2, 14
2, 16
2, 7
2, 11
2, 13
2, 8
2, 6
3, 4
3, 21
3, 19
3, 22
5, 44
5, 43
5, 1
5, 31
14, 38
14, 39
14, 29
16, 17
16, 41
16, 42
16, 24
7, 27
7, 23
7, 28
11, 13
11, 12
11, 9
11, 32
11, 30
11, 40
11, 15
11, 37
11, 45
13, 36
13, 18
13, 32
13, 10
13, 45
8, 20
8, 34
8, 35
6, 25
6, 33
6, 26
4, 15
4, 23
4, 5
4, 43
4, 29
4, 44
4, 54
4, 34
4, 60
15, 18
15, 19
15, 21
15, 20
15, 16
15, 17
15, 77
15, 22
15, 42
23, 27
23, 24
23, 28
23, 26
23, 25
23, 70
23, 2
23, 3
23, 67
5, 14
5, 13
5, 8
5, 10
5, 12
5, 9
5, 11
5, 6
5, 7
43, 75
43, 1
43, 66
29, 71
29, 69
29, 31
29, 30
29, 24
29, 72
29, 63
29, 64
29, 73
44, 52
44, 50
44, 51
44, 45
44, 49
44, 53
44, 47
44, 46
44, 48
54, 57
54, 56
54, 58
54, 55
54, 2
54, 61
54, 41
54, 25
54, 62
34, 35
34, 39
34, 37
34, 36
34, 40
34, 38
34, 32
34, 33
34, 65
60, 59
60, 76
60, 77
60, 78
60, 21
60, 42
60, 68
60, 74
2, 23
2, 13
2, 22
2, 64
2, 3
2, 48
2, 54
2, 33
2, 43
23, 25
23, 28
23, 24
23, 29
23, 30
23, 26
23, 32
23, 27
23, 31
13, 17
13, 16
13, 15
13, 14
13, 18
13, 19
13, 21
13, 20
13, 76
22, 75
22, 1
22, 74
64, 72
64, 66
64, 67
64, 73
64, 68
64, 65
64, 70
64, 69
64, 71
3, 6
3, 11
3, 8
3, 9
3, 7
3, 5
3, 10
3, 4
3, 12
48, 49
48, 52
48, 50
48, 46
48, 53
48, 47
48, 51
54, 62
54, 58
54, 57
54, 63
54, 56
54, 55
54, 61
54, 59
54, 60
33, 34
33, 38
33, 37
33, 40
33, 35
33, 39
33, 41
33, 36
33, 42
43, 44
43, 45
43, 78
43, 80
43, 79
43, 77
20, 40
20, 41
20, 32
20, 26
20, 46
20, 34
20, 44
20, 21
20, 38
40, 53
40, 51
40, 52
40, 3
41, 60
41, 18
41, 47
32, 34
32, 37
32, 33
32, 36
32, 35
32, 13
32, 14
32, 2
32, 7
26, 28
26, 29
26, 49
26, 31
26, 30
26, 27
26, 48
26, 10
26, 50
34, 32
34, 19
34, 15
34, 9
34, 12
34, 8
44, 57
44, 45
44, 55
44, 1
44, 59
44, 56
44, 11
44, 54
44, 58
21, 24
21, 23
21, 22
21, 25
21, 6
21, 5
21, 17
21, 4
21, 16
38, 39
38, 42
38, 43
1, 29
1, 55
1, 47
1, 33
1, 78
1, 19
1, 75
1, 65
1, 12
1, 2
29, 33
29, 34
29, 30
29, 45
29, 46
29, 32
29, 44
29, 31
29, 43
55, 62
55, 61
55, 59
55, 60
55, 58
55, 64
55, 57
55, 63
55, 56
47, 55
47, 49
47, 52
47, 53
47, 51
47, 48
47, 50
47, 54
47, 61
33, 34
33, 41
33, 42
33, 35
33, 36
33, 40
33, 37
33, 39
33, 38
78, 82
78, 87
78, 83
78, 85
78, 79
78, 81
78, 84
78, 80
78, 86
19, 24
19, 23
19, 28
19, 22
19, 26
19, 25
19, 20
19, 27
19, 21
75, 78
75, 92
75, 90
75, 93
75, 89
75, 77
75, 76
75, 88
75, 91
65, 70
65, 69
65, 72
65, 67
65, 71
65, 74
65, 73
65, 68
65, 66
12, 19
12, 23
12, 24
12, 17
12, 15
12, 18
12, 14
12, 16
12, 13
2, 9
2, 7
2, 6
2, 10
2, 8
2, 3
2, 11
2, 4
2, 5
13, 75
13, 65
13, 14
13, 44
13, 21
13, 38
13, 28
13, 36
13, 54
75, 76
75, 82
75, 79
75, 81
75, 83
75, 80
75, 78
75, 84
75, 77
65, 69
65, 70
65, 74
65, 73
65, 67
65, 66
65, 68
65, 71
65, 72
14, 21
14, 16
14, 18
14, 4
14, 20
14, 17
14, 23
14, 19
14, 15
44, 53
44, 49
44, 48
44, 46
44, 45
44, 50
44, 47
44, 52
44, 51
21, 23
21, 22
21, 26
21, 27
21, 10
21, 25
21, 24
21, 64
21, 11
38, 43
38, 12
38, 40
38, 8
38, 42
38, 39
38, 41
38, 9
38, 7
28, 6
28, 32
28, 35
28, 33
28, 30
28, 34
28, 5
28, 29
28, 31
36, 37
36, 3
36, 2
36, 1
54, 56
54, 63
54, 62
54, 58
54, 60
54, 57
54, 61
54, 59
54, 55
1, 12
1, 76
1, 86
1, 51
1, 58
1, 69
1, 41
1, 13
1, 31
1, 2
12, 13
12, 30
12, 24
12, 29
12, 25
12, 26
12, 23
12, 27
12, 28
76, 77
76, 83
76, 81
76, 85
76, 78
76, 79
76, 84
76, 80
76, 82
86, 88
86, 92
86, 89
86, 94
86, 95
86, 87
86, 93
86, 91
86, 90
51, 58
51, 54
51, 55
51, 57
51, 52
51, 53
51, 64
51, 56
51, 68
58, 64
58, 63
58, 67
58, 61
58, 60
58, 66
58, 62
58, 65
58, 59
69, 76
69, 86
69, 75
69, 71
69, 73
69, 96
69, 70
69, 72
69, 74
41, 48
41, 43
41, 46
41, 50
41, 42
41, 45
41, 47
41, 49
41, 44
13, 21
13, 22
13, 18
13, 15
13, 20
13, 16
13, 17
13, 19
13, 14
31, 38
31, 40
31, 34
31, 35
31, 39
31, 32
31, 33
31, 37
31, 36
2, 8
2, 7
2, 10
2, 5
2, 9
2, 4
2, 11
2, 6
2, 3
4, 21
4, 60
4, 72
4, 31
4, 53
4, 43
4, 48
4, 57
4, 8
4, 13
21, 29
21, 25
21, 26
21, 24
21, 22
21, 23
21, 30
21, 27
21, 28
60, 64
60, 61
60, 68
60, 63
60, 66
60, 67
60, 65
60, 82
60, 62
72, 79
72, 76
72, 73
72, 77
72, 74
72, 75
72, 78
72, 84
72, 83
31, 37
31, 35
31, 33
31, 34
31, 32
31, 38
31, 36
31, 40
31, 39
53, 56
53, 54
53, 91
53, 55
53, 80
53, 2
53, 87
53, 3
53, 81
43, 44
43, 46
43, 45
43, 47
43, 41
43, 88
43, 20
43, 5
43, 86
48, 49
48, 50
48, 53
48, 80
48, 91
48, 2
48, 87
48, 89
48, 81
57, 60
57, 58
57, 59
57, 71
57, 70
57, 68
57, 69
57, 65
57, 64
8, 10
8, 9
8, 51
8, 90
8, 19
8, 1
8, 7
8, 6
8, 12
13, 14
13, 15
13, 16
13, 18
13, 17
13, 85
13, 11
13, 42
13, 52
2, 92
2, 24
2, 62
2, 15
2, 42
2, 5
2, 82
2, 52
2, 35
2, 72
92, 98
92, 99
92, 101
92, 100
92, 96
92, 93
92, 95
92, 97
92, 94
24, 25
24, 27
24, 28
24, 31
24, 32
24, 26
24, 33
24, 29
24, 30
62, 70
62, 67
62, 65
62, 63
62, 71
62, 69
62, 68
62, 66
62, 64
15, 1
15, 20
15, 23
15, 22
15, 16
15, 19
15, 21
15, 18
15, 17
42, 49
42, 47
42, 48
42, 43
42, 51
42, 50
42, 45
42, 46
42, 44
5, 11
5, 10
5, 14
5, 6
5, 9
5, 12
5, 8
5, 13
5, 7
82, 90
82, 89
82, 86
82, 84
82, 88
82, 83
82, 91
82, 87
82, 85
52, 59
52, 55
52, 56
52, 61
52, 58
52, 57
52, 60
52, 54
52, 53
35, 36
35, 39
35, 38
35, 37
35, 40
35, 41
35, 4
35, 3
35, 34
72, 78
72, 74
72, 77
72, 80
72, 81
72, 73
72, 76
72, 75
72, 79
1, 63
1, 61
1, 2
1, 32
1, 42
1, 12
1, 22
1, 51
1, 78
1, 89
63, 69
63, 64
63, 68
63, 66
63, 72
63, 71
63, 67
63, 65
63, 70
61, 63
61, 78
61, 77
61, 62
61, 75
61, 74
61, 76
61, 73
61, 88
2, 9
2, 10
2, 11
2, 7
2, 5
2, 8
2, 4
2, 3
2, 6
32, 36
32, 33
32, 35
32, 38
32, 40
32, 37
32, 41
32, 39
32, 34
42, 45
42, 48
42, 43
42, 44
42, 49
42, 46
42, 50
42, 47
42, 99
12, 18
12, 16
12, 17
12, 15
12, 13
12, 19
12, 21
12, 20
12, 14
22, 30
22, 29
22, 27
22, 25
22, 26
22, 24
22, 28
22, 23
22, 31
51, 60
51, 53
51, 52
51, 57
51, 59
51, 54
51, 58
51, 56
51, 55
78, 79
78, 83
78, 82
78, 87
78, 86
78, 84
78, 85
78, 80
78, 81
89, 91
89, 97
89, 90
89, 93
89, 92
89, 96
89, 98
89, 94
89, 95
1, 57
1, 88
1, 42
1, 32
1, 12
1, 52
1, 22
1, 2
1, 68
1, 78
57, 61
57, 62
57, 59
57, 64
57, 65
57, 63
57, 66
57, 58
57, 60
88, 89
88, 95
88, 94
88, 97
88, 96
88, 92
88, 91
88, 90
88, 93
42, 48
42, 50
42, 43
42, 45
42, 51
42, 47
42, 44
42, 46
42, 49
32, 40
32, 39
32, 41
32, 38
32, 37
32, 35
32, 34
32, 33
32, 36
12, 17
12, 18
12, 13
12, 16
12, 14
12, 15
12, 21
12, 20
12, 19
52, 57
52, 61
52, 62
52, 59
52, 54
52, 67
52, 55
52, 56
52, 53
22, 27
22, 23
22, 30
22, 29
22, 31
22, 28
22, 25
22, 26
22, 24
2, 8
2, 9
2, 6
2, 7
2, 3
2, 5
2, 11
2, 4
2, 10
68, 74
68, 72
68, 70
68, 69
68, 76
68, 73
68, 77
68, 71
68, 75
78, 81
78, 87
78, 86
78, 79
78, 85
78, 80
78, 83
78, 84
78, 82
1, 15
1, 9
1, 27
1, 48
1, 50
1, 38
1, 3
1, 75
1, 61
1, 85
15, 21
15, 16
15, 22
15, 20
15, 18
15, 24
15, 23
15, 19
15, 17
9, 15
9, 27
9, 25
9, 12
9, 11
9, 26
9, 14
9, 10
9, 32
27, 32
27, 31
27, 34
27, 29
27, 33
27, 35
27, 28
27, 30
27, 36
48, 50
48, 61
48, 15
48, 49
48, 60
48, 73
48, 74
48, 72
48, 71
50, 56
50, 54
50, 51
50, 52
50, 59
50, 58
50, 55
50, 57
50, 53
38, 39
38, 46
38, 44
38, 47
38, 42
38, 43
38, 40
38, 41
38, 45
3, 8
3, 5
3, 6
3, 4
3, 37
3, 10
3, 7
3, 2
3, 13
75, 77
75, 79
75, 82
75, 84
75, 80
75, 83
75, 76
75, 81
75, 78
61, 68
61, 62
61, 64
61, 63
61, 65
61, 69
61, 66
61, 67
61, 70
85, 86
85, 89
85, 87
85, 91
85, 88
85, 92
85, 93
85, 90
85, 94
2, 11
2, 19
2, 34
2, 3
2, 37
2, 29
2, 7
2, 10
2, 42
11, 14
11, 13
11, 17
11, 15
11, 18
11, 16
11, 12
11, 61
11, 27
19, 20
19, 43
19, 21
19, 22
19, 55
19, 53
34, 35
34, 9
34, 48
34, 36
34, 57
34, 63
34, 56
34, 49
3, 4
3, 5
3, 44
3, 6
3, 8
3, 26
3, 46
3, 54
3, 52
37, 40
37, 39
37, 38
37, 28
37, 23
37, 60
29, 33
29, 32
29, 31
29, 41
29, 30
29, 24
29, 1
29, 25
29, 59
7, 10
7, 9
7, 62
7, 8
7, 58
7, 47
42, 51
42, 50
42, 45
2, 15
2, 5
2, 9
2, 18
2, 20
2, 27
2, 3
2, 13
2, 31
15, 47
15, 16
15, 48
15, 4
5, 9
5, 7
5, 11
5, 10
5, 6
5, 8
5, 45
5, 46
5, 44
9, 42
18, 36
18, 20
18, 31
18, 27
18, 37
18, 25
18, 19
18, 26
18, 35
20, 23
20, 22
20, 21
20, 34
20, 38
27, 31
27, 29
27, 32
27, 30
27, 28
27, 33
27, 24
3, 4
3, 40
3, 39
3, 17
3, 7
3, 1
13, 12
13, 14
13, 41
31, 43
31, 27
1, 35
1, 2
1, 85
1, 27
1, 45
1, 75
1, 55
1, 65
1, 3
1, 13
35, 44
35, 39
35, 41
35, 36
35, 42
35, 38
35, 37
35, 40
35, 43
2, 27
2, 3
2, 13
2, 24
2, 23
2, 19
2, 26
2, 7
2, 25
85, 93
85, 90
85, 87
85, 94
85, 92
85, 91
85, 89
85, 86
85, 88
27, 31
27, 34
27, 28
27, 32
27, 30
27, 95
27, 33
27, 96
27, 29
45, 53
45, 46
45, 52
45, 48
45, 51
45, 47
45, 54
45, 50
45, 49
75, 81
75, 80
75, 78
75, 83
75, 76
75, 79
75, 77
75, 82
75, 84
55, 58
55, 60
55, 63
55, 64
55, 61
55, 59
55, 57
55, 62
55, 56
65, 66
65, 74
65, 67
65, 69
65, 73
65, 72
65, 71
65, 68
65, 70
3, 7
3, 8
3, 5
3, 4
3, 9
3, 6
3, 10
3, 11
3, 12
13, 19
13, 22
13, 20
13, 21
13, 16
13, 18
13, 14
13, 15
13, 17
1, 25
1, 27
1, 21
1, 41
1, 61
1, 51
1, 81
1, 12
1, 2
1, 71
25, 27
25, 40
25, 38
25, 39
25, 26
25, 29
25, 37
25, 35
25, 36
27, 29
27, 35
27, 36
27, 32
27, 33
27, 30
27, 34
27, 31
27, 28
21, 25
21, 27
21, 24
21, 40
21, 22
21, 38
21, 26
21, 39
21, 23
41, 44
41, 48
41, 42
41, 43
41, 46
41, 49
41, 50
41, 47
41, 45
61, 62
61, 64
61, 63
61, 69
61, 66
61, 67
61, 68
61, 65
61, 70
51, 52
51, 60
51, 56
51, 58
51, 53
51, 57
51, 55
51, 54
51, 59
81, 83
81, 90
81, 89
81, 86
81, 84
81, 87
81, 85
81, 88
81, 82
12, 91
12, 18
12, 15
12, 16
12, 19
12, 14
12, 20
12, 13
12, 17
2, 6
2, 7
2, 11
2, 3
2, 9
2, 4
2, 10
2, 8
2, 5
71, 79
71, 77
71, 75
71, 80
71, 76
71, 74
71, 78
71, 73
71, 72
1, 18
1, 60
1, 21
1, 61
1, 37
1, 2
1, 7
1, 36
1, 79
1, 42
18, 34
18, 21
18, 32
18, 20
18, 31
18, 33
18, 35
18, 19
18, 24
60, 61
60, 75
60, 72
60, 77
60, 78
60, 76
60, 71
60, 74
60, 73
21, 28
21, 24
21, 25
21, 30
21, 27
21, 26
21, 29
21, 22
21, 23
61, 69
61, 64
61, 70
61, 63
61, 62
61, 65
61, 66
61, 67
61, 68
37, 42
37, 39
37, 40
37, 44
37, 38
37, 48
37, 47
37, 41
37, 52
2, 18
2, 21
2, 7
2, 34
2, 17
2, 4
2, 6
2, 3
2, 5
7, 11
7, 8
7, 13
7, 16
7, 15
7, 12
7, 14
7, 9
7, 10
36, 37
36, 42
36, 57
36, 55
36, 53
36, 56
36, 58
36, 54
36, 59
79, 81
79, 85
79, 80
79, 87
79, 88
79, 83
79, 86
79, 82
79, 84
42, 44
42, 48
42, 47
42, 46
42, 49
42, 45
42, 43
42, 50
42, 51
4, 19
4, 9
4, 5
4, 25
4, 8
4, 13
4, 14
4, 6
4, 7
19, 20
19, 2
19, 36
19, 43
19, 37
9, 10
5, 3
5, 1
5, 27
25, 34
25, 35
25, 28
25, 29
25, 30
25, 26
25, 33
25, 31
25, 32
8, 9
8, 40
8, 10
8, 41
8, 42
13, 44
13, 46
13, 45
14, 19
14, 16
14, 18
14, 24
14, 23
14, 21
14, 15
14, 17
14, 22
6, 7
6, 39
6, 38
6, 11
6, 12
1, 51
1, 2
1, 41
1, 31
1, 70
1, 22
1, 60
1, 90
1, 12
1, 80
51, 54
51, 56
51, 59
51, 101
51, 55
51, 57
51, 53
51, 58
51, 52
2, 11
2, 7
2, 9
2, 5
2, 10
2, 3
2, 4
2, 6
2, 8
41, 50
41, 49
41, 47
41, 45
41, 48
41, 46
41, 42
41, 43
41, 44
31, 35
31, 39
31, 38
31, 33
31, 34
31, 40
31, 32
31, 37
31, 36
70, 77
70, 79
70, 78
70, 73
70, 75
70, 71
70, 76
70, 72
70, 74
22, 27
22, 23
22, 29
22, 100
22, 25
22, 30
22, 24
22, 26
22, 28
60, 65
60, 67
60, 66
60, 61
60, 64
60, 62
60, 68
60, 69
60, 63
90, 99
90, 97
90, 96
90, 91
90, 92
90, 93
90, 94
90, 95
90, 98
12, 16
12, 18
12, 21
12, 17
12, 15
12, 13
12, 19
12, 14
12, 20
80, 89
80, 86
80, 84
80, 88
80, 83
80, 81
80, 82
80, 85
80, 87
2, 8
2, 59
2, 27
2, 69
2, 3
2, 37
2, 38
2, 74
2, 16
2, 48
8, 16
8, 14
8, 9
8, 15
8, 26
8, 13
8, 10
8, 11
8, 12
59, 63
59, 66
59, 60
59, 65
59, 62
59, 68
59, 67
59, 61
59, 64
27, 36
27, 33
27, 35
27, 28
27, 31
27, 29
27, 32
27, 34
27, 30
69, 74
69, 73
69, 72
69, 83
69, 80
69, 71
69, 1
69, 70
69, 84
3, 8
3, 16
3, 14
3, 9
3, 6
3, 5
3, 7
3, 15
3, 4
37, 59
37, 69
37, 38
37, 74
37, 48
37, 86
37, 58
37, 43
37, 85
38, 43
38, 44
38, 47
38, 42
38, 41
38, 39
38, 45
38, 40
38, 46
74, 80
74, 1
74, 75
74, 76
74, 78
74, 81
74, 79
74, 82
74, 77
16, 23
16, 24
16, 25
16, 22
16, 21
16, 18
16, 17
16, 19
16, 20
48, 54
48, 51
48, 56
48, 49
48, 52
48, 53
48, 50
48, 55
48, 57
3, 51
3, 50
3, 30
3, 9
3, 38
3, 31
3, 20
3, 61
3, 14
51, 60
51, 53
51, 54
51, 55
51, 57
51, 58
51, 56
51, 52
51, 59
50, 51
50, 61
50, 60
50, 53
50, 68
50, 55
50, 67
50, 54
50, 64
30, 31
30, 38
30, 36
30, 45
30, 39
30, 33
30, 35
30, 34
30, 32
9, 10
9, 4
9, 6
9, 11
9, 13
9, 12
9, 5
9, 7
9, 8
38, 39
38, 45
38, 46
38, 41
38, 40
38, 44
38, 47
38, 42
38, 43
31, 37
20, 21
20, 22
20, 28
20, 23
20, 24
20, 27
20, 25
20, 26
20, 29
61, 62
61, 66
61, 64
61, 63
61, 65
61, 1
61, 70
61, 2
61, 71
14, 18
14, 17
14, 16
14, 15
14, 19
14, 72
14, 48
14, 49
14, 69
1, 4
1, 54
1, 38
1, 2
1, 40
1, 14
1, 78
1, 66
1, 28
1, 50
4, 7
4, 10
4, 8
4, 6
4, 9
4, 11
4, 13
4, 5
4, 12
54, 59
54, 63
54, 56
54, 58
54, 62
54, 55
54, 61
54, 60
54, 57
38, 54
38, 40
38, 78
38, 50
38, 77
38, 66
38, 65
38, 39
38, 76
2, 4
2, 14
2, 28
2, 7
2, 24
2, 3
2, 26
2, 25
2, 27
40, 41
40, 49
40, 44
40, 46
40, 47
40, 48
40, 42
40, 45
40, 43
14, 15
14, 16
14, 17
14, 21
14, 22
14, 20
14, 23
14, 18
14, 19
78, 79
78, 87
78, 81
78, 80
78, 85
78, 82
78, 84
78, 86
78, 83
66, 70
66, 67
66, 74
66, 71
66, 69
66, 68
66, 72
66, 73
66, 75
28, 31
28, 37
28, 32
28, 34
28, 33
28, 29
28, 30
28, 35
28, 36
50, 54
50, 52
50, 56
50, 59
50, 63
50, 53
50, 58
50, 64
50, 51
2, 46
2, 18
2, 16
2, 3
2, 40
2, 19
2, 36
2, 58
2, 7
46, 47
46, 52
46, 51
46, 53
46, 50
46, 48
46, 54
46, 49
46, 55
18, 19
18, 30
18, 28
18, 26
18, 29
18, 27
18, 32
18, 21
18, 25
16, 17
16, 65
16, 69
3, 7
3, 13
3, 11
3, 14
3, 12
3, 15
3, 4
3, 6
3, 9
40, 46
40, 43
40, 42
40, 57
40, 47
40, 45
40, 56
40, 41
40, 44
19, 21
19, 22
19, 23
19, 24
19, 20
19, 32
19, 31
19, 33
36, 37
36, 38
36, 39
36, 35
36, 34
36, 1
58, 61
58, 60
58, 63
58, 59
58, 62
58, 64
58, 67
58, 68
58, 70
7, 10
7, 9
7, 8
7, 66
7, 73
7, 5
7, 72
7, 71
13, 38
13, 39
13, 50
13, 15
13, 29
13, 36
13, 62
13, 25
13, 17
38, 50
38, 39
38, 62
38, 48
38, 47
38, 60
38, 58
38, 61
38, 49
39, 48
39, 47
39, 40
39, 44
39, 45
39, 42
39, 46
39, 43
39, 41
50, 60
50, 53
50, 57
50, 58
50, 51
50, 54
50, 52
50, 56
50, 55
15, 17
15, 18
15, 22
15, 23
15, 24
15, 20
15, 21
15, 19
15, 16
29, 31
29, 33
29, 30
29, 32
29, 34
29, 10
29, 4
29, 2
29, 7
36, 37
36, 11
36, 35
36, 5
36, 64
36, 24
36, 12
36, 69
36, 9
62, 38
62, 65
62, 28
62, 48
62, 58
62, 63
62, 59
25, 26
25, 27
25, 71
25, 68
25, 70
25, 8
25, 6
25, 72
25, 67
17, 3
17, 18
17, 1
17, 14
17, 66
36, 62
36, 37
36, 44
36, 54
36, 75
36, 64
36, 61
36, 53
36, 21
36, 4
62, 64
62, 75
62, 71
62, 72
62, 80
62, 81
62, 73
62, 74
62, 63
37, 14
37, 4
37, 3
37, 38
37, 40
37, 43
37, 41
37, 39
37, 42
44, 49
44, 50
44, 46
44, 48
44, 47
44, 51
44, 52
44, 45
44, 15
54, 58
54, 2
54, 56
54, 57
54, 60
54, 1
54, 59
54, 18
54, 55
75, 77
75, 76
75, 78
75, 16
75, 84
75, 17
64, 69
64, 68
64, 67
64, 70
64, 66
64, 65
64, 79
61, 31
61, 32
61, 34
61, 19
61, 35
61, 83
61, 33
61, 82
61, 20
21, 28
21, 22
21, 29
21, 25
21, 24
21, 30
21, 26
21, 27
21, 23
4, 10
4, 8
4, 9
4, 12
4, 5
4, 6
4, 13
4, 11
4, 7
1, 26
1, 12
1, 30
1, 64
1, 40
1, 74
1, 54
1, 82
1, 13
1, 2
26, 30
26, 40
26, 51
26, 53
26, 52
26, 27
26, 50
26, 29
26, 28
12, 26
12, 30
12, 25
12, 40
12, 13
12, 51
12, 23
12, 53
12, 24
30, 34
30, 31
30, 36
30, 38
30, 32
30, 37
30, 35
30, 33
30, 39
64, 72
64, 66
64, 68
64, 71
64, 73
64, 67
64, 69
64, 65
64, 70
40, 44
40, 43
40, 42
40, 46
40, 45
40, 49
40, 48
40, 41
40, 47
74, 82
74, 79
74, 77
74, 78
74, 81
74, 76
74, 80
74, 75
74, 92
54, 63
54, 59
54, 61
54, 60
54, 55
54, 58
54, 57
54, 62
54, 56
82, 90
82, 84
82, 89
82, 86
82, 85
82, 88
82, 91
82, 83
82, 87
13, 15
13, 18
13, 19
13, 21
13, 17
13, 16
13, 14
13, 20
13, 22
2, 8
2, 6
2, 10
2, 5
2, 4
2, 3
2, 7
2, 9
2, 11
1, 22
1, 32
1, 81
1, 55
1, 2
1, 88
1, 71
1, 44
1, 42
1, 12
22, 30
22, 27
22, 24
22, 26
22, 28
22, 29
22, 25
22, 31
22, 23
32, 39
32, 38
32, 37
32, 36
32, 41
32, 34
32, 33
32, 35
32, 40
81, 88
81, 84
81, 94
81, 83
81, 86
81, 87
81, 82
81, 85
81, 91
55, 60
55, 62
55, 59
55, 56
55, 58
55, 61
55, 57
55, 63
55, 64
2, 11
2, 5
2, 7
2, 9
2, 4
2, 8
2, 3
2, 10
2, 6
88, 94
88, 91
88, 93
88, 96
88, 90
88, 97
88, 95
88, 89
88, 92
71, 77
71, 80
71, 73
71, 72
71, 79
71, 76
71, 78
71, 74
71, 75
44, 54
44, 47
44, 46
44, 48
44, 50
44, 49
44, 52
44, 51
44, 45
44, 53
42, 55
42, 44
42, 67
42, 69
42, 66
42, 65
42, 68
42, 43
42, 70
12, 18
12, 15
12, 16
12, 19
12, 17
12, 13
12, 21
12, 14
12, 20
17, 35
17, 40
17, 32
17, 37
17, 18
17, 52
17, 31
17, 29
17, 27
35, 10
35, 53
40, 45
40, 2
40, 41
40, 55
40, 54
32, 35
32, 36
32, 33
32, 34
32, 7
32, 9
32, 57
32, 3
32, 11
37, 38
37, 50
37, 8
37, 48
37, 56
37, 46
37, 12
37, 6
37, 5
18, 23
18, 19
18, 21
18, 24
18, 20
18, 22
18, 25
18, 13
18, 47
31, 60
31, 14
31, 16
31, 1
29, 30
29, 49
29, 26
29, 51
29, 44
29, 39
29, 43
29, 42
29, 4
27, 15
27, 58
27, 59
27, 28
1, 13
1, 34
1, 12
1, 84
1, 44
1, 64
1, 23
1, 2
1, 54
1, 74
13, 15
13, 16
13, 14
13, 19
13, 18
13, 21
13, 20
13, 22
13, 17
34, 35
34, 39
34, 42
34, 36
34, 37
34, 38
34, 40
34, 41
34, 43
12, 34
12, 13
12, 44
12, 84
12, 64
12, 23
12, 74
12, 33
12, 54
84, 87
84, 85
84, 93
84, 92
84, 86
84, 88
84, 91
84, 89
84, 90
44, 51
44, 45
44, 48
44, 46
44, 49
44, 50
44, 52
44, 47
44, 53
64, 69
64, 73
64, 71
64, 72
64, 68
64, 66
64, 67
64, 65
64, 70
23, 30
23, 31
23, 28
23, 25
23, 29
23, 26
23, 24
23, 27
23, 32
2, 3
2, 5
2, 10
2, 4
2, 11
2, 6
2, 7
2, 8
2, 9
54, 63
54, 55
54, 60
54, 56
54, 58
54, 62
54, 59
54, 57
54, 61
74, 78
74, 82
74, 83
74, 81
74, 75
74, 77
74, 80
74, 79
74, 76
1, 21
1, 31
1, 2
1, 34
1, 85
1, 67
1, 57
1, 71
1, 47
1, 4
21, 30
21, 27
21, 29
21, 22
21, 28
21, 26
21, 25
21, 23
21, 24
31, 34
31, 47
31, 44
31, 45
31, 36
31, 32
31, 33
31, 48
31, 46
2, 4
2, 18
2, 14
2, 15
2, 20
2, 17
2, 3
2, 19
2, 16
34, 42
34, 36
34, 43
34, 39
34, 38
34, 40
34, 41
34, 37
34, 35
85, 87
85, 90
85, 89
85, 88
85, 92
85, 94
85, 93
85, 86
85, 91
67, 85
67, 71
67, 68
67, 84
67, 70
67, 82
67, 69
67, 83
67, 81
57, 64
57, 59
57, 63
57, 65
57, 58
57, 61
57, 66
57, 62
57, 60
71, 72
71, 73
71, 76
71, 77
71, 75
71, 79
71, 80
71, 74
71, 78
47, 48
47, 55
47, 51
47, 49
47, 53
47, 56
47, 54
47, 52
47, 50
4, 12
4, 6
4, 11
4, 8
4, 7
4, 10
4, 9
4, 13
4, 5
11, 86
11, 74
11, 22
11, 35
11, 69
11, 23
11, 12
11, 59
11, 49
11, 1
86, 91
86, 90
86, 87
86, 89
86, 88
86, 95
86, 92
86, 94
86, 93
74, 83
74, 79
74, 78
74, 77
74, 76
74, 80
74, 82
74, 81
74, 75
22, 35
22, 23
22, 33
22, 46
22, 34
22, 41
22, 47
22, 45
22, 48
35, 41
35, 40
35, 37
35, 38
35, 43
35, 42
35, 39
35, 44
35, 36
69, 86
69, 74
69, 84
69, 96
69, 73
69, 85
69, 70
69, 71
69, 72
23, 30
23, 27
23, 29
23, 25
23, 31
23, 28
23, 32
23, 26
23, 24
12, 19
12, 18
12, 14
12, 16
12, 20
12, 13
12, 15
12, 21
12, 17
59, 66
59, 68
59, 62
59, 64
59, 65
59, 60
59, 67
59, 61
59, 63
49, 56
49, 51
49, 53
49, 57
49, 58
49, 50
49, 52
49, 54
49, 55
1, 5
1, 8
1, 7
1, 4
1, 9
1, 10
1, 3
1, 2
1, 6
2, 79
2, 51
2, 60
2, 25
2, 40
2, 4
2, 69
2, 15
2, 33
79, 81
79, 86
79, 87
79, 88
79, 85
79, 84
79, 80
79, 82
79, 83
51, 58
51, 54
51, 53
51, 52
51, 57
51, 56
51, 55
51, 59
51, 89
60, 64
60, 67
60, 65
60, 66
60, 62
60, 50
60, 61
60, 63
60, 68
25, 28
25, 26
25, 31
25, 27
25, 91
25, 32
25, 29
25, 90
25, 30
40, 48
40, 44
40, 47
40, 49
40, 41
40, 43
40, 42
40, 45
40, 46
4, 12
4, 6
4, 11
4, 9
4, 8
4, 13
4, 7
4, 10
4, 5
69, 73
69, 75
69, 78
69, 70
69, 72
69, 76
69, 74
69, 71
69, 77
15, 19
15, 17
15, 22
15, 20
15, 16
15, 21
15, 18
15, 24
15, 23
33, 37
33, 36
33, 38
33, 34
33, 35
33, 39
33, 3
33, 1
33, 14
45, 48
45, 46
45, 49
45, 47
45, 11
45, 50
45, 23
45, 40
45, 34
45, 54
48, 6
48, 5
48, 1
48, 66
49, 33
49, 52
47, 22
47, 2
47, 53
47, 10
47, 21
47, 64
47, 3
47, 51
47, 65
11, 13
11, 18
11, 20
11, 14
11, 16
11, 15
11, 17
11, 12
11, 19
23, 25
23, 27
23, 29
23, 31
23, 26
23, 24
23, 32
23, 28
23, 30
40, 42
40, 41
40, 8
40, 67
40, 44
40, 43
40, 4
40, 9
40, 7
34, 35
34, 37
34, 38
34, 39
34, 36
54, 57
54, 58
54, 63
54, 60
54, 55
54, 56
54, 61
54, 59
54, 62
1, 81
1, 31
1, 51
1, 41
1, 71
1, 11
1, 61
1, 21
1, 2
1, 91
81, 88
81, 87
81, 86
81, 90
81, 84
81, 83
81, 82
81, 89
81, 85
31, 35
31, 38
31, 37
31, 34
31, 39
31, 40
31, 33
31, 32
31, 36
51, 57
51, 56
51, 54
51, 58
51, 60
51, 59
51, 53
51, 55
51, 52
41, 45
41, 49
41, 44
41, 48
41, 50
41, 47
41, 43
41, 46
41, 42
71, 77
71, 74
71, 80
71, 78
71, 76
71, 72
71, 75
71, 73
71, 79
11, 18
11, 19
11, 17
11, 15
11, 16
11, 20
11, 13
11, 12
11, 14
61, 65
61, 70
61, 63
61, 69
61, 66
61, 64
61, 62
61, 67
61, 68
21, 27
21, 23
21, 25
21, 26
21, 29
21, 24
21, 22
21, 30
21, 28
2, 9
2, 6
2, 8
2, 10
2, 4
2, 7
2, 5
2, 3
2, 101
91, 94
91, 100
91, 99
91, 96
91, 92
91, 98
91, 97
91, 95
91, 93
56, 41
56, 44
56, 11
56, 2
56, 30
56, 4
56, 48
56, 29
56, 46
56, 55
41, 44
41, 45
41, 42
41, 43
41, 22
41, 24
41, 63
41, 19
41, 26
44, 25
44, 57
11, 1
11, 17
2, 4
2, 11
2, 9
2, 13
2, 3
2, 14
2, 16
2, 12
2, 10
30, 35
30, 31
30, 33
30, 36
30, 32
30, 34
30, 37
30, 28
30, 52
4, 5
4, 7
4, 8
4, 12
4, 6
4, 16
4, 15
4, 60
4, 61
48, 50
48, 18
48, 49
48, 59
48, 58
29, 44
29, 48
29, 41
29, 46
29, 30
29, 55
29, 40
29, 39
29, 38
46, 47
46, 54
46, 23
46, 53
46, 62
46, 51
46, 27
46, 21
46, 20
1, 43
1, 12
1, 54
1, 64
1, 30
1, 15
1, 2
1, 74
1, 40
43, 51
43, 52
43, 46
43, 49
43, 50
43, 47
43, 48
43, 44
43, 45
12, 15
12, 25
12, 27
12, 26
12, 13
12, 29
12, 14
12, 17
12, 28
54, 56
54, 58
54, 59
54, 63
54, 55
54, 61
54, 62
54, 60
54, 57
64, 70
64, 73
64, 66
64, 68
64, 69
64, 65
64, 72
64, 71
64, 67
30, 32
30, 31
30, 39
30, 33
30, 37
30, 34
30, 35
30, 36
30, 38
15, 17
15, 23
15, 21
15, 19
15, 22
15, 24
15, 16
15, 18
15, 20
2, 10
2, 8
2, 11
2, 5
2, 4
2, 7
2, 9
2, 6
2, 3
74, 78
74, 83
74, 75
74, 77
74, 81
74, 76
74, 79
74, 80
74, 82
40, 43
40, 51
40, 53
40, 46
40, 52
40, 49
40, 41
40, 42
40, 48
8, 9
8, 12
8, 29
8, 32
8, 10
8, 41
8, 49
8, 22
8, 57
9, 12
9, 29
9, 32
9, 10
9, 41
9, 49
9, 22
9, 57
9, 30
12, 13
12, 19
12, 16
12, 14
12, 6
12, 15
12, 18
12, 17
12, 20
29, 32
29, 41
29, 30
29, 46
29, 31
29, 45
29, 47
29, 48
29, 39
32, 39
32, 40
32, 38
32, 35
32, 37
32, 34
32, 36
32, 33
32, 2
10, 12
10, 13
10, 21
10, 19
10, 16
10, 18
10, 14
10, 11
10, 15
41, 42
41, 44
41, 5
41, 43
41, 3
41, 71
41, 69
41, 70
41, 67
49, 51
49, 50
49, 52
49, 54
49, 55
49, 53
49, 4
49, 56
49, 68
22, 12
22, 23
22, 28
22, 24
22, 7
22, 27
22, 26
22, 1
22, 25
57, 63
57, 58
57, 61
57, 64
57, 65
57, 60
57, 62
57, 66
57, 59
9, 17
9, 30
9, 60
9, 49
9, 10
9, 41
9, 76
9, 18
9, 73
9, 70
17, 30
17, 60
17, 41
17, 49
17, 76
17, 73
17, 40
17, 70
17, 18
30, 33
30, 36
30, 39
30, 37
30, 35
30, 34
30, 31
30, 38
30, 32
60, 65
60, 67
60, 68
60, 61
60, 62
60, 64
60, 66
60, 63
60, 69
49, 54
49, 56
49, 50
49, 57
49, 55
49, 51
49, 58
49, 52
49, 53
10, 16
10, 11
10, 12
10, 13
10, 15
10, 14
10, 93
10, 7
10, 3
41, 47
41, 45
41, 48
41, 44
41, 43
41, 4
41, 42
41, 46
41, 5
76, 84
76, 77
76, 80
76, 78
76, 82
76, 81
76, 83
76, 85
76, 79
18, 21
18, 24
18, 23
18, 22
18, 25
18, 20
18, 19
18, 1
18, 92
73, 29
73, 74
73, 26
73, 91
73, 59
73, 86
73, 27
73, 88
73, 75
70, 90
70, 71
70, 72
70, 2
70, 6
70, 87
70, 8
70, 28
70, 89
1, 12
1, 78
1, 63
1, 32
1, 49
1, 51
1, 39
1, 22
1, 2
1, 62
12, 16
12, 15
12, 21
12, 17
12, 20
12, 18
12, 13
12, 19
12, 14
78, 87
78, 83
78, 84
78, 79
78, 85
78, 80
78, 82
78, 86
78, 81
63, 65
63, 70
63, 66
63, 71
63, 69
63, 67
63, 72
63, 68
63, 64
32, 39
32, 38
32, 42
32, 34
32, 46
32, 35
32, 37
32, 33
32, 36
49, 63
49, 51
49, 62
49, 61
49, 65
49, 53
49, 70
49, 50
49, 75
51, 53
51, 60
51, 57
51, 56
51, 54
51, 52
51, 55
51, 59
51, 58
39, 42
39, 46
39, 48
39, 40
39, 45
39, 41
39, 44
39, 47
39, 43
22, 29
22, 25
22, 30
22, 31
22, 27
22, 28
22, 23
22, 26
22, 24
2, 8
2, 11
2, 7
2, 10
2, 6
2, 5
2, 3
2, 4
2, 9
62, 63
62, 65
62, 70
62, 75
62, 66
62, 74
62, 76
62, 77
62, 73
4, 5
4, 42
4, 43
4, 21
4, 76
4, 65
4, 32
4, 84
4, 17
4, 49
5, 12
5, 14
5, 8
5, 11
5, 9
5, 6
5, 7
5, 13
5, 10
42, 65
42, 43
42, 64
42, 49
42, 61
42, 62
42, 75
42, 63
42, 47
43, 49
43, 61
43, 47
43, 60
43, 59
43, 44
43, 45
43, 48
43, 46
21, 28
21, 23
21, 29
21, 27
21, 22
21, 24
21, 25
21, 30
21, 26
76, 77
76, 78
76, 81
76, 79
76, 80
76, 88
76, 82
76, 89
76, 1
65, 66
65, 72
65, 70
65, 68
65, 67
65, 71
65, 74
65, 69
65, 73
32, 36
32, 35
32, 41
32, 39
32, 33
32, 40
32, 34
32, 37
32, 38
84, 86
84, 90
84, 85
84, 87
84, 16
84, 15
84, 3
84, 2
84, 83
17, 21
17, 31
17, 19
17, 20
17, 30
17, 29
17, 22
17, 18
17, 28
49, 51
49, 52
49, 55
49, 57
49, 58
49, 54
49, 56
49, 53
49, 50
3, 4
3, 52
3, 18
3, 78
3, 67
3, 7
3, 32
3, 56
3, 42
4, 18
4, 7
4, 6
4, 5
4, 28
4, 30
4, 31
4, 29
4, 17
52, 67
52, 64
52, 56
52, 55
52, 53
52, 77
52, 66
52, 54
52, 65
18, 23
18, 26
18, 25
18, 19
18, 22
18, 27
18, 24
18, 20
18, 21
78, 82
78, 79
78, 80
78, 86
78, 84
78, 87
78, 81
78, 83
78, 85
67, 74
67, 71
67, 70
67, 73
67, 68
67, 76
67, 69
67, 75
67, 72
7, 9
7, 14
7, 13
7, 10
7, 15
7, 16
7, 8
7, 12
7, 11
32, 36
32, 37
32, 38
32, 33
32, 41
32, 39
32, 35
32, 34
32, 40
56, 61
56, 58
56, 57
56, 59
56, 62
56, 1
56, 2
56, 60
56, 63
42, 44
42, 48
42, 46
42, 47
42, 51
42, 45
42, 43
42, 49
42, 50
14, 22
14, 17
14, 21
14, 25
14, 30
14, 26
14, 15
14, 16
14, 29
22, 2
22, 32
22, 23
22, 4
22, 13
22, 36
22, 31
22, 8
22, 5
17, 19
17, 18
17, 20
17, 40
17, 1
17, 7
17, 23
25, 35
25, 34
25, 33
26, 28
26, 27
15, 38
15, 11
15, 37
29, 9
29, 12
29, 10
29, 24
29, 3
29, 6
29, 39
11, 42
11, 12
11, 17
11, 35
11, 60
11, 28
11, 58
11, 51
11, 34
42, 46
42, 44
42, 43
42, 48
42, 49
42, 47
42, 45
42, 5
42, 10
12, 17
12, 28
12, 15
12, 30
12, 33
12, 16
12, 24
12, 21
12, 26
17, 26
17, 18
17, 24
17, 21
17, 23
17, 20
17, 25
17, 19
17, 22
35, 40
35, 38
35, 41
35, 37
35, 36
35, 39
35, 6
35, 9
35, 1
60, 62
60, 61
60, 64
60, 65
60, 63
60, 8
60, 66
60, 67
60, 7
28, 32
28, 3
28, 29
28, 4
28, 31
28, 26
28, 27
28, 13
28, 14
51, 55
51, 56
51, 57
51, 54
51, 52
51, 53
51, 50
51, 2
51, 59
1, 35
1, 21
1, 25
1, 73
1, 2
1, 36
1, 12
1, 63
1, 47
1, 83
35, 36
35, 47
35, 46
35, 62
35, 60
35, 58
35, 59
35, 61
35, 57
21, 25
21, 26
21, 33
21, 92
21, 93
21, 23
21, 22
21, 34
21, 24
25, 26
25, 33
25, 29
25, 96
25, 28
25, 31
25, 30
25, 27
25, 32
73, 77
73, 79
73, 78
73, 74
73, 75
73, 80
73, 82
73, 76
73, 81
2, 10
2, 11
2, 9
2, 7
2, 8
2, 6
2, 3
2, 5
2, 4
36, 43
36, 40
36, 38
36, 44
36, 42
36, 45
36, 39
36, 41
36, 37
12, 13
12, 17
12, 15
12, 14
12, 20
12, 19
12, 18
12, 95
12, 16
63, 71
63, 72
63, 68
63, 69
63, 65
63, 70
63, 64
63, 66
63, 67
47, 52
47, 56
47, 50
47, 51
47, 49
47, 55
47, 53
47, 48
47, 54
83, 87
83, 89
83, 86
83, 91
83, 88
83, 84
83, 90
83, 94
83, 85
1, 22
1, 91
1, 12
1, 32
1, 42
1, 62
1, 2
1, 64
1, 81
1, 52
22, 27
22, 29
22, 28
22, 31
22, 30
22, 26
22, 23
22, 25
22, 24
91, 94
91, 93
91, 99
91, 98
91, 95
91, 96
91, 100
91, 97
91, 92
12, 21
12, 14
12, 18
12, 16
12, 17
12, 15
12, 19
12, 20
12, 13
32, 40
32, 37
32, 38
32, 33
32, 41
32, 35
32, 36
32, 34
32, 39
42, 49
42, 50
42, 46
42, 47
42, 48
42, 43
42, 44
42, 51
42, 45
62, 64
62, 63
62, 77
62, 75
62, 78
62, 80
62, 76
62, 74
62, 79
2, 6
2, 11
2, 5
2, 10
2, 3
2, 4
2, 7
2, 9
2, 8
64, 72
64, 67
64, 73
64, 70
64, 68
64, 71
64, 66
64, 65
64, 69
81, 90
81, 86
81, 89
81, 85
81, 84
81, 87
81, 82
81, 83
81, 88
52, 59
52, 56
52, 53
52, 58
52, 57
52, 55
52, 54
52, 60
52, 61
1, 46
1, 24
1, 33
1, 35
1, 74
1, 12
1, 57
1, 2
1, 14
1, 67
46, 49
46, 48
46, 50
46, 53
46, 47
46, 51
46, 55
46, 54
46, 52
24, 30
24, 27
24, 31
24, 28
24, 29
24, 86
24, 26
24, 32
24, 25
33, 46
33, 35
33, 49
33, 56
33, 50
33, 48
33, 40
33, 34
33, 45
35, 40
35, 39
35, 43
35, 41
35, 44
35, 36
35, 37
35, 42
35, 38
74, 81
74, 75
74, 80
74, 77
74, 78
74, 82
74, 79
74, 83
74, 76
12, 46
12, 24
12, 35
12, 33
12, 74
12, 57
12, 14
12, 67
12, 13
57, 65
57, 61
57, 62
57, 63
57, 58
57, 66
57, 60
57, 59
57, 64
2, 10
2, 7
2, 8
2, 9
2, 4
2, 3
2, 11
2, 6
2, 5
14, 17
14, 22
14, 16
14, 23
14, 20
14, 15
14, 19
14, 18
14, 21
67, 71
67, 70
67, 73
67, 68
67, 87
67, 85
67, 72
67, 84
67, 69
1, 67
1, 22
1, 58
1, 24
1, 12
1, 77
1, 2
1, 39
1, 49
67, 70
67, 73
67, 72
67, 69
67, 71
67, 68
67, 74
67, 75
67, 61
22, 24
22, 31
22, 32
22, 35
22, 38
22, 36
22, 33
22, 34
22, 23
58, 67
58, 60
58, 65
58, 63
58, 59
58, 76
58, 64
58, 66
58, 62
24, 29
24, 26
24, 30
24, 27
24, 33
24, 37
24, 28
24, 88
24, 25
12, 14
12, 21
12, 16
12, 15
12, 20
12, 17
12, 13
12, 18
12, 19
77, 86
77, 82
77, 81
77, 80
77, 84
77, 83
77, 79
77, 78
77, 85
2, 4
2, 7
2, 5
2, 9
2, 6
2, 8
2, 3
2, 10
2, 11
39, 47
39, 42
39, 41
39, 45
39, 43
39, 48
39, 44
39, 40
39, 46
49, 50
49, 56
49, 53
49, 87
49, 54
49, 55
49, 57
49, 52
49, 51
1, 22
1, 62
1, 42
1, 2
1, 52
1, 12
1, 72
1, 92
1, 32
1, 82
22, 27
22, 30
22, 24
22, 31
22, 29
22, 23
22, 28
22, 25
22, 26
62, 70
62, 63
62, 65
62, 66
62, 68
62, 69
62, 64
62, 71
62, 67
42, 47
42, 46
42, 43
42, 44
42, 45
42, 51
42, 50
42, 48
42, 49
2, 7
2, 11
2, 8
2, 5
2, 4
2, 6
2, 10
2, 9
2, 3
52, 57
52, 53
52, 60
52, 58
52, 61
52, 59
52, 54
52, 56
52, 55
12, 20
12, 21
12, 13
12, 17
12, 18
12, 15
12, 16
12, 19
12, 14
72, 79
72, 77
72, 76
72, 81
72, 75
72, 78
72, 73
72, 74
72, 80
92, 100
92, 98
92, 93
92, 94
92, 97
92, 95
92, 99
92, 96
92, 101
32, 34
32, 41
32, 40
32, 35
32, 37
32, 36
32, 39
32, 38
32, 33
82, 90
82, 88
82, 87
82, 89
82, 83
82, 85
82, 86
82, 84
82, 91
18, 44
18, 1
18, 23
18, 20
18, 34
18, 39
18, 30
18, 19
18, 36
18, 27
44, 47
44, 46
44, 45
44, 50
44, 53
44, 49
44, 51
44, 52
44, 48
1, 6
1, 3
1, 2
1, 8
1, 7
1, 10
1, 4
1, 9
1, 5
23, 25
23, 24
23, 11
23, 14
23, 17
23, 16
23, 12
23, 15
23, 13
20, 34
20, 23
20, 30
20, 27
20, 22
20, 32
20, 36
20, 21
20, 33
34, 35
34, 56
39, 41
39, 40
39, 43
39, 42
30, 29
19, 23
19, 20
19, 34
19, 30
19, 36
19, 22
19, 54
19, 38
19, 27
36, 37
36, 57
27, 30
27, 29
27, 28
27, 31
27, 26
27, 55
1, 31
1, 75
1, 21
1, 2
1, 60
1, 11
1, 50
1, 37
1, 70
31, 37
31, 32
31, 33
31, 48
31, 35
31, 47
31, 36
31, 49
31, 34
75, 77
75, 80
75, 83
75, 76
75, 78
75, 81
75, 79
75, 82
75, 84
21, 27
21, 22
21, 23
21, 30
21, 29
21, 24
21, 28
21, 26
21, 25
2, 11
2, 10
2, 8
2, 9
2, 6
2, 5
2, 3
2, 7
2, 4
60, 63
60, 64
60, 67
60, 68
60, 62
60, 69
60, 66
60, 65
60, 61
11, 17
11, 18
11, 15
11, 14
11, 16
11, 13
11, 20
11, 19
11, 12
50, 54
50, 51
50, 52
50, 57
50, 56
50, 59
50, 58
50, 55
50, 53
37, 43
37, 45
37, 46
37, 41
37, 38
37, 40
37, 39
37, 44
37, 42
70, 75
70, 72
70, 85
70, 88
70, 87
70, 74
70, 73
70, 71
70, 86
16, 32
16, 31
16, 23
16, 17
16, 27
16, 28
16, 26
16, 19
16, 25
16, 29
32, 10
32, 15
31, 15
31, 42
31, 32
31, 37
23, 6
23, 13
23, 4
17, 19
17, 22
17, 21
17, 18
17, 20
17, 1
17, 2
17, 3
27, 8
27, 40
27, 36
28, 9
28, 11
28, 39
28, 41
26, 34
26, 35
26, 38
26, 33
19, 7
19, 5
19, 14
19, 20
29, 12
29, 24
29, 30
1, 23
1, 22
1, 12
1, 65
1, 74
1, 55
1, 45
1, 2
1, 34
1, 84
23, 27
23, 31
23, 25
23, 24
23, 32
23, 30
23, 29
23, 26
23, 28
22, 23
22, 65
22, 45
22, 55
22, 74
22, 34
22, 53
22, 33
22, 44
12, 13
12, 21
12, 15
12, 19
12, 20
12, 17
12, 16
12, 14
12, 18
65, 71
65, 67
65, 66
65, 69
65, 73
65, 70
65, 94
65, 72
65, 68
74, 82
74, 78
74, 77
74, 83
74, 80
74, 75
74, 79
74, 76
74, 81
55, 62
55, 64
55, 57
55, 56
55, 63
55, 58
55, 60
55, 59
55, 61
45, 53
45, 46
45, 52
45, 48
45, 54
45, 50
45, 49
45, 51
45, 47
2, 11
2, 3
2, 9
2, 7
2, 5
2, 8
2, 6
2, 10
2, 4
34, 35
34, 43
34, 38
34, 40
34, 39
34, 41
34, 37
34, 42
34, 36
84, 91
84, 92
84, 90
84, 93
84, 85
84, 89
84, 88
84, 87
84, 86
3, 48
3, 38
3, 69
3, 4
3, 59
3, 12
3, 47
3, 30
3, 21
48, 52
48, 54
48, 50
48, 49
48, 55
48, 51
48, 53
48, 56
48, 57
38, 47
38, 41
38, 39
38, 44
38, 46
38, 40
38, 43
38, 45
38, 42
69, 75
69, 78
69, 71
69, 72
69, 76
69, 73
69, 77
69, 74
69, 70
4, 12
4, 7
4, 8
4, 14
4, 11
4, 6
4, 10
4, 9
4, 5
59, 60
59, 63
59, 62
59, 65
59, 67
59, 61
59, 66
59, 68
59, 64
12, 14
12, 19
12, 17
12, 15
12, 20
12, 13
12, 16
12, 18
12, 84
47, 58
47, 82
47, 1
47, 81
47, 83
30, 32
30, 37
30, 35
30, 80
30, 33
30, 31
30, 34
30, 36
30, 79
21, 29
21, 26
21, 28
21, 22
21, 27
21, 24
21, 2
21, 25
21, 23
1, 7
1, 32
1, 5
1, 2
1, 28
1, 20
1, 27
1, 26
1, 42
1, 22
7, 11
7, 13
7, 8
7, 10
7, 12
7, 14
7, 9
7, 15
7, 3
32, 38
32, 35
32, 39
32, 33
32, 40
32, 36
32, 41
32, 34
32, 37
5, 7
5, 11
5, 8
5, 6
5, 13
5, 10
5, 16
5, 18
5, 17
2, 7
2, 5
2, 20
2, 26
2, 22
2, 19
2, 11
2, 4
2, 21
28, 32
28, 42
28, 29
28, 38
28, 31
28, 48
28, 49
28, 41
28, 35
20, 7
20, 50
20, 64
20, 54
20, 3
20, 59
20, 55
20, 62
20, 51
26, 55
26, 61
26, 57
26, 56
26, 58
26, 60
42, 43
42, 47
42, 30
42, 46
42, 44
42, 45
22, 26
22, 54
22, 24
22, 52
22, 25
22, 7
22, 23
22, 63
22, 53
1, 28
1, 29
1, 44
1, 76
1, 56
1, 10
1, 66
1, 38
1, 18
1, 2
28, 29
28, 44
28, 76
28, 56
28, 66
28, 38
28, 34
28, 55
28, 37
29, 34
29, 30
29, 31
29, 35
29, 33
29, 36
29, 32
29, 91
29, 90
44, 45
44, 49
44, 48
44, 51
44, 53
44, 52
44, 47
44, 50
44, 46
76, 79
76, 80
76, 78
76, 84
76, 89
76, 82
76, 77
76, 83
76, 81
56, 59
56, 61
56, 64
56, 62
56, 63
56, 57
56, 65
56, 58
56, 60
10, 13
10, 11
10, 12
10, 85
10, 14
10, 15
10, 88
10, 17
10, 16
66, 73
66, 71
66, 67
66, 75
66, 72
66, 70
66, 69
66, 68
66, 74
38, 44
38, 39
38, 41
38, 49
38, 45
38, 42
38, 43
38, 54
38, 40
18, 23
18, 22
18, 21
18, 25
18, 27
18, 19
18, 20
18, 24
18, 26
2, 5
2, 9
2, 4
2, 3
2, 6
2, 86
2, 7
2, 87
2, 8
1, 3
1, 15
1, 6
1, 26
1, 2
1, 24
1, 30
1, 34
1, 22
1, 38
3, 6
3, 9
3, 13
3, 10
3, 5
3, 11
3, 12
3, 54
3, 4
15, 55
15, 22
15, 19
15, 18
15, 17
15, 16
15, 21
15, 20
15, 64
6, 9
6, 8
6, 7
6, 69
6, 44
6, 42
6, 49
6, 70
6, 40
26, 28
26, 59
26, 27
26, 29
26, 71
26, 57
26, 58
26, 61
26, 60
2, 3
2, 15
2, 6
2, 22
2, 55
2, 18
2, 9
2, 23
2, 14
24, 25
24, 56
24, 46
24, 41
24, 66
24, 65
24, 72
24, 43
24, 67
30, 32
30, 33
30, 31
34, 35
34, 36
34, 37
34, 62
34, 47
34, 68
34, 48
34, 63
34, 50
22, 51
22, 75
22, 73
22, 45
22, 77
22, 74
22, 52
22, 53
22, 76
38, 78
38, 39
1, 72
1, 12
1, 42
1, 78
1, 32
1, 62
1, 75
1, 2
1, 22
1, 52
72, 78
72, 75
72, 74
72, 95
72, 93
72, 73
72, 96
72, 97
72, 94
12, 21
12, 17
12, 18
12, 20
12, 19
12, 14
12, 13
12, 16
12, 15
42, 45
42, 51
42, 49
42, 47
42, 44
42, 50
42, 43
42, 46
42, 48
78, 79
78, 84
78, 81
78, 85
78, 86
78, 83
78, 82
78, 87
78, 80
32, 41
32, 38
32, 33
32, 36
32, 35
32, 34
32, 39
32, 37
32, 40
62, 64
62, 71
62, 66
62, 70
62, 63
62, 69
62, 67
62, 65
62, 68
75, 78
75, 76
75, 88
75, 89
75, 92
75, 91
75, 90
75, 77
75, 84
2, 9
2, 5
2, 7
2, 3
2, 6
2, 10
2, 8
2, 4
2, 11
22, 29
22, 31
22, 25
22, 28
22, 26
22, 24
22, 30
22, 23
22, 27
52, 53
52, 55
52, 61
52, 58
52, 59
52, 57
52, 54
52, 56
52, 60
2, 16
2, 87
2, 70
2, 3
2, 80
2, 60
2, 13
2, 30
2, 50
2, 40
16, 17
16, 20
16, 24
16, 22
16, 19
16, 18
16, 21
16, 23
16, 25
87, 95
87, 92
87, 91
87, 90
87, 88
87, 94
87, 93
87, 1
87, 89
70, 76
70, 77
70, 72
70, 74
70, 75
70, 71
70, 78
70, 79
70, 73
3, 8
3, 4
3, 9
3, 6
3, 12
3, 11
3, 5
3, 7
3, 10
80, 87
80, 83
80, 97
80, 84
80, 86
80, 96
80, 81
80, 82
80, 85
60, 67
60, 65
60, 68
60, 66
60, 69
60, 63
60, 61
60, 62
60, 64
13, 16
13, 29
13, 14
13, 26
13, 28
13, 27
13, 17
13, 15
13, 20
30, 38
30, 37
30, 33
30, 35
30, 39
30, 36
30, 34
30, 31
30, 32
50, 58
50, 52
50, 59
50, 55
50, 53
50, 57
50, 54
50, 51
50, 56
40, 47
40, 48
40, 44
40, 43
40, 41
40, 46
40, 42
40, 49
40, 45
1, 12
1, 41
1, 49
1, 31
1, 17
1, 79
1, 69
1, 2
1, 89
1, 59
12, 17
12, 30
12, 27
12, 16
12, 15
12, 29
12, 13
12, 14
12, 28
41, 45
41, 99
41, 100
41, 46
41, 42
41, 47
41, 44
41, 43
41, 48
49, 56
49, 54
49, 53
49, 51
49, 55
49, 52
49, 50
49, 57
49, 58
31, 38
31, 37
31, 39
31, 40
31, 36
31, 35
31, 33
31, 34
31, 32
17, 21
17, 26
17, 18
17, 20
17, 24
17, 25
17, 22
17, 23
17, 19
79, 83
79, 80
79, 87
79, 81
79, 84
79, 88
79, 82
79, 85
79, 86
69, 73
69, 72
69, 74
69, 78
69, 75
69, 77
69, 76
69, 70
69, 71
2, 8
2, 6
2, 4
2, 11
2, 10
2, 7
2, 3
2, 5
2, 9
89, 91
89, 94
89, 97
89, 90
89, 95
89, 92
89, 93
89, 96
89, 98
59, 68
59, 60
59, 62
59, 67
59, 61
59, 64
59, 63
59, 65
59, 66
1, 19
1, 13
1, 30
1, 24
1, 40
1, 51
1, 2
1, 9
1, 6
1, 11
19, 28
19, 24
19, 22
19, 27
19, 23
19, 21
19, 29
19, 26
19, 20
13, 19
13, 30
13, 24
13, 51
13, 40
13, 15
13, 22
13, 39
13, 46
30, 36
30, 35
30, 37
30, 15
30, 31
30, 34
30, 60
30, 33
30, 32
24, 51
24, 25
24, 49
24, 48
24, 56
24, 50
24, 47
24, 18
24, 14
40, 44
40, 42
40, 16
40, 43
40, 41
40, 45
40, 17
40, 38
40, 52
51, 49
51, 62
51, 58
2, 9
2, 11
2, 6
2, 5
2, 8
2, 12
2, 3
2, 10
2, 4
9, 11
9, 54
9, 57
6, 7
6, 59
6, 53
6, 11
11, 55
11, 2
11, 61
2, 71
2, 37
2, 19
2, 13
2, 29
2, 61
2, 52
2, 25
2, 3
2, 47
71, 74
71, 80
71, 76
71, 79
71, 73
71, 72
71, 75
71, 77
71, 78
37, 46
37, 40
37, 43
37, 42
37, 39
37, 41
37, 44
37, 45
37, 38
19, 22
19, 24
19, 20
19, 21
19, 23
19, 87
19, 85
19, 89
19, 90
13, 17
13, 15
13, 18
13, 16
13, 14
13, 95
13, 81
13, 94
29, 34
29, 31
29, 32
29, 33
29, 36
29, 30
29, 35
29, 1
29, 97
61, 67
61, 62
61, 64
61, 66
61, 68
61, 63
61, 69
61, 65
61, 70
52, 54
52, 55
52, 57
52, 59
52, 53
52, 58
52, 56
52, 92
52, 60
25, 28
25, 84
25, 26
25, 27
25, 88
25, 91
25, 86
25, 82
25, 83
3, 10
3, 9
3, 8
3, 4
3, 7
3, 11
3, 5
3, 12
3, 6
47, 50
47, 49
47, 48
47, 51
47, 96
47, 93
2, 33
2, 23
2, 65
2, 56
2, 47
2, 67
2, 13
2, 43
2, 3
2, 82
33, 38
33, 36
33, 39
33, 34
33, 41
33, 35
33, 42
33, 37
33, 40
23, 31
23, 29
23, 26
23, 25
23, 27
23, 24
23, 28
23, 30
23, 32
65, 67
65, 78
65, 80
65, 74
65, 73
65, 79
65, 66
65, 77
65, 81
56, 58
56, 62
56, 59
56, 60
56, 61
56, 85
56, 63
56, 57
56, 64
47, 53
47, 55
47, 84
47, 50
47, 49
47, 51
47, 48
47, 52
47, 54
67, 74
67, 76
67, 72
67, 73
67, 69
67, 71
67, 70
67, 75
67, 68
13, 22
13, 18
13, 21
13, 16
13, 14
13, 20
13, 17
13, 15
13, 19
43, 56
43, 47
43, 58
43, 53
43, 44
43, 55
43, 46
43, 61
43, 45
3, 6
3, 10
3, 11
3, 9
3, 5
3, 7
3, 8
3, 4
3, 12
82, 1
82, 83
30, 37
30, 59
30, 68
30, 31
30, 51
30, 40
30, 65
30, 63
30, 35
30, 50
37, 40
37, 38
37, 47
37, 39
37, 48
37, 42
37, 46
37, 44
37, 49
59, 60
59, 62
59, 18
59, 61
59, 37
59, 9
59, 14
59, 11
59, 25
68, 69
68, 28
68, 1
68, 70
68, 77
68, 20
68, 19
68, 23
68, 29
31, 33
31, 34
31, 32
31, 4
31, 3
31, 8
31, 2
31, 7
31, 21
51, 53
51, 57
51, 55
51, 56
51, 58
51, 52
51, 54
51, 10
51, 17
40, 75
40, 46
40, 42
40, 44
40, 45
40, 41
40, 43
40, 11
40, 73
65, 22
65, 75
65, 67
65, 76
65, 66
65, 5
65, 27
65, 26
65, 74
63, 64
63, 12
63, 16
63, 4
63, 71
63, 72
63, 6
63, 15
63, 24
35, 36
35, 11
35, 9
35, 14
35, 12
35, 13
35, 75
35, 73
35, 16
36, 37
36, 38
36, 31
36, 27
36, 30
36, 26
36, 24
36, 28
36, 29
36, 22
37, 38
31, 33
31, 32
31, 19
31, 20
31, 3
31, 7
27, 11
27, 16
27, 40
27, 6
26, 21
26, 23
26, 5
26, 1
26, 8
26, 10
26, 9
24, 25
24, 13
24, 4
24, 15
28, 29
28, 34
28, 17
28, 42
28, 39
29, 35
29, 41
29, 18
22, 12
22, 2
22, 14
1, 30
1, 2
1, 20
1, 78
1, 68
1, 46
1, 58
1, 7
1, 88
1, 35
30, 46
30, 35
30, 45
30, 57
30, 56
30, 32
30, 34
30, 31
30, 33
2, 7
2, 12
2, 6
2, 18
2, 5
2, 17
2, 3
2, 4
2, 19
20, 24
20, 23
20, 26
20, 25
20, 21
20, 22
20, 27
20, 29
20, 28
78, 81
78, 84
78, 80
78, 79
78, 86
78, 85
78, 87
78, 82
78, 83
68, 77
68, 72
68, 69
68, 75
68, 73
68, 74
68, 71
68, 70
68, 76
46, 55
46, 50
46, 52
46, 47
46, 54
46, 48
46, 53
46, 51
46, 49
58, 60
58, 64
58, 62
58, 63
58, 61
58, 67
58, 65
58, 66
58, 59
7, 12
7, 13
7, 11
7, 8
7, 16
7, 10
7, 14
7, 15
7, 9
88, 92
88, 97
88, 94
88, 90
88, 91
88, 95
88, 93
88, 96
88, 89
35, 39
35, 43
35, 41
35, 37
35, 42
35, 36
35, 38
35, 40
35, 44
1, 12
1, 62
1, 32
1, 42
1, 72
1, 2
1, 92
1, 82
1, 22
1, 52
12, 17
12, 20
12, 14
12, 21
12, 19
12, 13
12, 18
12, 15
12, 16
62, 70
62, 63
62, 65
62, 66
62, 68
62, 69
62, 64
62, 71
62, 67
32, 37
32, 36
32, 33
32, 34
32, 35
32, 41
32, 40
32, 38
32, 39
42, 47
42, 43
42, 50
42, 48
42, 51
42, 49
42, 44
42, 46
42, 45
72, 79
72, 77
72, 76
72, 81
72, 75
72, 78
72, 73
72, 74
72, 80
2, 10
2, 11
2, 3
2, 7
2, 8
2, 5
2, 6
2, 9
2, 4
92, 100
92, 98
92, 93
92, 94
92, 97
92, 95
92, 99
92, 96
92, 101
82, 90
82, 88
82, 87
82, 89
82, 83
82, 85
82, 86
82, 84
82, 91
22, 24
22, 31
22, 30
22, 25
22, 27
22, 26
22, 29
22, 28
22, 23
52, 55
52, 54
52, 58
52, 56
52, 53
52, 60
52, 61
52, 57
52, 59
22, 51
22, 49
22, 35
22, 72
22, 37
22, 34
22, 47
22, 24
22, 62
51, 55
51, 59
51, 57
51, 56
51, 53
51, 52
51, 60
51, 58
51, 54
49, 34
49, 23
49, 50
49, 6
49, 5
49, 18
49, 61
49, 11
49, 82
35, 36
35, 20
35, 10
35, 19
35, 1
35, 3
35, 9
35, 4
35, 2
72, 79
72, 76
72, 81
72, 78
72, 75
72, 77
72, 74
72, 80
72, 73
37, 42
37, 40
37, 39
37, 46
37, 45
37, 41
37, 38
37, 44
37, 43
34, 49
34, 48
34, 50
34, 5
34, 82
47, 16
47, 12
47, 13
47, 7
47, 15
47, 21
47, 14
47, 8
47, 17
24, 32
24, 31
24, 29
24, 30
24, 33
24, 28
24, 26
24, 27
24, 25
62, 64
62, 65
62, 67
62, 70
62, 66
62, 63
62, 69
62, 68
62, 71
1, 62
1, 22
1, 2
1, 42
1, 12
1, 52
1, 72
1, 32
1, 82
62, 67
62, 63
62, 65
62, 64
62, 68
62, 69
62, 71
62, 66
62, 70
22, 25
22, 26
22, 24
22, 28
22, 31
22, 29
22, 23
22, 27
22, 30
2, 7
2, 9
2, 11
2, 8
2, 3
2, 10
2, 5
2, 6
2, 4
42, 48
42, 47
42, 46
42, 51
42, 45
42, 49
42, 50
42, 43
42, 44
12, 18
12, 20
12, 19
12, 13
12, 14
12, 21
12, 17
12, 15
12, 16
52, 60
52, 55
52, 58
52, 53
52, 61
52, 56
52, 57
52, 59
52, 54
72, 75
72, 76
72, 78
72, 74
72, 77
72, 80
72, 81
72, 73
72, 79
32, 37
32, 41
32, 38
32, 33
32, 40
32, 36
32, 39
32, 34
32, 35
82, 89
82, 83
82, 88
82, 91
82, 84
82, 90
82, 86
82, 85
82, 87
2, 44
2, 3
2, 59
2, 15
2, 54
2, 64
2, 32
2, 13
2, 36
44, 48
44, 52
44, 51
44, 47
44, 49
44, 46
44, 45
44, 53
44, 50
3, 10
3, 11
3, 6
3, 12
3, 8
3, 7
3, 5
3, 4
3, 9
59, 60
59, 62
59, 61
59, 63
59, 35
59, 83
59, 79
15, 16
15, 18
15, 17
15, 21
15, 19
15, 20
15, 22
15, 23
54, 29
54, 55
54, 57
54, 58
54, 75
54, 56
54, 31
54, 30
54, 43
64, 67
64, 73
64, 66
64, 69
64, 71
64, 68
64, 72
64, 65
64, 70
32, 34
32, 33
32, 74
32, 78
32, 80
32, 77
32, 76
13, 15
13, 16
13, 28
13, 26
13, 24
13, 14
13, 27
13, 18
13, 25
36, 39
36, 38
36, 37
36, 40
36, 41
36, 42
36, 1
36, 81
36, 82
1, 22
1, 42
1, 32
1, 52
1, 12
1, 2
1, 74
1, 84
1, 62
1, 72
22, 25
22, 24
22, 30
22, 31
22, 28
22, 23
22, 29
22, 27
22, 26
42, 48
42, 43
42, 47
42, 46
42, 49
42, 51
42, 45
42, 44
42, 50
32, 33
32, 36
32, 40
32, 39
32, 38
32, 41
32, 37
32, 34
32, 35
52, 57
52, 55
52, 59
52, 60
52, 53
52, 56
52, 54
52, 61
52, 58
12, 18
12, 14
12, 20
12, 17
12, 16
12, 19
12, 13
12, 15
12, 21
2, 11
2, 5
2, 8
2, 10
2, 9
2, 3
2, 6
2, 7
2, 4
74, 82
74, 79
74, 75
74, 78
74, 83
74, 77
74, 76
74, 81
74, 80
84, 90
84, 86
84, 89
84, 93
84, 88
84, 92
84, 91
84, 85
84, 87
62, 69
62, 70
62, 68
62, 67
62, 65
62, 64
62, 71
62, 63
62, 66
72, 74
72, 84
72, 96
72, 94
72, 99
72, 73
72, 97
72, 95
72, 98
11, 12
11, 62
11, 90
11, 75
11, 1
11, 52
11, 32
11, 22
11, 42
11, 72
12, 16
12, 15
12, 19
12, 17
12, 13
12, 20
12, 18
12, 14
12, 21
62, 67
62, 68
62, 66
62, 65
62, 71
62, 63
62, 70
62, 69
62, 64
90, 92
90, 99
90, 93
90, 97
90, 94
90, 91
90, 98
90, 95
90, 96
75, 82
75, 81
75, 78
75, 83
75, 76
75, 84
75, 79
75, 80
75, 77
1, 10
1, 9
1, 2
1, 4
1, 7
1, 6
1, 5
1, 3
1, 8
52, 57
52, 58
52, 55
52, 60
52, 61
52, 54
52, 53
52, 59
52, 56
32, 38
32, 36
32, 34
32, 41
32, 35
32, 39
32, 37
32, 33
32, 40
22, 28
22, 30
22, 26
22, 31
22, 25
22, 24
22, 27
22, 23
22, 29
42, 50
42, 51
42, 43
42, 44
42, 46
42, 49
42, 45
42, 48
42, 47
72, 75
72, 86
72, 88
72, 74
72, 85
72, 89
72, 73
72, 82
72, 87
1, 35
1, 56
1, 2
1, 25
1, 15
1, 3
1, 45
1, 66
1, 68
1, 79
35, 41
35, 36
35, 42
35, 37
35, 43
35, 38
35, 40
35, 44
35, 39
56, 64
56, 57
56, 60
56, 59
56, 58
56, 63
56, 62
56, 65
56, 61
2, 35
2, 56
2, 3
2, 25
2, 15
2, 45
2, 14
2, 55
2, 13
25, 28
25, 30
25, 34
25, 32
25, 26
25, 31
25, 29
25, 33
25, 27
15, 21
15, 17
15, 16
15, 24
15, 19
15, 18
15, 20
15, 22
15, 23
3, 6
3, 7
3, 10
3, 8
3, 9
3, 12
3, 4
3, 11
3, 5
45, 48
45, 54
45, 51
45, 53
45, 50
45, 49
45, 47
45, 52
45, 46
66, 79
66, 68
66, 89
66, 90
66, 93
66, 91
66, 78
66, 67
66, 92
68, 77
68, 73
68, 75
68, 72
68, 69
68, 70
68, 74
68, 76
68, 71
79, 82
79, 88
79, 80
79, 81
79, 86
79, 84
79, 83
79, 87
79, 85
1, 62
1, 72
1, 42
1, 52
1, 22
1, 12
1, 88
1, 2
1, 32
1, 75
62, 66
62, 65
62, 67
62, 69
62, 70
62, 71
62, 64
62, 68
62, 63
72, 85
72, 75
72, 88
72, 73
72, 87
72, 98
72, 86
72, 80
72, 74
42, 50
42, 47
42, 48
42, 43
42, 51
42, 44
42, 46
42, 49
42, 45
52, 57
52, 58
52, 54
52, 56
52, 59
52, 53
52, 55
52, 60
52, 61
22, 26
22, 24
22, 23
22, 30
22, 28
22, 29
22, 27
22, 25
22, 31
12, 20
12, 19
12, 13
12, 16
12, 14
12, 18
12, 15
12, 17
12, 21
88, 94
88, 95
88, 89
88, 93
88, 90
88, 91
88, 97
88, 96
88, 92
2, 6
2, 10
2, 5
2, 8
2, 4
2, 11
2, 9
2, 3
2, 7
32, 38
32, 39
32, 35
32, 34
32, 33
32, 40
32, 36
32, 37
32, 41
75, 80
75, 84
75, 83
75, 81
75, 79
75, 77
75, 82
75, 78
75, 76
1, 2
1, 22
1, 52
1, 32
1, 62
1, 12
1, 42
1, 79
1, 72
1, 89
2, 7
2, 10
2, 4
2, 11
2, 9
2, 3
2, 8
2, 5
2, 6
22, 27
22, 26
22, 23
22, 24
22, 25
22, 31
22, 30
22, 28
22, 29
52, 60
52, 53
52, 55
52, 56
52, 58
52, 59
52, 54
52, 61
52, 57
32, 37
32, 33
32, 40
32, 38
32, 41
32, 39
32, 34
32, 36
32, 35
62, 69
62, 67
62, 66
62, 71
62, 65
62, 68
62, 63
62, 64
62, 70
12, 14
12, 21
12, 20
12, 15
12, 17
12, 16
12, 19
12, 18
12, 13
42, 45
42, 44
42, 48
42, 46
42, 43
42, 50
42, 51
42, 47
42, 49
79, 82
79, 84
79, 99
79, 87
79, 85
79, 83
79, 80
79, 81
79, 86
72, 79
72, 76
72, 77
72, 74
72, 88
72, 73
72, 75
72, 82
72, 78
89, 94
89, 91
89, 97
89, 96
89, 93
89, 98
89, 90
89, 92
89, 95
2, 8
2, 6
2, 3
2, 5
2, 4
2, 11
2, 17
2, 13
2, 19
8, 11
8, 17
8, 10
8, 13
8, 15
8, 12
8, 16
8, 9
8, 14
6, 8
6, 11
6, 10
6, 17
6, 13
6, 7
6, 15
6, 12
6, 16
3, 31
3, 35
3, 18
3, 34
3, 41
3, 1
3, 44
5, 46
5, 30
5, 37
5, 32
5, 36
5, 45
5, 42
4, 29
4, 33
4, 38
11, 39
13, 14
13, 10
13, 43
13, 40
19, 20
19, 28
19, 25
19, 21
19, 22
19, 23
19, 27
19, 24
19, 26
1, 49
1, 15
1, 37
1, 60
1, 2
1, 16
1, 18
1, 34
1, 68
1, 12
49, 56
49, 54
49, 53
49, 51
49, 57
49, 52
49, 58
49, 50
49, 55
15, 49
15, 37
15, 16
15, 18
15, 34
15, 21
15, 48
15, 32
15, 56
37, 41
37, 43
37, 39
37, 42
37, 46
37, 40
37, 44
37, 45
37, 38
60, 65
60, 61
60, 64
60, 62
60, 63
60, 66
60, 59
60, 67
2, 8
2, 3
2, 6
2, 4
2, 7
2, 5
2, 10
2, 11
2, 9
16, 21
16, 18
16, 32
16, 17
16, 31
16, 33
16, 30
16, 29
16, 28
18, 21
18, 24
18, 26
18, 25
18, 27
18, 19
18, 23
18, 20
18, 22
34, 37
34, 41
34, 36
34, 47
34, 35
34, 39
34, 43
34, 40
34, 46
68, 73
68, 72
68, 71
68, 76
68, 75
68, 69
68, 70
68, 74
68, 77
12, 79
12, 13
12, 80
12, 78
12, 14
12, 81
1, 11
1, 43
1, 73
1, 10
1, 53
1, 2
1, 23
1, 63
1, 33
11, 12
11, 13
11, 16
11, 17
11, 14
11, 19
11, 20
11, 15
11, 18
43, 45
43, 44
43, 49
43, 52
43, 48
43, 46
43, 50
43, 47
43, 51
73, 81
73, 75
73, 77
73, 74
73, 84
73, 76
73, 79
73, 78
73, 80
10, 11
10, 12
10, 21
10, 13
10, 22
10, 83
10, 16
10, 17
10, 85
53, 57
53, 54
53, 59
53, 61
53, 60
53, 56
53, 58
53, 55
53, 62
2, 82
2, 7
2, 3
2, 9
2, 4
2, 6
2, 5
2, 8
2, 86
23, 24
23, 27
23, 32
23, 28
23, 31
23, 30
23, 29
23, 25
23, 26
63, 69
63, 65
63, 66
63, 70
63, 72
63, 71
63, 64
63, 68
63, 67
33, 42
33, 41
33, 35
33, 36
33, 37
33, 38
33, 40
33, 39
33, 34
23, 44
23, 48
23, 37
23, 28
23, 24
23, 52
23, 58
23, 36
23, 25
44, 47
44, 46
44, 6
44, 45
44, 63
44, 51
44, 76
44, 21
44, 12
48, 49
48, 72
48, 67
48, 71
48, 7
48, 70
48, 66
48, 69
48, 68
37, 38
37, 74
37, 73
37, 14
37, 13
37, 78
28, 32
28, 31
28, 30
28, 29
28, 75
28, 20
28, 77
28, 22
28, 19
24, 10
24, 1
24, 15
24, 3
24, 8
24, 16
24, 18
24, 9
24, 2
52, 54
52, 58
52, 57
52, 55
52, 53
52, 61
52, 59
52, 60
52, 56
58, 54
58, 57
58, 62
58, 65
58, 64
36, 44
36, 37
36, 48
36, 41
36, 42
36, 39
36, 40
36, 43
36, 50
25, 11
25, 26
25, 17
25, 34
25, 33
25, 27
25, 4
25, 35
25, 5
26, 27
26, 50
26, 40
26, 64
26, 74
26, 77
26, 76
26, 37
26, 87
26, 59
27, 28
27, 30
27, 31
27, 29
27, 32
27, 33
27, 36
27, 35
27, 34
50, 58
50, 54
50, 56
50, 52
50, 51
50, 57
50, 53
50, 55
50, 99
40, 41
40, 47
40, 48
40, 42
40, 45
40, 43
40, 46
40, 49
40, 44
64, 67
64, 65
64, 71
64, 66
64, 72
64, 68
64, 70
64, 69
64, 73
74, 21
74, 75
74, 18
74, 24
74, 22
74, 100
74, 19
74, 13
74, 23
77, 84
77, 82
77, 78
77, 83
77, 85
77, 86
77, 80
77, 81
77, 79
76, 20
76, 12
76, 2
76, 3
76, 8
76, 25
76, 9
76, 101
76, 11
37, 38
37, 15
37, 5
37, 14
37, 4
37, 39
37, 10
37, 16
37, 17
87, 93
87, 91
87, 95
87, 90
87, 92
87, 88
87, 89
87, 94
87, 96
59, 61
59, 60
59, 62
59, 63
59, 97
59, 1
59, 7
59, 6
59, 98
38, 57
38, 62
38, 39
38, 77
38, 70
38, 44
38, 56
38, 47
38, 78
57, 59
57, 7
57, 60
57, 22
57, 58
57, 11
57, 27
57, 61
57, 28
62, 65
62, 67
62, 64
62, 68
62, 8
62, 63
62, 66
62, 69
62, 29
39, 40
39, 43
39, 41
39, 42
39, 34
39, 31
39, 77
39, 14
39, 44
77, 23
77, 76
77, 17
77, 19
77, 25
77, 32
77, 15
77, 33
77, 20
70, 71
70, 73
70, 72
70, 75
70, 16
70, 74
70, 26
70, 1
70, 18
44, 47
44, 52
44, 45
44, 50
44, 51
44, 53
44, 49
44, 54
44, 46
56, 3
56, 4
56, 2
56, 10
56, 12
56, 13
47, 50
47, 5
47, 49
47, 51
47, 48
47, 9
47, 6
47, 21
47, 55
78, 82
78, 80
78, 79
78, 24
78, 35
78, 81
78, 37
78, 36
78, 30
12, 13
12, 21
12, 43
12, 33
12, 1
12, 52
12, 34
12, 41
12, 56
13, 21
13, 19
13, 18
13, 14
13, 15
13, 16
13, 31
13, 17
13, 20
21, 26
21, 30
21, 28
21, 29
21, 25
21, 23
21, 22
21, 24
21, 27
43, 45
43, 46
43, 47
43, 44
43, 49
43, 63
33, 43
33, 34
33, 48
33, 51
33, 40
33, 41
33, 36
33, 50
33, 39
1, 8
1, 10
1, 4
1, 6
1, 7
1, 2
1, 3
1, 9
1, 5
52, 1
52, 54
52, 8
52, 21
52, 53
52, 55
52, 11
52, 10
52, 4
34, 36
34, 37
34, 35
34, 38
34, 42
41, 61
41, 60
41, 62
41, 36
41, 44
56, 59
56, 33
56, 57
56, 32
56, 58
1, 2
1, 53
1, 10
1, 27
1, 21
1, 8
1, 9
1, 34
1, 19
1, 22
2, 4
2, 3
2, 7
2, 6
2, 5
2, 68
2, 67
53, 58
53, 62
53, 61
53, 60
53, 59
53, 54
53, 55
53, 57
53, 56
10, 11
10, 16
10, 14
10, 17
10, 15
10, 12
10, 13
10, 26
10, 50
27, 34
27, 35
27, 38
27, 39
27, 30
27, 29
27, 28
27, 32
27, 31
21, 43
21, 48
21, 44
8, 9
8, 10
8, 51
8, 24
8, 42
8, 49
8, 25
34, 35
34, 64
34, 37
34, 36
34, 40
34, 63
34, 65
34, 33
34, 66
19, 20
19, 41
19, 47
19, 18
19, 46
22, 44
22, 43
22, 21
22, 45
22, 23
22, 52
27, 33
27, 38
27, 30
27, 29
27, 34
27, 40
27, 28
27, 32
27, 41
33, 17
33, 24
33, 22
33, 7
33, 11
33, 3
33, 49
33, 21
33, 25
38, 39
38, 56
38, 42
38, 4
38, 19
38, 50
38, 18
30, 46
30, 1
30, 31
30, 43
30, 47
30, 2
29, 51
29, 52
29, 53
29, 54
29, 55
34, 36
34, 37
34, 35
34, 26
34, 13
34, 59
34, 23
34, 5
34, 58
28, 16
28, 6
28, 15
28, 57
28, 9
32, 45
32, 48
32, 44
41, 10
41, 20
41, 8
41, 12
41, 14
24, 38
24, 25
24, 42
24, 29
24, 31
24, 27
24, 28
24, 36
24, 44
38, 41
38, 40
38, 6
38, 39
38, 49
38, 45
38, 70
38, 23
38, 15
25, 26
25, 62
25, 60
25, 17
25, 16
25, 71
42, 43
42, 58
42, 52
42, 57
42, 7
42, 55
42, 51
42, 54
42, 53
29, 47
29, 4
29, 14
29, 2
29, 9
29, 22
29, 1
29, 46
29, 11
31, 34
31, 35
31, 33
31, 32
31, 50
31, 5
31, 56
31, 48
31, 67
27, 63
27, 12
27, 13
27, 37
27, 21
27, 3
28, 64
28, 19
28, 61
36, 65
36, 59
36, 68
36, 30
44, 66
44, 69
44, 10
44, 8
44, 20
44, 18
1, 22
1, 62
1, 82
1, 12
1, 52
1, 32
1, 72
1, 42
1, 2
1, 92
22, 29
22, 27
22, 25
22, 28
22, 26
22, 30
22, 24
22, 23
22, 31
62, 67
62, 70
62, 71
62, 64
62, 66
62, 68
62, 65
62, 69
62, 63
82, 86
82, 89
82, 84
82, 87
82, 88
82, 90
82, 91
82, 83
82, 85
12, 19
12, 21
12, 17
12, 16
12, 13
12, 18
12, 14
12, 15
12, 20
52, 53
52, 54
52, 59
52, 55
52, 56
52, 61
52, 58
52, 57
52, 60
32, 41
32, 35
32, 40
32, 36
32, 33
32, 37
32, 38
32, 34
32, 39
72, 79
72, 77
72, 80
72, 78
72, 76
72, 81
72, 75
72, 73
72, 74
42, 51
42, 47
42, 45
42, 49
42, 43
42, 48
42, 50
42, 46
42, 44
2, 9
2, 6
2, 10
2, 11
2, 3
2, 5
2, 8
2, 7
2, 4
92, 94
92, 101
92, 96
92, 99
92, 100
92, 95
92, 98
92, 97
92, 93
3, 34
3, 60
3, 24
3, 14
3, 49
3, 4
3, 70
3, 80
3, 43
34, 43
34, 37
34, 38
34, 40
34, 35
34, 39
34, 36
34, 41
34, 42
60, 64
60, 67
60, 68
60, 69
60, 61
60, 62
60, 63
60, 66
60, 65
24, 30
24, 33
24, 31
24, 29
24, 32
24, 25
24, 27
24, 26
24, 28
14, 16
14, 20
14, 22
14, 15
14, 18
14, 21
14, 19
14, 17
14, 23
49, 53
49, 56
49, 55
49, 51
49, 57
49, 50
49, 54
49, 52
49, 58
4, 9
4, 8
4, 12
4, 7
4, 5
4, 13
4, 10
4, 6
4, 11
70, 73
70, 79
70, 75
70, 77
70, 72
70, 74
70, 76
70, 71
70, 78
80, 82
80, 84
80, 85
80, 90
80, 83
80, 48
80, 59
80, 81
80, 1
43, 46
43, 47
43, 45
43, 87
43, 89
43, 44
43, 86
43, 2
43, 88
2, 79
2, 69
2, 62
2, 52
2, 33
2, 13
2, 43
2, 23
2, 3
79, 82
79, 85
79, 80
79, 88
79, 81
79, 86
79, 83
79, 87
79, 84
69, 72
69, 76
69, 74
69, 78
69, 75
69, 77
69, 73
69, 71
69, 70
62, 69
62, 64
62, 65
62, 72
62, 68
62, 66
62, 76
62, 63
62, 67
52, 54
52, 55
52, 60
52, 56
52, 59
52, 61
52, 58
52, 53
52, 57
33, 39
33, 41
33, 37
33, 38
33, 42
33, 34
33, 40
33, 36
33, 35
13, 18
13, 22
13, 17
13, 21
13, 14
13, 16
13, 15
13, 20
13, 19
43, 48
43, 49
43, 47
43, 45
43, 46
43, 51
43, 50
43, 44
43, 1
23, 24
23, 26
23, 29
23, 32
23, 27
23, 25
23, 30
23, 28
23, 31
3, 10
3, 8
3, 4
3, 11
3, 5
3, 9
3, 7
3, 6
3, 12
1, 47
1, 5
1, 3
1, 25
1, 28
1, 4
1, 19
1, 2
1, 15
1, 13
47, 52
47, 56
47, 55
47, 54
47, 53
47, 48
47, 49
47, 51
47, 50
5, 6
5, 11
5, 9
5, 12
5, 10
5, 7
5, 8
5, 32
5, 44
3, 4
3, 5
3, 45
3, 30
3, 35
3, 43
3, 31
25, 37
25, 42
25, 38
28, 38
28, 37
28, 25
28, 40
28, 29
28, 46
19, 20
19, 25
19, 27
19, 21
19, 23
19, 26
19, 24
19, 22
19, 41
15, 25
15, 19
15, 20
15, 17
15, 16
15, 27
15, 21
15, 18
15, 23
13, 36
13, 39
13, 34
13, 33
13, 14
13, 17
19, 77
19, 22
19, 24
19, 57
19, 36
19, 54
19, 67
19, 75
19, 46
19, 34
77, 78
77, 44
77, 17
77, 53
77, 66
22, 11
22, 9
22, 12
22, 8
22, 6
22, 10
22, 85
22, 13
22, 7
24, 26
24, 31
24, 27
24, 29
24, 25
24, 28
24, 30
24, 74
24, 91
57, 59
57, 61
57, 63
57, 64
57, 58
57, 60
57, 62
57, 87
57, 84
36, 40
36, 39
36, 38
36, 37
36, 41
36, 23
36, 92
36, 4
36, 2
54, 55
54, 56
54, 42
54, 20
54, 83
54, 32
54, 89
54, 88
54, 33
67, 72
67, 68
67, 73
67, 71
67, 70
67, 69
67, 80
67, 5
67, 3
75, 15
75, 43
75, 76
75, 16
75, 45
75, 79
75, 52
75, 65
46, 48
46, 49
46, 51
46, 47
46, 50
46, 1
46, 90
46, 21
46, 86
34, 35
34, 82
34, 14
34, 18
34, 81
1, 2
1, 10
1, 11
1, 18
1, 14
1, 22
1, 16
1, 17
1, 6
2, 10
2, 11
2, 14
2, 15
2, 5
2, 4
2, 3
2, 7
2, 6
10, 11
10, 30
10, 13
10, 12
10, 21
10, 29
10, 32
10, 8
10, 41
11, 30
11, 32
18, 20
18, 19
18, 21
18, 41
18, 30
18, 29
18, 34
18, 8
18, 31
14, 38
14, 23
14, 9
14, 33
14, 36
14, 40
14, 39
14, 26
14, 37
22, 24
22, 23
22, 38
22, 14
22, 35
22, 33
22, 9
22, 40
22, 26
6, 28
6, 25
6, 27
6, 36
5, 32
5, 29
5, 19
5, 6
5, 14
5, 15
5, 42
5, 9
5, 13
32, 38
32, 39
32, 34
32, 35
32, 40
32, 36
32, 33
32, 37
32, 41
29, 32
29, 31
29, 42
29, 30
29, 39
29, 38
29, 44
29, 45
29, 46
19, 20
19, 24
19, 22
19, 27
19, 23
19, 26
19, 28
19, 25
19, 21
6, 9
6, 11
6, 8
6, 12
6, 10
6, 7
6, 4
6, 50
6, 51
14, 19
14, 15
14, 16
14, 18
14, 24
14, 22
14, 27
14, 20
14, 17
15, 2
42, 49
42, 48
42, 47
13, 3
13, 43
13, 1
10, 53
10, 14
10, 19
10, 43
10, 12
10, 56
10, 26
10, 16
10, 30
53, 55
53, 54
53, 20
53, 39
53, 24
53, 21
53, 6
53, 32
53, 33
14, 15
14, 11
14, 8
14, 7
14, 2
14, 62
14, 1
14, 64
14, 9
19, 53
19, 26
19, 30
19, 43
19, 31
19, 25
19, 35
19, 22
19, 23
43, 46
43, 50
43, 45
43, 52
43, 47
43, 48
43, 44
43, 49
43, 51
12, 3
12, 63
12, 4
12, 57
12, 67
12, 65
12, 5
56, 68
26, 28
26, 27
26, 29
26, 35
26, 37
26, 42
26, 41
26, 36
26, 66
16, 17
16, 18
16, 58
16, 60
16, 61
16, 13
16, 59
30, 31
30, 34
30, 35
30, 36
30, 40
30, 37
30, 38
30, 32
30, 39
9, 10
9, 18
9, 33
9, 45
9, 40
9, 38
9, 23
9, 41
9, 12
10, 18
10, 12
10, 17
10, 15
10, 16
10, 11
10, 13
10, 22
10, 21
18, 20
18, 19
18, 14
33, 35
33, 36
33, 50
33, 37
33, 34
33, 51
33, 47
33, 6
33, 3
45, 46
45, 5
45, 7
45, 52
45, 2
38, 39
38, 40
38, 32
38, 43
38, 49
38, 44
38, 4
38, 53
38, 48
23, 24
23, 28
23, 27
23, 26
23, 25
23, 30
23, 29
23, 31
23, 42
12, 10
12, 1
12, 8
3, 71
3, 81
3, 31
3, 41
3, 4
3, 51
3, 21
3, 91
3, 61
3, 7
71, 72
71, 74
71, 79
71, 75
71, 73
71, 80
71, 77
71, 76
71, 78
81, 85
81, 87
81, 84
81, 86
81, 82
81, 89
81, 90
81, 83
81, 88
31, 35
31, 39
31, 40
31, 32
31, 38
31, 37
31, 33
31, 34
31, 36
41, 44
41, 48
41, 42
41, 47
41, 49
41, 46
41, 43
41, 50
41, 45
4, 5
4, 7
4, 17
4, 19
4, 6
4, 20
4, 15
4, 16
4, 18
51, 55
51, 56
51, 59
51, 58
51, 57
51, 52
51, 54
51, 53
51, 60
21, 26
21, 28
21, 22
21, 29
21, 30
21, 27
21, 23
21, 25
21, 24
91, 98
91, 97
91, 93
91, 94
91, 99
91, 100
91, 96
91, 95
91, 92
61, 68
61, 65
61, 63
61, 64
61, 69
61, 67
61, 62
61, 70
61, 66
7, 9
7, 1
7, 13
7, 10
7, 11
7, 2
7, 8
7, 12
7, 14
4, 5
4, 10
4, 6
4, 20
4, 53
4, 33
4, 43
4, 7
4, 8
10, 13
10, 14
10, 16
10, 15
10, 11
10, 12
10, 19
10, 18
10, 17
20, 24
20, 25
20, 27
20, 23
20, 21
20, 29
20, 22
20, 28
20, 26
53, 58
53, 62
53, 61
53, 56
53, 54
53, 57
53, 60
53, 59
53, 55
33, 36
33, 35
33, 34
33, 39
33, 38
33, 40
33, 37
33, 41
33, 42
43, 47
43, 44
43, 52
43, 45
43, 46
43, 49
43, 48
43, 51
43, 50
7, 3
7, 1
7, 2
8, 10
8, 43
8, 33
8, 20
8, 63
8, 30
8, 31
8, 9
8, 32
1, 32
1, 54
1, 2
1, 64
1, 37
1, 22
1, 49
1, 12
1, 74
32, 54
32, 49
32, 37
32, 48
32, 47
32, 33
32, 35
32, 36
32, 34
54, 61
54, 58
54, 57
54, 56
54, 60
54, 55
54, 63
54, 62
54, 59
2, 4
2, 8
2, 11
2, 3
2, 9
2, 5
2, 7
2, 10
2, 6
64, 67
64, 65
64, 71
64, 70
64, 69
64, 66
64, 72
64, 68
64, 73
37, 41
37, 42
37, 43
37, 46
37, 39
37, 45
37, 44
37, 40
37, 38
22, 28
22, 29
22, 30
22, 26
22, 25
22, 23
22, 27
22, 31
22, 24
49, 37
49, 48
49, 53
49, 50
49, 52
49, 51
49, 41
49, 84
49, 61
12, 19
12, 15
12, 13
12, 20
12, 16
12, 17
12, 14
12, 18
12, 21
74, 75
74, 81
74, 80
74, 78
74, 77
74, 76
74, 79
74, 83
74, 82
43, 24
43, 53
43, 58
43, 44
43, 56
43, 4
43, 50
43, 61
43, 51
24, 27
24, 33
24, 26
24, 36
24, 25
24, 34
24, 32
24, 31
24, 35
53, 55
53, 54
53, 66
53, 1
53, 42
53, 2
53, 64
53, 65
58, 60
58, 59
58, 14
58, 62
58, 38
58, 39
44, 46
44, 47
44, 48
44, 49
44, 45
44, 40
44, 41
44, 52
44, 68
56, 57
56, 69
56, 15
56, 16
4, 12
4, 6
4, 9
4, 13
4, 7
4, 11
4, 8
4, 10
4, 5
50, 21
50, 29
50, 28
50, 37
50, 30
50, 22
50, 20
50, 19
50, 23
61, 17
61, 18
61, 3
61, 63
51, 53
51, 44
51, 67
2, 79
2, 33
2, 39
2, 59
2, 49
2, 69
2, 23
2, 13
2, 3
2, 84
79, 84
79, 95
79, 96
79, 82
79, 97
79, 81
79, 80
79, 83
79, 94
33, 36
33, 35
33, 37
33, 38
33, 1
33, 99
33, 98
33, 100
33, 34
39, 46
39, 40
39, 43
39, 42
39, 47
39, 41
39, 45
39, 44
39, 48
59, 65
59, 63
59, 61
59, 67
59, 60
59, 62
59, 68
59, 66
59, 64
49, 57
49, 58
49, 53
49, 55
49, 50
49, 54
49, 56
49, 51
49, 52
69, 74
69, 70
69, 73
69, 71
69, 77
69, 76
69, 75
69, 72
69, 78
23, 24
23, 26
23, 27
23, 30
23, 32
23, 29
23, 31
23, 28
23, 25
13, 19
13, 14
13, 17
13, 15
13, 16
13, 22
13, 20
13, 21
13, 18
3, 8
3, 11
3, 6
3, 5
3, 9
3, 12
3, 4
3, 10
3, 7
84, 92
84, 87
84, 88
84, 85
84, 91
84, 93
84, 90
84, 89
84, 86
2, 34
2, 50
2, 8
2, 49
2, 46
2, 20
2, 41
2, 14
2, 5
2, 3
34, 41
34, 43
34, 38
34, 37
34, 39
34, 40
34, 42
34, 35
34, 36
50, 58
50, 52
50, 56
50, 57
50, 55
50, 59
50, 54
50, 53
50, 51
8, 13
8, 10
8, 12
8, 9
8, 11
8, 45
8, 64
8, 68
8, 69
49, 72
49, 61
49, 71
49, 70
49, 62
46, 48
46, 47
46, 1
46, 63
46, 74
46, 66
46, 75
46, 73
46, 30
20, 27
20, 21
20, 23
20, 22
20, 26
20, 29
20, 24
20, 28
20, 25
41, 34
41, 50
41, 60
41, 67
41, 65
14, 17
14, 18
14, 19
14, 15
14, 44
14, 33
14, 16
14, 76
3, 5
3, 6
3, 7
3, 4
3, 31
3, 32
2, 3
2, 50
2, 5
2, 49
2, 20
2, 54
2, 40
2, 68
2, 30
3, 5
3, 7
3, 19
3, 13
3, 15
3, 17
3, 18
3, 4
3, 16
50, 54
50, 59
50, 66
50, 65
50, 67
50, 64
50, 51
50, 52
50, 53
5, 7
5, 13
5, 12
5, 10
5, 9
5, 14
5, 11
5, 6
5, 8
49, 50
49, 54
49, 68
49, 78
49, 74
49, 59
49, 79
49, 80
49, 66
20, 23
20, 26
20, 22
20, 28
20, 25
20, 29
20, 21
20, 27
20, 24
54, 59
54, 58
54, 56
54, 62
54, 60
54, 61
54, 57
54, 55
54, 63
40, 42
40, 41
40, 43
40, 47
40, 45
40, 46
40, 48
40, 1
40, 44
68, 74
68, 70
68, 73
68, 69
68, 76
68, 77
68, 75
68, 71
68, 72
30, 35
30, 36
30, 37
30, 38
30, 31
30, 33
30, 32
30, 34
30, 39
3, 22
3, 4
3, 52
3, 62
3, 42
3, 32
3, 72
3, 82
3, 14
22, 28
22, 25
22, 23
22, 29
22, 30
22, 26
22, 31
22, 27
22, 24
4, 13
4, 9
4, 8
4, 7
4, 11
4, 12
4, 5
4, 6
4, 10
52, 55
52, 53
52, 59
52, 56
52, 54
52, 58
52, 60
52, 57
52, 61
62, 69
62, 71
62, 67
62, 65
62, 68
62, 64
62, 66
62, 63
62, 70
42, 47
42, 46
42, 44
42, 43
42, 51
42, 49
42, 50
42, 45
42, 48
32, 37
32, 36
32, 35
32, 39
32, 38
32, 40
32, 41
32, 33
32, 34
72, 79
72, 76
72, 78
72, 77
72, 73
72, 81
72, 75
72, 74
72, 80
82, 86
82, 83
82, 90
82, 87
82, 84
82, 85
82, 89
82, 91
82, 88
14, 1
14, 15
14, 16
14, 19
14, 20
14, 2
14, 18
14, 17
14, 21
1, 32
1, 22
1, 2
1, 81
1, 12
1, 71
1, 51
1, 91
1, 41
1, 61
32, 37
32, 33
32, 35
32, 40
32, 34
32, 38
32, 39
32, 101
32, 36
22, 28
22, 25
22, 27
22, 30
22, 29
22, 31
22, 26
22, 23
22, 24
2, 8
2, 11
2, 7
2, 3
2, 4
2, 6
2, 9
2, 10
2, 5
81, 87
81, 90
81, 89
81, 85
81, 84
81, 88
81, 83
81, 82
81, 86
12, 20
12, 21
12, 17
12, 18
12, 16
12, 13
12, 19
12, 14
12, 15
71, 78
71, 79
71, 76
71, 77
71, 73
71, 75
71, 72
71, 74
71, 80
51, 53
51, 52
51, 56
51, 60
51, 59
51, 54
51, 58
51, 57
51, 55
91, 95
91, 94
91, 99
91, 97
91, 100
91, 93
91, 96
91, 98
91, 92
41, 44
41, 46
41, 43
41, 48
41, 42
41, 45
41, 50
41, 47
41, 49
61, 69
61, 67
61, 66
61, 63
61, 65
61, 70
61, 62
61, 64
61, 68
2, 3
2, 5
2, 28
2, 78
2, 15
2, 39
2, 48
2, 83
2, 68
2, 58
3, 5
3, 28
3, 15
3, 25
3, 26
3, 4
3, 38
3, 10
3, 27
5, 10
5, 13
5, 7
5, 12
5, 8
5, 6
5, 11
5, 9
5, 14
28, 32
28, 30
28, 33
28, 31
28, 37
28, 35
28, 29
28, 34
28, 36
78, 83
78, 80
78, 94
78, 81
78, 93
78, 84
78, 89
78, 79
78, 82
15, 24
15, 18
15, 20
15, 17
15, 16
15, 21
15, 22
15, 19
15, 23
39, 47
39, 44
39, 41
39, 42
39, 46
39, 45
39, 40
39, 43
39, 1
48, 49
48, 57
48, 50
48, 54
48, 53
48, 55
48, 51
48, 56
48, 52
83, 89
83, 84
83, 87
83, 85
83, 86
83, 88
83, 91
83, 92
83, 90
68, 72
68, 70
68, 76
68, 71
68, 69
68, 77
68, 74
68, 73
68, 75
58, 61
58, 59
58, 65
58, 66
58, 64
58, 67
58, 63
58, 60
58, 62
1, 58
1, 76
1, 21
1, 48
1, 2
1, 68
1, 38
1, 11
1, 31
58, 67
58, 65
58, 64
58, 62
58, 61
58, 63
58, 66
58, 60
58, 59
76, 82
76, 83
76, 80
76, 79
76, 84
76, 85
76, 78
76, 77
76, 81
21, 29
21, 27
21, 28
21, 26
21, 23
21, 22
21, 25
21, 30
21, 24
48, 50
48, 57
48, 49
48, 55
48, 54
48, 51
48, 56
48, 53
48, 52
2, 4
2, 5
2, 8
2, 3
2, 6
2, 7
2, 9
2, 10
2, 89
68, 70
68, 71
68, 69
68, 75
68, 74
68, 73
68, 72
68, 86
68, 88
38, 40
38, 43
38, 42
38, 46
38, 39
38, 47
38, 44
38, 41
38, 45
11, 13
11, 14
11, 16
11, 18
11, 12
11, 15
11, 19
11, 20
11, 17
31, 34
31, 37
31, 33
31, 36
31, 49
31, 87
31, 32
31, 35
31, 50
1, 33
1, 61
1, 47
1, 22
1, 35
1, 72
1, 23
1, 2
1, 12
33, 47
33, 35
33, 45
33, 57
33, 46
33, 59
33, 60
33, 58
33, 34
61, 69
61, 64
61, 68
61, 63
61, 65
61, 67
61, 66
61, 62
61, 70
47, 55
47, 56
47, 53
47, 54
47, 52
47, 51
47, 49
47, 48
47, 50
22, 33
22, 61
22, 47
22, 35
22, 72
22, 23
22, 71
22, 45
22, 57
35, 42
35, 37
35, 38
35, 44
35, 36
35, 41
35, 39
35, 43
35, 40
72, 75
72, 73
72, 78
72, 76
72, 77
72, 79
72, 74
72, 81
72, 80
23, 31
23, 25
23, 30
23, 29
23, 24
23, 27
23, 32
23, 28
23, 26
2, 3
2, 7
2, 5
2, 4
2, 6
2, 11
2, 8
2, 10
2, 9
12, 13
12, 15
12, 17
12, 21
12, 16
12, 19
12, 18
12, 20
12, 14
1, 52
1, 32
1, 72
1, 82
1, 92
1, 62
1, 12
1, 22
1, 42
1, 2
52, 53
52, 59
52, 56
52, 60
52, 58
52, 55
52, 57
52, 54
52, 61
32, 40
32, 37
32, 34
32, 39
32, 36
32, 33
32, 35
32, 41
32, 38
72, 73
72, 78
72, 75
72, 80
72, 81
72, 74
72, 79
72, 77
72, 76
82, 88
82, 89
82, 86
82, 87
82, 90
82, 91
82, 85
82, 83
82, 84
92, 98
92, 94
92, 95
92, 97
92, 93
92, 96
92, 100
92, 99
92, 101
62, 67
62, 64
62, 69
62, 65
62, 71
62, 66
62, 70
62, 68
62, 63
12, 21
12, 14
12, 17
12, 18
12, 20
12, 19
12, 13
12, 16
12, 15
22, 28
22, 25
22, 26
22, 29
22, 30
22, 24
22, 31
22, 23
22, 27
42, 46
42, 48
42, 44
42, 43
42, 49
42, 47
42, 45
42, 51
42, 50
2, 9
2, 5
2, 6
2, 10
2, 4
2, 8
2, 11
2, 7
2, 3
1, 12
1, 51
1, 73
1, 39
1, 2
1, 40
1, 63
1, 27
1, 85
1, 22
12, 14
12, 15
12, 17
12, 16
12, 19
12, 18
12, 20
12, 21
12, 13
51, 59
51, 53
51, 57
51, 56
51, 60
51, 58
51, 52
51, 55
51, 54
73, 78
73, 81
73, 75
73, 82
73, 74
73, 79
73, 80
73, 77
73, 76
39, 51
39, 73
39, 63
39, 40
39, 61
39, 84
39, 50
39, 62
39, 83
2, 9
2, 5
2, 10
2, 11
2, 3
2, 4
2, 8
2, 6
2, 7
40, 45
40, 47
40, 44
40, 41
40, 42
40, 43
40, 49
40, 48
40, 46
63, 72
63, 68
63, 66
63, 67
63, 70
63, 64
63, 69
63, 71
63, 65
27, 33
27, 28
27, 31
27, 30
27, 35
27, 34
27, 32
27, 36
27, 29
85, 90
85, 91
85, 89
85, 86
85, 93
85, 92
85, 88
85, 94
85, 87
22, 27
22, 23
22, 37
22, 26
22, 38
22, 25
22, 33
22, 24
22, 28
1, 32
1, 2
1, 12
1, 53
1, 36
1, 73
1, 63
1, 22
1, 34
32, 53
32, 36
32, 34
32, 50
32, 51
32, 52
32, 48
32, 33
32, 49
2, 10
2, 8
2, 11
2, 9
2, 6
2, 7
2, 4
2, 3
2, 5
12, 21
12, 14
12, 13
12, 18
12, 16
12, 20
12, 19
12, 17
12, 15
53, 57
53, 61
53, 55
53, 58
53, 60
53, 62
53, 56
53, 59
53, 54
36, 38
36, 42
36, 44
36, 40
36, 45
36, 43
36, 39
36, 37
36, 41
73, 74
73, 82
73, 78
73, 75
73, 77
73, 80
73, 79
73, 81
73, 76
63, 64
63, 68
63, 65
63, 66
63, 72
63, 67
63, 70
63, 71
63, 69
22, 23
22, 24
22, 30
22, 31
22, 25
22, 27
22, 29
22, 26
22, 28
34, 36
34, 38
34, 44
34, 35
34, 45
34, 43
34, 47
34, 46
34, 41
3, 43
3, 15
3, 32
3, 25
3, 83
3, 5
3, 47
3, 61
3, 4
3, 51
43, 45
43, 61
43, 44
43, 68
43, 67
43, 46
43, 73
43, 71
43, 62
15, 22
15, 23
15, 19
15, 17
15, 21
15, 18
15, 16
15, 24
15, 20
32, 37
32, 39
32, 34
32, 36
32, 41
32, 38
32, 33
32, 35
32, 40
25, 32
25, 30
25, 27
25, 31
25, 26
25, 37
25, 28
25, 42
25, 29
83, 87
83, 84
83, 90
83, 92
83, 89
83, 91
83, 85
83, 86
83, 88
5, 11
5, 13
5, 9
5, 14
5, 12
5, 8
5, 10
5, 6
5, 7
47, 49
47, 48
47, 50
47, 74
47, 1
47, 2
61, 68
61, 62
61, 64
61, 63
61, 71
61, 70
61, 65
61, 72
61, 69
4, 75
4, 78
4, 82
4, 80
4, 79
4, 77
4, 81
4, 66
4, 76
51, 52
51, 57
51, 59
51, 56
51, 53
51, 58
51, 54
51, 55
51, 60
1, 6
1, 13
1, 17
1, 37
1, 10
1, 2
1, 11
1, 5
1, 12
6, 7
6, 9
6, 8
6, 19
6, 29
6, 18
13, 20
13, 31
13, 35
37, 45
37, 46
37, 40
37, 44
37, 39
37, 41
37, 38
37, 43
37, 42
2, 3
2, 4
2, 6
2, 8
2, 19
2, 7
2, 9
2, 29
2, 18
11, 13
11, 12
11, 16
11, 14
11, 15
11, 26
5, 21
5, 28
5, 30
5, 36
5, 27
5, 23
5, 24
5, 25
5, 22
12, 33
12, 32
12, 13
12, 34
1, 51
1, 2
1, 12
1, 71
1, 61
1, 36
1, 32
1, 79
1, 89
1, 22
51, 56
51, 57
51, 53
51, 55
51, 59
51, 60
51, 54
51, 52
51, 58
2, 10
2, 4
2, 7
2, 3
2, 5
2, 9
2, 8
2, 6
2, 11
12, 15
12, 14
12, 21
12, 19
12, 16
12, 13
12, 20
12, 17
12, 18
71, 72
71, 100
71, 76
71, 75
71, 73
71, 74
71, 99
71, 77
71, 78
61, 65
61, 63
61, 66
61, 68
61, 69
61, 67
61, 70
61, 62
61, 64
36, 39
36, 42
36, 44
36, 40
36, 38
36, 45
36, 41
36, 43
36, 37
32, 36
32, 34
32, 47
32, 46
32, 50
32, 48
32, 49
32, 35
32, 33
79, 84
79, 81
79, 87
79, 82
79, 85
79, 86
79, 88
79, 83
79, 80
89, 90
89, 97
89, 94
89, 95
89, 98
89, 91
89, 96
89, 93
89, 92
22, 25
22, 29
22, 24
22, 26
22, 27
22, 28
22, 30
22, 31
22, 23
1, 69
1, 42
1, 86
1, 71
1, 32
1, 52
1, 22
1, 2
1, 58
1, 12
69, 86
69, 71
69, 84
69, 89
69, 70
69, 83
69, 82
69, 85
69, 81
42, 46
42, 50
42, 51
42, 47
42, 45
42, 49
42, 43
42, 44
42, 48
86, 89
86, 87
86, 92
86, 91
86, 93
86, 95
86, 94
86, 90
86, 88
71, 78
71, 79
71, 75
71, 74
71, 76
71, 72
71, 80
71, 77
71, 73
32, 40
32, 33
32, 35
32, 37
32, 38
32, 34
32, 39
32, 36
32, 41
52, 58
52, 61
52, 62
52, 68
52, 54
52, 53
52, 55
52, 57
52, 56
22, 25
22, 23
22, 24
22, 30
22, 31
22, 29
22, 28
22, 27
22, 26
2, 11
2, 6
2, 10
2, 9
2, 3
2, 7
2, 4
2, 5
2, 8
58, 61
58, 62
58, 63
58, 66
58, 67
58, 64
58, 59
58, 65
58, 60
12, 21
12, 13
12, 20
12, 19
12, 15
12, 14
12, 16
12, 17
12, 18
2, 62
2, 72
2, 3
2, 33
2, 47
2, 61
2, 8
2, 22
2, 24
2, 57
62, 67
62, 71
62, 66
62, 64
62, 65
62, 70
62, 68
62, 63
62, 69
72, 81
72, 73
72, 77
72, 78
72, 80
72, 75
72, 74
72, 79
72, 76
3, 8
3, 6
3, 7
3, 19
3, 18
3, 21
3, 5
3, 4
3, 20
33, 36
33, 39
33, 42
33, 37
33, 40
33, 38
33, 34
33, 35
33, 41
47, 49
47, 54
47, 50
47, 55
47, 48
47, 53
47, 52
47, 56
47, 51
61, 62
61, 72
61, 82
61, 67
61, 84
61, 71
61, 66
61, 81
61, 83
8, 13
8, 9
8, 10
8, 12
8, 17
8, 11
8, 16
8, 15
8, 14
22, 33
22, 24
22, 45
22, 36
22, 23
22, 39
22, 46
22, 44
22, 43
24, 86
24, 31
24, 27
24, 25
24, 28
24, 32
24, 26
24, 29
24, 30
57, 58
57, 60
57, 59
57, 87
57, 89
57, 90
57, 88
57, 85
57, 1
2, 62
2, 72
2, 3
2, 33
2, 47
2, 61
2, 22
2, 8
2, 24
2, 57
62, 67
62, 71
62, 66
62, 64
62, 65
62, 70
62, 68
62, 63
62, 69
72, 81
72, 73
72, 77
72, 78
72, 80
72, 75
72, 74
72, 79
72, 76
3, 8
3, 6
3, 7
3, 19
3, 18
3, 21
3, 5
3, 4
3, 20
33, 36
33, 39
33, 42
33, 37
33, 40
33, 38
33, 34
33, 35
33, 41
47, 49
47, 54
47, 50
47, 55
47, 48
47, 53
47, 52
47, 56
47, 51
61, 62
61, 72
61, 82
61, 67
61, 84
61, 71
61, 66
61, 81
61, 83
22, 33
22, 24
22, 45
22, 36
22, 23
22, 39
22, 46
22, 44
22, 43
8, 13
8, 9
8, 10
8, 12
8, 17
8, 11
8, 16
8, 15
8, 14
24, 86
24, 31
24, 27
24, 25
24, 28
24, 32
24, 26
24, 29
24, 30
57, 58
57, 60
57, 59
57, 87
57, 89
57, 90
57, 88
57, 85
57, 1
68, 48
68, 69
68, 58
68, 11
68, 79
68, 14
68, 38
68, 1
68, 28
48, 53
48, 57
48, 52
48, 50
48, 51
48, 56
48, 54
48, 49
48, 55
69, 72
69, 75
69, 77
69, 70
69, 78
69, 76
69, 71
69, 73
69, 74
58, 67
58, 59
58, 63
58, 64
58, 66
58, 61
58, 60
58, 65
58, 62
11, 14
11, 13
11, 26
11, 17
11, 12
11, 20
11, 27
11, 25
11, 24
79, 82
79, 85
79, 81
79, 80
79, 83
79, 86
79, 84
79, 88
79, 87
14, 17
14, 20
14, 23
14, 18
14, 21
14, 19
14, 15
14, 16
14, 22
38, 43
38, 44
38, 39
38, 40
38, 42
38, 47
38, 41
38, 46
38, 45
1, 5
1, 6
1, 9
1, 8
1, 4
1, 2
1, 7
1, 10
1, 3
28, 30
28, 35
28, 31
28, 36
28, 29
28, 34
28, 33
28, 37
28, 32
1, 28
1, 78
1, 40
1, 16
1, 68
1, 29
1, 59
1, 2
1, 50
1, 5
28, 78
28, 40
28, 68
28, 29
28, 59
28, 50
28, 39
28, 37
28, 67
78, 82
78, 87
78, 81
78, 86
78, 85
78, 79
78, 84
78, 83
78, 80
40, 46
40, 45
40, 49
40, 48
40, 41
40, 47
40, 42
40, 43
40, 44
16, 18
16, 17
16, 21
16, 23
16, 24
16, 19
16, 20
16, 25
16, 22
68, 69
68, 76
68, 74
68, 77
68, 71
68, 72
68, 75
68, 70
68, 73
29, 37
29, 34
29, 36
29, 30
29, 32
29, 33
29, 35
29, 31
29, 38
59, 60
59, 64
59, 66
59, 90
59, 89
59, 63
59, 65
59, 62
59, 61
2, 16
2, 5
2, 27
2, 3
2, 4
2, 18
2, 15
2, 17
2, 26
50, 58
50, 88
50, 54
50, 53
50, 51
50, 52
50, 55
50, 56
50, 57
5, 13
5, 11
5, 6
5, 8
5, 14
5, 7
5, 9
5, 10
5, 12
20, 29
20, 4
20, 46
20, 26
20, 24
20, 21
20, 23
20, 30
20, 27
29, 46
29, 30
29, 33
29, 34
29, 32
29, 31
29, 19
29, 53
29, 52
4, 18
4, 9
4, 17
4, 6
4, 11
4, 10
4, 8
4, 7
4, 16
46, 51
46, 49
46, 48
46, 47
46, 50
26, 37
26, 54
26, 25
24, 26
24, 27
24, 28
21, 22
21, 5
23, 11
23, 43
23, 38
23, 2
23, 40
23, 12
23, 15
23, 13
23, 14
30, 35
30, 41
30, 39
30, 44
30, 45
30, 42
30, 3
30, 36
30, 1
1, 2
1, 43
1, 5
1, 53
1, 17
1, 67
1, 39
1, 80
1, 71
1, 27
2, 5
2, 17
2, 27
2, 37
2, 15
2, 16
2, 4
2, 38
2, 3
43, 45
43, 46
43, 51
43, 49
43, 44
43, 52
43, 47
43, 48
43, 50
5, 9
5, 11
5, 10
5, 14
5, 8
5, 6
5, 12
5, 13
5, 7
53, 62
53, 56
53, 60
53, 57
53, 59
53, 61
53, 55
53, 58
53, 54
17, 21
17, 25
17, 24
17, 19
17, 22
17, 26
17, 20
17, 18
17, 23
67, 71
67, 80
67, 69
67, 70
67, 89
67, 68
67, 90
67, 91
67, 92
39, 43
39, 53
39, 41
39, 42
39, 40
39, 64
39, 63
39, 66
39, 65
80, 85
80, 89
80, 86
80, 83
80, 87
80, 82
80, 84
80, 88
80, 81
71, 74
71, 77
71, 76
71, 78
71, 73
71, 75
71, 72
71, 93
71, 79
27, 28
27, 35
27, 32
27, 33
27, 34
27, 31
27, 29
27, 36
27, 30
7, 20
7, 32
7, 23
7, 11
7, 39
7, 29
7, 8
7, 28
7, 42
20, 23
20, 58
20, 27
20, 26
20, 24
20, 22
20, 57
20, 21
20, 25
32, 39
32, 37
32, 36
32, 33
32, 34
32, 35
32, 41
32, 40
32, 38
23, 58
23, 48
23, 49
11, 54
11, 53
11, 3
11, 51
11, 18
11, 10
11, 46
11, 17
11, 47
39, 60
39, 57
39, 32
39, 59
39, 61
29, 5
29, 6
29, 30
29, 4
29, 31
8, 12
8, 11
8, 13
8, 16
8, 9
8, 15
8, 14
8, 18
8, 19
28, 1
28, 2
28, 55
28, 50
28, 52
42, 65
42, 45
42, 44
42, 43
42, 62
42, 56
42, 64
42, 63
42, 66
1, 26
1, 3
1, 42
1, 4
1, 53
1, 54
1, 59
1, 20
1, 52
1, 34
26, 34
26, 27
26, 33
26, 35
26, 31
26, 30
26, 28
26, 36
26, 29
3, 4
3, 10
3, 11
3, 7
3, 13
3, 12
3, 14
3, 9
3, 15
42, 52
42, 50
42, 47
42, 49
42, 51
42, 46
42, 44
42, 43
42, 45
4, 7
4, 6
4, 5
4, 3
4, 8
4, 2
53, 41
53, 71
53, 72
53, 70
53, 17
54, 55
54, 56
54, 40
54, 57
54, 16
54, 75
59, 67
59, 62
59, 60
59, 64
59, 65
59, 68
59, 66
59, 63
59, 61
20, 26
20, 23
20, 34
20, 22
20, 21
20, 24
20, 38
20, 39
20, 37
52, 76
52, 73
52, 74
52, 18
52, 48
52, 58
52, 19
34, 69
34, 25
34, 32
1, 41
1, 26
1, 12
1, 55
1, 2
1, 13
1, 64
1, 37
1, 24
1, 74
41, 49
41, 43
41, 44
41, 46
41, 50
41, 47
41, 48
41, 42
41, 45
26, 33
26, 35
26, 30
26, 29
26, 27
26, 31
26, 34
26, 32
26, 28
12, 41
12, 26
12, 37
12, 13
12, 24
12, 53
12, 36
12, 23
12, 54
55, 84
55, 59
55, 58
55, 61
55, 60
55, 57
55, 56
55, 63
55, 62
2, 10
2, 8
2, 9
2, 5
2, 6
2, 4
2, 11
2, 7
2, 3
13, 14
13, 15
13, 18
13, 20
13, 19
13, 16
13, 21
13, 22
13, 17
64, 70
64, 73
64, 66
64, 67
64, 65
64, 72
64, 69
64, 68
64, 71
37, 41
37, 49
37, 39
37, 43
37, 40
37, 51
37, 38
37, 46
37, 44
24, 25
24, 52
74, 83
74, 80
74, 81
74, 78
74, 76
74, 82
74, 77
74, 75
74, 79
10, 14
10, 34
10, 43
10, 42
10, 41
10, 23
10, 26
10, 40
10, 22
14, 15
14, 16
14, 20
14, 19
14, 21
14, 17
14, 18
14, 67
14, 52
34, 38
34, 37
34, 46
34, 36
34, 71
34, 35
34, 66
34, 40
34, 53
43, 44
43, 50
43, 46
43, 51
43, 49
43, 48
43, 47
43, 45
43, 4
42, 3
42, 56
42, 73
42, 65
42, 72
42, 69
42, 70
42, 32
42, 13
41, 75
41, 54
41, 6
41, 64
23, 24
23, 25
23, 61
23, 27
23, 39
23, 57
23, 1
23, 68
23, 74
26, 7
26, 8
26, 59
26, 29
26, 12
26, 11
40, 62
40, 63
40, 5
40, 30
40, 60
40, 58
40, 37
40, 2
40, 31
22, 33
22, 55
22, 9
22, 28
7, 27
7, 20
7, 22
7, 46
7, 54
7, 57
7, 11
7, 48
7, 40
27, 30
27, 28
27, 31
27, 29
27, 38
27, 36
27, 1
27, 33
27, 32
20, 22
20, 27
20, 34
20, 39
20, 38
20, 26
20, 25
20, 37
20, 21
22, 23
22, 24
22, 3
22, 2
46, 5
46, 47
46, 4
54, 55
54, 56
54, 62
54, 63
54, 64
57, 59
57, 58
57, 6
57, 65
57, 66
11, 12
11, 13
11, 27
11, 14
11, 16
11, 17
11, 15
11, 10
11, 9
48, 53
48, 50
48, 52
48, 51
48, 49
48, 45
48, 60
48, 61
40, 41
40, 44
40, 43
40, 42
40, 35
40, 8
40, 19
40, 18
40, 67
3, 10
3, 27
3, 6
3, 52
3, 44
3, 17
3, 41
3, 55
3, 19
10, 15
10, 12
10, 11
10, 14
10, 13
10, 36
10, 64
10, 65
10, 38
27, 29
27, 31
27, 28
27, 32
27, 30
27, 5
27, 66
27, 59
27, 35
6, 8
6, 50
6, 7
6, 2
6, 26
6, 22
6, 61
6, 63
6, 23
52, 53
52, 54
44, 47
44, 49
44, 45
44, 48
44, 46
44, 51
44, 67
44, 71
44, 1
17, 18
17, 25
17, 60
17, 37
17, 9
17, 33
17, 4
17, 39
17, 70
41, 42
41, 43
41, 24
41, 72
41, 40
55, 56
55, 58
55, 57
55, 34
55, 16
55, 62
55, 69
55, 68
19, 20
19, 21
23, 31
23, 30
23, 29
23, 34
23, 39
23, 13
23, 25
23, 33
23, 35
23, 27
31, 39
31, 36
31, 38
31, 12
31, 46
31, 45
31, 44
31, 42
31, 41
30, 48
30, 51
30, 60
30, 50
30, 37
30, 54
30, 47
30, 4
30, 49
29, 11
29, 9
29, 10
34, 57
34, 56
34, 55
34, 24
39, 44
39, 41
39, 43
39, 42
39, 40
39, 12
13, 19
13, 20
13, 21
13, 17
13, 18
13, 16
13, 22
13, 14
13, 15
25, 53
25, 2
25, 52
25, 3
35, 1
35, 59
35, 58
35, 5
27, 8
27, 7
27, 6
27, 28
27, 26
27, 32
6, 17
6, 42
6, 81
6, 40
6, 76
6, 62
6, 27
6, 52
6, 72
6, 7
17, 22
17, 19
17, 21
17, 18
17, 23
17, 24
17, 25
17, 20
17, 26
42, 47
42, 45
42, 46
42, 48
42, 50
42, 49
42, 51
42, 43
42, 44
81, 82
81, 89
81, 85
81, 84
81, 90
81, 87
81, 86
81, 88
81, 83
40, 41
40, 37
40, 93
40, 91
40, 38
40, 39
40, 92
76, 78
76, 77
76, 79
76, 80
76, 5
76, 3
76, 4
76, 2
76, 1
62, 67
62, 68
62, 69
62, 66
62, 71
62, 63
62, 70
62, 64
62, 65
27, 35
27, 33
27, 29
27, 34
27, 32
27, 31
27, 36
27, 30
27, 28
52, 58
52, 56
52, 54
52, 60
52, 57
52, 53
52, 59
52, 55
52, 61
72, 73
72, 74
72, 75
7, 11
7, 14
7, 10
7, 13
7, 8
7, 15
7, 12
7, 9
7, 16
1, 74
1, 3
1, 46
1, 42
1, 22
1, 56
1, 64
1, 12
1, 32
1, 79
74, 79
74, 75
74, 78
74, 89
74, 91
74, 76
74, 83
74, 90
74, 77
3, 10
3, 8
3, 6
3, 11
3, 9
3, 5
3, 4
3, 2
3, 7
46, 50
46, 47
46, 49
46, 52
46, 53
46, 48
46, 54
46, 55
46, 51
42, 46
42, 50
42, 45
42, 47
42, 43
42, 49
42, 53
42, 54
42, 44
22, 24
22, 27
22, 23
22, 28
22, 26
22, 31
22, 25
22, 29
22, 30
56, 64
56, 63
56, 65
56, 60
56, 59
56, 58
56, 57
56, 62
56, 61
64, 65
64, 71
64, 70
64, 73
64, 67
64, 66
64, 72
64, 68
64, 69
12, 19
12, 18
12, 17
12, 21
12, 20
12, 16
12, 13
12, 15
12, 14
32, 36
32, 35
32, 39
32, 41
32, 40
32, 34
32, 33
32, 37
32, 38
79, 86
79, 83
79, 85
79, 82
79, 81
79, 87
79, 84
79, 80
79, 88
1, 18
1, 28
1, 39
1, 8
1, 75
1, 29
1, 2
1, 82
1, 63
1, 49
18, 27
18, 20
18, 21
18, 19
18, 22
18, 25
18, 23
18, 24
18, 26
28, 39
28, 75
28, 29
28, 82
28, 73
28, 74
28, 79
28, 63
28, 49
39, 47
39, 43
39, 45
39, 40
39, 42
39, 44
39, 48
39, 41
39, 46
8, 15
8, 10
8, 14
8, 17
8, 13
8, 11
8, 9
8, 12
8, 16
75, 76
75, 77
75, 59
75, 78
75, 62
75, 61
75, 80
75, 81
75, 60
29, 35
29, 38
29, 30
29, 37
29, 31
29, 36
29, 34
29, 32
29, 33
2, 18
2, 8
2, 3
2, 27
2, 4
2, 7
2, 21
2, 6
2, 5
82, 88
82, 87
82, 84
82, 89
82, 85
82, 83
82, 90
82, 91
82, 86
63, 71
63, 66
63, 64
63, 69
63, 68
63, 67
63, 65
63, 70
63, 72
49, 57
49, 55
49, 54
49, 53
49, 58
49, 50
49, 51
49, 52
49, 56
1, 18
1, 28
1, 39
1, 75
1, 8
1, 29
1, 82
1, 2
1, 63
1, 49
18, 27
18, 20
18, 21
18, 19
18, 22
18, 25
18, 23
18, 24
18, 26
28, 39
28, 75
28, 29
28, 82
28, 73
28, 74
28, 79
28, 63
28, 49
39, 47
39, 43
39, 45
39, 40
39, 42
39, 44
39, 48
39, 41
39, 46
75, 76
75, 77
75, 59
75, 78
75, 62
75, 61
75, 80
75, 81
75, 60
8, 15
8, 10
8, 14
8, 17
8, 13
8, 11
8, 9
8, 12
8, 16
29, 35
29, 38
29, 30
29, 37
29, 31
29, 36
29, 34
29, 32
29, 33
82, 88
82, 87
82, 84
82, 89
82, 85
82, 83
82, 90
82, 91
82, 86
2, 18
2, 8
2, 3
2, 27
2, 4
2, 7
2, 21
2, 6
2, 5
63, 71
63, 66
63, 64
63, 69
63, 68
63, 67
63, 65
63, 70
63, 72
49, 57
49, 55
49, 54
49, 53
49, 58
49, 50
49, 51
49, 52
49, 56
1, 6
1, 27
1, 58
1, 68
1, 78
1, 34
1, 48
1, 16
1, 2
6, 13
6, 8
6, 10
6, 14
6, 9
6, 11
6, 15
6, 12
6, 7
27, 34
27, 45
27, 31
27, 32
27, 29
27, 44
27, 30
27, 33
27, 28
58, 63
58, 66
58, 64
58, 62
58, 59
58, 67
58, 61
58, 65
58, 60
68, 76
68, 73
68, 77
68, 69
68, 72
68, 74
68, 70
68, 75
68, 71
78, 86
78, 82
78, 79
78, 81
78, 84
78, 83
78, 87
78, 85
78, 80
34, 39
34, 36
34, 37
34, 40
34, 42
34, 38
34, 35
34, 43
34, 41
48, 57
48, 54
48, 51
48, 56
48, 55
48, 52
48, 53
48, 50
48, 49
16, 22
16, 20
16, 24
16, 21
16, 17
16, 26
16, 23
16, 25
16, 18
2, 4
2, 46
2, 3
2, 5
2, 47
2, 19
4, 22
4, 10
4, 49
4, 32
4, 7
4, 55
4, 20
4, 5
4, 38
4, 59
22, 29
22, 24
22, 27
22, 25
22, 30
22, 26
22, 31
22, 28
22, 23
10, 12
10, 19
10, 17
10, 18
10, 14
10, 16
10, 13
10, 15
10, 11
49, 53
49, 54
49, 50
49, 51
49, 52
49, 48
32, 35
32, 37
32, 33
32, 36
32, 34
7, 17
7, 9
7, 8
7, 2
55, 59
55, 57
55, 56
55, 63
55, 64
55, 58
55, 61
55, 62
55, 65
20, 21
20, 24
20, 3
5, 6
38, 45
38, 47
38, 43
38, 42
38, 40
38, 46
38, 41
38, 39
38, 44
59, 60
59, 65
59, 1
16, 38
16, 17
16, 29
16, 39
16, 27
16, 40
16, 34
16, 28
16, 42
38, 37
38, 33
17, 25
17, 21
17, 18
17, 24
17, 22
17, 19
17, 23
17, 26
17, 20
29, 30
29, 32
29, 31
29, 4
29, 51
29, 39
29, 47
29, 52
29, 56
39, 48
39, 15
39, 49
27, 6
27, 10
27, 4
27, 52
27, 7
27, 5
27, 12
27, 11
40, 41
34, 36
34, 35
34, 55
34, 54
34, 13
34, 53
28, 1
28, 50
28, 2
42, 43
42, 44
42, 45
42, 46
42, 14
42, 8
42, 57
42, 3
42, 9
13, 25
13, 24
13, 14
13, 17
13, 27
13, 31
13, 3
13, 23
13, 19
25, 26
24, 25
24, 26
24, 22
14, 19
14, 17
14, 20
14, 16
14, 21
14, 15
14, 18
14, 1
27, 28
27, 29
27, 30
31, 33
31, 35
31, 40
31, 32
31, 38
31, 37
31, 34
31, 36
31, 39
3, 11
3, 4
3, 10
3, 5
3, 8
3, 9
3, 6
3, 7
3, 12
23, 44
23, 43
23, 41
23, 2
23, 42
1, 53
1, 52
1, 2
1, 75
1, 19
1, 38
1, 22
1, 65
1, 32
1, 9
53, 62
53, 56
53, 60
53, 55
53, 61
53, 54
53, 57
53, 58
53, 59
52, 53
52, 62
52, 56
52, 51
52, 60
52, 63
52, 55
52, 61
52, 64
2, 9
2, 7
2, 6
2, 4
2, 14
2, 3
2, 12
2, 5
2, 8
75, 83
75, 84
75, 78
75, 79
75, 76
75, 82
75, 80
75, 77
75, 81
19, 53
19, 38
19, 52
19, 65
19, 37
19, 21
19, 22
19, 50
19, 20
38, 42
38, 47
38, 46
38, 44
38, 45
38, 43
38, 39
38, 40
38, 41
22, 25
22, 28
22, 30
22, 29
22, 27
22, 24
22, 26
22, 23
22, 31
65, 72
65, 70
65, 71
65, 67
65, 73
65, 66
65, 68
65, 74
65, 69
32, 37
32, 38
32, 35
32, 42
32, 49
32, 48
32, 36
32, 34
32, 33
9, 12
9, 14
9, 13
9, 10
9, 15
9, 11
9, 18
9, 16
9, 17
2, 23
2, 51
2, 80
2, 70
2, 13
2, 24
2, 30
2, 3
2, 56
2, 41
23, 51
23, 80
23, 70
23, 30
23, 24
23, 56
23, 41
23, 66
23, 40
51, 56
51, 66
51, 69
51, 55
51, 67
51, 54
51, 53
51, 52
51, 68
80, 82
80, 81
80, 86
80, 84
80, 85
80, 1
80, 87
80, 83
80, 88
70, 76
70, 73
70, 78
70, 74
70, 75
70, 77
70, 72
70, 79
70, 71
13, 19
13, 15
13, 17
13, 18
13, 16
13, 14
13, 20
13, 21
13, 22
24, 30
24, 29
24, 39
24, 27
24, 34
24, 26
24, 28
24, 37
24, 25
30, 39
30, 34
30, 37
30, 31
30, 38
30, 32
30, 35
30, 36
30, 33
3, 10
3, 12
3, 5
3, 6
3, 7
3, 9
3, 4
3, 8
3, 11
56, 64
56, 61
56, 65
56, 63
56, 60
56, 59
56, 62
56, 58
56, 57
41, 42
41, 48
41, 43
41, 46
41, 47
41, 45
41, 44
41, 50
41, 49
9, 37
9, 22
9, 61
9, 10
9, 38
9, 54
9, 74
9, 20
9, 47
37, 61
37, 38
37, 47
37, 54
37, 53
37, 68
37, 72
37, 71
37, 73
22, 31
22, 25
22, 30
22, 23
22, 24
22, 26
22, 29
22, 28
22, 27
61, 68
61, 67
61, 63
61, 69
61, 65
61, 70
61, 64
61, 62
61, 66
10, 17
10, 13
10, 19
10, 18
10, 15
10, 11
10, 12
10, 14
10, 16
38, 44
38, 43
38, 46
38, 39
38, 40
38, 41
38, 45
38, 42
38, 4
54, 60
54, 56
54, 58
54, 57
54, 2
54, 55
54, 59
54, 3
54, 7
74, 75
74, 77
74, 79
74, 76
74, 1
74, 80
74, 78
20, 22
20, 32
20, 31
20, 21
20, 33
20, 35
20, 34
20, 25
20, 36
47, 50
47, 49
47, 52
47, 51
47, 48
47, 5
47, 81
47, 8
47, 6
1, 3
1, 51
1, 62
1, 2
1, 30
1, 27
1, 41
1, 17
1, 28
3, 5
3, 9
3, 12
3, 10
3, 11
3, 6
3, 7
3, 13
3, 4
51, 57
51, 55
51, 60
51, 58
51, 59
51, 54
51, 52
51, 53
51, 56
62, 66
62, 64
62, 67
62, 69
62, 68
62, 65
62, 63
62, 71
62, 70
2, 3
2, 14
2, 5
2, 15
2, 10
2, 9
2, 8
2, 12
2, 16
30, 31
30, 38
30, 36
30, 34
30, 39
30, 33
30, 32
30, 37
30, 35
27, 51
27, 62
27, 30
27, 41
27, 28
27, 61
27, 73
27, 40
27, 72
41, 50
41, 42
41, 47
41, 49
41, 45
41, 44
41, 46
41, 48
41, 43
17, 21
17, 26
17, 20
17, 23
17, 25
17, 24
17, 18
17, 19
17, 22
28, 30
28, 31
28, 38
28, 36
28, 29
28, 33
28, 34
28, 39
28, 32
3, 38
3, 54
3, 34
3, 52
3, 73
3, 14
3, 68
3, 49
3, 24
3, 4
38, 46
38, 40
38, 47
38, 42
38, 39
38, 44
38, 43
38, 45
38, 41
54, 58
54, 60
54, 61
54, 63
54, 62
54, 57
54, 55
54, 56
54, 59
34, 38
34, 46
34, 40
34, 48
34, 42
34, 36
34, 47
34, 37
34, 35
52, 54
52, 66
52, 65
52, 53
52, 61
52, 58
52, 60
52, 67
52, 64
73, 81
73, 76
73, 78
73, 77
73, 74
73, 82
73, 80
73, 79
73, 75
14, 15
14, 21
14, 23
14, 20
14, 17
14, 18
14, 19
14, 22
14, 16
68, 73
68, 71
68, 81
68, 76
68, 70
68, 72
68, 69
68, 83
68, 78
49, 51
49, 2
49, 1
49, 50
24, 28
24, 31
24, 25
24, 30
24, 29
24, 26
24, 32
24, 27
24, 33
4, 6
4, 13
4, 9
4, 11
4, 5
4, 8
4, 12
4, 10
4, 7
1, 3
1, 27
1, 57
1, 71
1, 2
1, 67
1, 14
1, 46
1, 34
1, 47
3, 10
3, 9
3, 7
3, 11
3, 5
3, 8
3, 12
3, 6
3, 4
27, 34
27, 33
27, 45
27, 31
27, 30
27, 29
27, 32
27, 44
27, 28
57, 58
57, 66
57, 62
57, 64
57, 60
57, 63
57, 65
57, 61
57, 59
71, 72
71, 73
71, 78
71, 80
71, 74
71, 77
71, 75
71, 76
71, 79
2, 3
2, 14
2, 24
2, 22
2, 25
2, 10
2, 13
2, 9
2, 26
67, 71
67, 72
67, 81
67, 73
67, 69
67, 78
67, 70
67, 68
67, 77
14, 22
14, 20
14, 18
14, 23
14, 21
14, 16
14, 15
14, 17
14, 19
46, 57
46, 71
46, 67
46, 47
46, 84
46, 50
46, 82
46, 51
46, 83
34, 35
34, 43
34, 38
34, 40
34, 36
34, 41
34, 39
34, 37
34, 42
47, 51
47, 50
47, 54
47, 56
47, 49
47, 53
47, 48
47, 52
47, 55
1, 5
1, 39
1, 50
1, 18
1, 62
1, 2
1, 72
1, 29
1, 19
5, 7
5, 9
5, 8
5, 6
5, 14
5, 13
5, 10
5, 11
5, 12
39, 46
39, 40
39, 41
39, 42
39, 44
39, 48
39, 43
39, 47
39, 45
50, 57
50, 58
50, 55
50, 51
50, 52
50, 59
50, 56
50, 54
50, 53
18, 50
18, 39
18, 62
18, 19
18, 29
18, 61
18, 49
18, 60
18, 72
62, 66
62, 63
62, 71
62, 69
62, 70
62, 67
62, 68
62, 65
62, 64
2, 5
2, 7
2, 9
2, 15
2, 3
2, 16
2, 17
2, 8
2, 4
72, 74
72, 79
72, 81
72, 75
72, 78
72, 76
72, 73
72, 80
72, 77
29, 34
29, 35
29, 38
29, 36
29, 33
29, 31
29, 30
29, 37
29, 32
19, 27
19, 23
19, 22
19, 26
19, 21
19, 24
19, 20
19, 25
19, 28
3, 4
3, 70
3, 30
3, 20
3, 80
3, 50
3, 11
3, 60
3, 40
4, 11
4, 10
4, 8
4, 90
4, 19
4, 6
4, 5
4, 9
4, 7
70, 76
70, 77
70, 78
70, 71
70, 79
70, 75
70, 72
70, 74
70, 73
30, 34
30, 35
30, 33
30, 31
30, 39
30, 36
30, 38
30, 37
30, 32
20, 23
20, 27
20, 22
20, 25
20, 29
20, 28
20, 24
20, 21
20, 26
80, 83
80, 89
80, 85
80, 86
80, 84
80, 88
80, 81
80, 82
80, 87
50, 58
50, 54
50, 51
50, 53
50, 59
50, 56
50, 52
50, 57
50, 55
11, 18
11, 17
11, 13
11, 14
11, 15
11, 16
11, 12
11, 1
11, 2
60, 68
60, 66
60, 67
60, 62
60, 65
60, 69
60, 61
60, 64
60, 63
40, 48
40, 42
40, 46
40, 43
40, 49
40, 41
40, 45
40, 47
40, 44
4, 42
4, 64
4, 55
4, 73
4, 14
4, 43
4, 22
4, 5
4, 32
4, 82
42, 43
42, 49
42, 48
42, 50
42, 54
42, 44
42, 53
42, 52
42, 51
64, 72
64, 69
64, 66
64, 2
64, 71
64, 70
64, 68
64, 67
64, 65
55, 59
55, 60
55, 62
55, 63
55, 61
55, 58
55, 56
55, 57
55, 94
73, 75
73, 77
73, 79
73, 74
73, 80
73, 81
73, 76
73, 78
73, 95
14, 18
14, 20
14, 3
14, 90
14, 21
14, 16
14, 15
14, 17
14, 19
43, 45
43, 44
43, 47
43, 46
43, 1
22, 25
22, 26
22, 29
22, 28
22, 23
22, 27
22, 24
22, 30
22, 31
5, 13
5, 91
5, 10
5, 12
5, 11
5, 6
5, 8
5, 9
5, 7
32, 35
32, 38
32, 37
32, 33
32, 41
32, 40
32, 39
32, 34
32, 36
82, 87
82, 92
82, 84
82, 86
82, 93
82, 88
82, 83
82, 85
82, 89
1, 32
1, 44
1, 48
1, 2
1, 12
1, 22
1, 64
1, 74
1, 34
32, 44
32, 48
32, 34
32, 43
32, 41
32, 42
32, 63
32, 33
32, 46
44, 48
44, 46
44, 59
44, 55
44, 61
44, 62
44, 60
44, 45
44, 58
48, 55
48, 50
48, 56
48, 49
48, 52
48, 53
48, 51
48, 54
48, 57
2, 11
2, 9
2, 7
2, 8
2, 4
2, 10
2, 6
2, 5
2, 3
12, 18
12, 17
12, 13
12, 21
12, 16
12, 20
12, 14
12, 15
12, 19
22, 26
22, 27
22, 23
22, 31
22, 25
22, 29
22, 24
22, 28
22, 30
64, 66
64, 70
64, 72
64, 68
64, 71
64, 67
64, 65
64, 69
64, 73
74, 76
74, 79
74, 75
74, 77
74, 78
74, 81
74, 80
74, 82
74, 83
34, 36
34, 38
34, 39
34, 35
34, 47
34, 84
34, 37
34, 40
34, 85
1, 91
1, 2
1, 22
1, 41
1, 61
1, 12
1, 81
1, 71
1, 51
1, 29
91, 98
91, 96
91, 94
91, 95
91, 100
91, 92
91, 99
91, 93
91, 97
2, 10
2, 7
2, 9
2, 11
2, 5
2, 6
2, 8
2, 4
2, 3
22, 29
22, 24
22, 25
22, 40
22, 26
22, 23
22, 39
22, 27
22, 28
41, 46
41, 44
41, 48
41, 47
41, 45
41, 43
41, 49
41, 50
41, 42
61, 65
61, 68
61, 62
61, 70
61, 63
61, 64
61, 66
61, 67
61, 69
12, 20
12, 14
12, 21
12, 19
12, 17
12, 13
12, 15
12, 16
12, 18
81, 84
81, 89
81, 85
81, 86
81, 83
81, 88
81, 90
81, 87
81, 82
71, 72
71, 78
71, 76
71, 75
71, 74
71, 79
71, 73
71, 80
71, 77
51, 59
51, 58
51, 55
51, 60
51, 54
51, 52
51, 57
51, 56
51, 53
29, 34
29, 33
29, 32
29, 31
29, 36
29, 38
29, 35
29, 30
29, 37
1, 25
1, 51
1, 33
1, 2
1, 35
1, 50
1, 18
1, 69
1, 22
1, 61
25, 28
25, 86
25, 31
25, 29
25, 27
25, 32
25, 26
25, 30
25, 89
51, 54
51, 53
51, 52
51, 55
51, 58
51, 59
51, 57
51, 56
51, 60
33, 35
33, 47
33, 44
33, 45
33, 43
33, 48
33, 37
33, 34
33, 46
2, 10
2, 11
2, 8
2, 4
2, 7
2, 9
2, 5
2, 3
2, 6
35, 37
35, 38
35, 41
35, 87
35, 42
35, 90
35, 36
35, 39
35, 40
50, 51
50, 69
50, 61
50, 68
50, 79
50, 67
50, 82
50, 81
50, 80
18, 20
18, 19
18, 13
18, 15
18, 21
18, 14
18, 17
18, 16
18, 12
69, 71
69, 74
69, 76
69, 72
69, 75
69, 77
69, 73
69, 70
69, 78
22, 23
22, 83
22, 85
22, 84
22, 24
61, 64
61, 65
61, 62
61, 66
61, 63
61, 91
61, 49
61, 92
61, 88
1, 31
1, 66
1, 2
1, 30
1, 65
1, 9
1, 47
1, 55
1, 83
1, 20
31, 38
31, 36
31, 33
31, 34
31, 37
31, 39
31, 32
31, 35
31, 40
66, 71
66, 73
66, 75
66, 68
66, 74
66, 72
66, 67
66, 70
66, 69
2, 9
2, 8
2, 6
2, 7
2, 4
2, 5
2, 15
2, 3
2, 19
30, 31
30, 38
30, 36
30, 44
30, 46
30, 42
30, 45
30, 41
30, 43
65, 66
65, 83
65, 79
65, 82
65, 78
65, 77
65, 81
65, 76
65, 80
9, 15
9, 10
9, 13
9, 11
9, 17
9, 12
9, 14
9, 16
9, 18
47, 55
47, 53
47, 54
47, 59
47, 48
47, 50
47, 51
47, 49
47, 52
55, 59
55, 63
55, 61
55, 60
55, 62
55, 56
55, 64
55, 57
55, 58
83, 87
83, 84
83, 90
83, 88
83, 85
83, 92
83, 86
83, 89
83, 91
20, 24
20, 22
20, 28
20, 27
20, 29
20, 25
20, 23
20, 26
20, 21
1, 39
1, 62
1, 72
1, 2
1, 8
1, 21
1, 84
1, 41
1, 52
1, 29
39, 62
39, 72
39, 84
39, 41
39, 52
39, 82
39, 40
39, 83
39, 51
62, 64
62, 65
62, 71
62, 70
62, 66
62, 63
62, 69
62, 67
62, 68
72, 80
72, 77
72, 76
72, 78
72, 74
72, 81
72, 73
72, 75
72, 79
2, 8
2, 18
2, 20
2, 7
2, 3
2, 19
2, 6
2, 5
2, 4
8, 11
8, 17
8, 12
8, 15
8, 9
8, 13
8, 16
8, 14
8, 10
21, 25
21, 22
21, 27
21, 23
21, 94
21, 28
21, 24
21, 95
21, 26
84, 85
84, 88
84, 86
84, 92
84, 90
84, 93
84, 91
84, 89
84, 87
41, 49
41, 42
41, 45
41, 50
41, 48
41, 46
41, 43
41, 47
41, 44
52, 57
52, 61
52, 59
52, 58
52, 54
52, 53
52, 56
52, 60
52, 55
29, 38
29, 37
29, 34
29, 32
29, 35
29, 31
29, 33
29, 36
29, 30
6, 70
6, 60
6, 42
6, 7
6, 32
6, 19
6, 22
6, 50
6, 80
70, 78
70, 72
70, 74
70, 71
70, 79
70, 75
70, 76
70, 73
70, 77
60, 68
60, 62
60, 65
60, 66
60, 67
60, 63
60, 64
60, 69
60, 61
42, 43
42, 47
42, 44
42, 84
42, 45
42, 48
42, 46
42, 5
42, 49
7, 11
7, 8
7, 14
7, 16
7, 15
7, 12
7, 13
7, 10
7, 9
32, 34
32, 37
32, 33
32, 39
32, 41
32, 40
32, 35
32, 38
32, 36
19, 20
19, 21
19, 17
19, 4
19, 87
19, 18
22, 27
22, 29
22, 23
22, 25
22, 24
22, 31
22, 26
22, 30
22, 28
50, 56
50, 59
50, 54
50, 52
50, 55
50, 53
50, 58
50, 57
50, 51
80, 82
80, 81
80, 86
80, 1
80, 2
80, 88
80, 85
80, 83
80, 3
17, 57
17, 7
17, 40
17, 28
17, 25
17, 50
17, 24
17, 67
17, 18
17, 71
57, 62
57, 3
57, 64
57, 63
57, 60
57, 65
57, 58
57, 59
57, 61
7, 8
7, 13
7, 10
7, 16
7, 9
7, 11
7, 15
7, 12
7, 14
40, 43
40, 49
40, 45
40, 47
40, 46
40, 44
40, 41
40, 48
40, 42
28, 32
28, 31
28, 29
28, 30
28, 37
28, 38
28, 55
28, 6
28, 35
28, 36
25, 57
25, 40
25, 28
25, 50
25, 34
25, 54
25, 33
25, 32
25, 39
50, 52
50, 51
50, 53
50, 54
50, 26
50, 2
50, 27
50, 56
50, 1
67, 68
67, 5
67, 66
18, 19
18, 22
18, 20
18, 21
18, 23
18, 78
71, 72
71, 73
71, 75
71, 76
71, 74
71, 70
71, 69
71, 4
71, 77
2, 70
2, 22
2, 12
2, 90
2, 51
2, 80
2, 60
2, 41
2, 3
2, 30
70, 71
70, 79
70, 73
70, 76
70, 72
70, 78
70, 77
70, 75
70, 74
22, 25
22, 30
22, 28
22, 23
22, 29
22, 26
22, 27
22, 40
22, 24
12, 19
12, 20
12, 16
12, 14
12, 15
12, 21
12, 18
12, 13
12, 17
90, 94
90, 98
90, 95
90, 93
90, 99
90, 97
90, 96
90, 92
90, 91
51, 55
51, 54
51, 1
51, 56
51, 57
51, 58
51, 59
51, 52
51, 53
80, 82
80, 87
80, 88
80, 85
80, 84
80, 86
80, 81
80, 83
80, 89
60, 66
60, 64
60, 65
60, 63
60, 69
60, 67
60, 68
60, 61
60, 62
41, 43
41, 47
41, 49
41, 50
41, 42
41, 48
41, 46
41, 44
41, 45
3, 4
3, 9
3, 8
3, 7
3, 10
3, 6
3, 5
3, 11
30, 38
30, 33
30, 34
30, 31
30, 36
30, 39
30, 32
30, 37
30, 35
4, 28
4, 51
4, 5
4, 12
4, 15
4, 33
4, 44
4, 61
4, 18
28, 33
28, 31
28, 43
28, 42
28, 30
28, 32
28, 29
28, 40
28, 41
51, 54
51, 52
51, 56
51, 59
51, 57
51, 58
51, 60
51, 53
51, 55
5, 8
5, 6
5, 75
5, 10
5, 9
5, 49
5, 48
5, 7
5, 11
12, 18
12, 15
12, 13
12, 23
12, 16
12, 26
12, 25
12, 27
12, 20
15, 13
15, 12
15, 17
15, 26
15, 24
15, 14
33, 29
33, 36
33, 46
33, 37
33, 34
33, 35
33, 38
33, 39
33, 1
44, 3
44, 47
44, 2
44, 45
61, 64
61, 62
61, 63
61, 67
61, 66
61, 65
61, 69
61, 70
61, 68
18, 20
18, 21
18, 19
18, 22
18, 74
18, 72
18, 71
18, 73
18, 50
2, 22
2, 4
2, 12
2, 59
2, 8
2, 57
2, 42
2, 55
2, 16
2, 48
22, 26
22, 28
22, 30
22, 25
22, 23
22, 24
22, 29
22, 31
22, 27
4, 22
4, 12
4, 8
4, 42
4, 48
4, 16
4, 7
4, 37
4, 5
12, 13
12, 15
12, 14
12, 19
12, 35
59, 61
59, 60
59, 62
59, 69
59, 1
59, 3
59, 63
59, 71
59, 70
8, 22
8, 12
8, 33
8, 36
8, 32
8, 9
8, 11
8, 10
8, 21
57, 67
57, 58
57, 64
57, 68
42, 44
42, 43
42, 20
42, 39
42, 6
42, 73
42, 54
42, 38
42, 72
55, 57
55, 58
55, 67
55, 56
55, 64
55, 66
55, 65
55, 68
16, 18
16, 17
16, 22
16, 40
16, 41
16, 74
48, 50
48, 49
48, 51
48, 47
48, 45
48, 34
48, 53
48, 46
48, 52
1, 27
1, 22
1, 47
1, 67
1, 37
1, 12
1, 77
1, 57
1, 2
27, 29
27, 32
27, 31
27, 28
27, 36
27, 33
27, 35
27, 30
27, 34
22, 27
22, 25
22, 29
22, 23
22, 32
22, 24
22, 31
22, 26
22, 28
47, 51
47, 52
47, 55
47, 53
47, 54
47, 50
47, 56
47, 48
47, 49
67, 69
67, 75
67, 73
67, 74
67, 68
67, 70
67, 76
67, 72
67, 71
37, 46
37, 38
37, 41
37, 43
37, 40
37, 39
37, 44
37, 45
37, 42
12, 19
12, 17
12, 14
12, 18
12, 16
12, 21
12, 20
12, 15
12, 13
77, 81
77, 82
77, 86
77, 85
77, 83
77, 80
77, 84
77, 78
77, 79
57, 61
57, 66
57, 59
57, 58
57, 64
57, 60
57, 63
57, 62
57, 65
2, 9
2, 8
2, 6
2, 4
2, 5
2, 3
2, 7
2, 10
2, 11
1, 13
1, 43
1, 33
1, 73
1, 2
1, 63
1, 18
1, 53
1, 83
1, 3
13, 18
13, 14
13, 16
13, 29
13, 17
13, 15
13, 28
13, 31
13, 30
43, 51
43, 45
43, 50
43, 46
43, 47
43, 44
43, 49
43, 52
43, 48
33, 38
33, 34
33, 41
33, 36
33, 39
33, 42
33, 40
33, 37
33, 35
73, 79
73, 81
73, 74
73, 82
73, 80
73, 77
73, 78
73, 76
73, 75
2, 43
2, 63
2, 13
2, 33
2, 18
2, 53
2, 3
2, 73
2, 32
63, 67
63, 69
63, 68
63, 66
63, 70
63, 72
63, 64
63, 71
63, 65
18, 19
18, 25
18, 23
18, 22
18, 26
18, 24
18, 21
18, 27
18, 20
53, 57
53, 62
53, 61
53, 54
53, 55
53, 58
53, 59
53, 56
53, 60
83, 87
83, 90
83, 92
83, 91
83, 88
83, 89
83, 85
83, 86
83, 84
3, 10
3, 9
3, 5
3, 8
3, 6
3, 7
3, 12
3, 11
3, 4
8, 12
8, 17
8, 28
8, 16
8, 21
8, 22
8, 32
8, 27
8, 9
8, 15
12, 14
12, 15
12, 13
12, 55
12, 45
12, 47
12, 50
12, 1
12, 43
17, 56
17, 7
17, 49
28, 29
28, 40
28, 53
28, 59
28, 41
16, 17
16, 19
16, 18
16, 51
22, 25
22, 23
22, 24
22, 58
22, 37
22, 38
22, 2
22, 52
22, 3
32, 54
32, 33
32, 34
32, 36
32, 4
32, 6
32, 5
32, 39
32, 35
27, 15
27, 46
27, 26
27, 31
27, 42
27, 57
27, 29
27, 48
27, 60
9, 12
9, 10
9, 15
9, 11
9, 30
9, 20
9, 44
9, 45
9, 14
2, 62
2, 50
2, 23
2, 3
2, 61
2, 51
2, 33
2, 13
2, 73
2, 43
62, 65
62, 69
62, 68
62, 67
62, 71
62, 70
62, 63
62, 66
62, 64
50, 62
50, 61
50, 51
50, 73
50, 83
50, 59
50, 84
50, 85
50, 72
23, 30
23, 26
23, 27
23, 32
23, 28
23, 25
23, 29
23, 31
23, 24
3, 8
3, 7
3, 11
3, 6
3, 12
3, 5
3, 9
3, 10
3, 4
61, 62
61, 67
61, 65
61, 68
61, 64
61, 71
61, 69
61, 70
61, 63
51, 59
51, 54
51, 56
51, 57
51, 60
51, 55
51, 58
51, 52
51, 53
33, 40
33, 36
33, 38
33, 41
33, 37
33, 35
33, 39
33, 34
33, 42
13, 21
13, 15
13, 19
13, 22
13, 16
13, 20
13, 17
13, 18
13, 14
73, 74
73, 78
73, 76
73, 77
73, 81
73, 79
73, 80
73, 82
73, 75
43, 47
43, 44
43, 48
43, 45
43, 86
43, 46
43, 1
43, 49
29, 57
29, 30
29, 50
29, 60
29, 8
29, 39
29, 49
29, 17
29, 36
57, 56
30, 34
30, 31
30, 33
30, 35
30, 32
30, 27
30, 70
30, 38
30, 73
50, 11
50, 12
50, 13
50, 75
50, 51
50, 53
50, 52
50, 54
50, 55
60, 63
60, 62
60, 67
60, 69
60, 65
60, 68
60, 64
60, 66
60, 61
8, 16
8, 17
8, 11
8, 14
8, 18
8, 9
8, 15
8, 22
8, 10
39, 45
39, 44
39, 40
39, 48
39, 42
39, 41
39, 46
39, 43
39, 47
49, 2
49, 5
49, 7
49, 58
49, 3
49, 4
49, 59
49, 6
49, 1
17, 18
17, 22
17, 25
17, 26
17, 23
17, 24
17, 21
17, 20
17, 19
36, 38
36, 37
36, 28
36, 71
36, 74
36, 72
1, 52
1, 22
1, 71
1, 32
1, 61
1, 2
1, 12
1, 80
1, 42
52, 61
52, 60
52, 56
52, 54
52, 58
52, 55
52, 53
52, 57
52, 59
22, 31
22, 30
22, 28
22, 25
22, 24
22, 26
22, 29
22, 23
22, 27
71, 72
71, 76
71, 90
71, 74
71, 77
71, 73
71, 78
71, 75
71, 79
32, 34
32, 37
32, 36
32, 33
32, 38
32, 35
32, 41
32, 39
32, 40
61, 70
61, 63
61, 68
61, 66
61, 65
61, 64
61, 67
61, 62
61, 69
2, 9
2, 8
2, 3
2, 7
2, 6
2, 10
2, 5
2, 11
2, 4
12, 19
12, 16
12, 20
12, 15
12, 13
12, 21
12, 17
12, 18
12, 14
80, 82
80, 87
80, 89
80, 83
80, 86
80, 88
80, 81
80, 85
80, 84
42, 44
42, 48
42, 49
42, 46
42, 51
42, 47
42, 45
42, 43
42, 50
1, 61
1, 32
1, 74
1, 2
1, 51
1, 42
1, 12
1, 22
1, 62
61, 74
61, 62
61, 84
61, 70
61, 85
61, 73
61, 87
61, 86
61, 72
32, 37
32, 40
32, 38
32, 35
32, 39
32, 36
32, 34
32, 41
32, 33
74, 82
74, 83
74, 75
74, 79
74, 80
74, 77
74, 76
74, 78
74, 81
2, 3
2, 4
2, 8
2, 7
2, 6
2, 11
2, 5
2, 10
2, 9
51, 53
51, 55
51, 52
51, 57
51, 54
51, 58
51, 59
51, 56
51, 60
42, 48
42, 49
42, 47
42, 43
42, 45
42, 46
42, 88
42, 50
42, 44
12, 17
12, 19
12, 20
12, 16
12, 15
12, 14
12, 21
12, 13
12, 18
22, 30
22, 27
22, 25
22, 24
22, 23
22, 28
22, 31
22, 26
22, 29
62, 70
62, 66
62, 65
62, 68
62, 63
62, 64
62, 71
62, 67
62, 69
1, 2
1, 81
1, 10
1, 31
1, 86
1, 41
1, 61
1, 21
1, 71
1, 51
2, 10
2, 3
2, 4
2, 9
2, 8
2, 6
2, 5
2, 20
2, 7
81, 86
81, 84
81, 82
81, 85
81, 83
81, 88
81, 98
81, 97
81, 96
10, 19
10, 15
10, 13
10, 11
10, 16
10, 12
10, 14
10, 17
10, 18
31, 39
31, 38
31, 40
31, 34
31, 36
31, 35
31, 37
31, 32
31, 33
86, 88
86, 94
86, 90
86, 95
86, 91
86, 92
86, 93
86, 89
86, 87
41, 45
41, 50
41, 48
41, 46
41, 44
41, 42
41, 43
41, 47
41, 49
61, 70
61, 67
61, 63
61, 68
61, 69
61, 62
61, 65
61, 66
61, 64
21, 27
21, 26
21, 24
21, 22
21, 28
21, 23
21, 29
21, 25
21, 30
71, 73
71, 72
71, 74
71, 79
71, 75
71, 77
71, 76
71, 80
71, 78
51, 52
51, 53
51, 58
51, 54
51, 55
51, 60
51, 59
51, 56
51, 57
2, 53
2, 3
2, 39
2, 48
2, 7
2, 20
2, 68
2, 83
2, 26
2, 65
53, 57
53, 54
53, 59
53, 55
53, 62
53, 56
53, 61
53, 58
53, 60
3, 7
3, 18
3, 19
3, 5
3, 1
3, 4
3, 6
3, 17
3, 9
39, 45
39, 47
39, 40
39, 42
39, 93
39, 43
39, 44
39, 41
39, 46
48, 53
48, 50
48, 54
48, 57
48, 64
48, 52
48, 49
48, 51
48, 63
7, 9
7, 13
7, 15
7, 16
7, 8
7, 14
7, 12
7, 10
7, 11
20, 26
20, 23
20, 38
20, 37
20, 21
20, 24
20, 36
20, 22
20, 25
68, 77
68, 72
68, 71
68, 74
68, 69
68, 70
68, 76
68, 73
68, 75
83, 85
83, 87
83, 92
83, 84
83, 88
83, 91
83, 90
83, 86
83, 89
26, 29
26, 33
26, 34
26, 27
26, 32
26, 31
26, 30
26, 35
26, 28
65, 68
65, 79
65, 66
65, 82
65, 78
65, 67
65, 77
65, 80
65, 81
4, 13
4, 52
4, 11
4, 29
4, 5
4, 32
4, 8
4, 28
4, 42
13, 19
13, 18
13, 20
13, 16
13, 15
13, 22
13, 14
13, 21
13, 17
52, 58
52, 54
52, 55
52, 56
52, 61
52, 59
52, 60
52, 53
52, 57
11, 13
11, 29
11, 28
11, 19
11, 25
11, 26
11, 24
11, 12
11, 27
29, 1
29, 30
29, 23
29, 2
5, 6
5, 7
32, 36
32, 38
32, 37
32, 41
32, 39
32, 34
32, 33
32, 35
32, 40
8, 31
8, 10
8, 9
8, 3
8, 62
8, 63
42, 44
42, 48
42, 51
42, 49
42, 43
42, 46
42, 45
42, 47
42, 50
10, 54
10, 66
10, 56
10, 36
10, 31
10, 11
10, 21
10, 76
10, 44
54, 66
54, 56
54, 76
54, 86
54, 65
54, 63
54, 55
54, 71
54, 64
66, 71
66, 72
66, 69
66, 68
66, 74
66, 67
66, 75
66, 70
66, 73
56, 63
56, 57
56, 60
56, 62
56, 58
56, 59
56, 61
56, 9
56, 8
36, 43
36, 37
36, 40
36, 6
36, 39
36, 38
36, 7
36, 42
36, 41
31, 3
31, 2
31, 35
31, 34
31, 1
31, 33
31, 32
31, 4
31, 5
11, 17
11, 18
11, 12
11, 19
11, 16
11, 20
11, 14
11, 15
11, 13
21, 30
21, 27
21, 23
21, 28
21, 29
21, 24
21, 26
21, 25
21, 22
76, 83
76, 78
76, 77
76, 80
76, 79
76, 82
76, 81
76, 85
76, 84
44, 48
44, 46
44, 47
44, 45
44, 51
44, 50
44, 53
44, 52
44, 49
1, 42
1, 87
1, 44
1, 68
1, 32
1, 12
1, 2
1, 22
1, 78
1, 58
42, 44
42, 57
42, 56
42, 43
42, 51
42, 47
42, 55
42, 48
42, 54
87, 96
87, 91
87, 94
87, 92
87, 88
87, 93
87, 89
87, 95
87, 90
44, 51
44, 47
44, 48
44, 53
44, 52
44, 46
44, 45
44, 49
44, 50
68, 73
68, 70
68, 72
68, 76
68, 74
68, 75
68, 77
68, 71
68, 69
32, 38
32, 41
32, 39
32, 36
32, 35
32, 33
32, 34
32, 40
32, 37
12, 21
12, 16
12, 19
12, 14
12, 17
12, 15
12, 20
12, 18
12, 13
2, 10
2, 4
2, 6
2, 11
2, 9
2, 8
2, 5
2, 7
2, 3
22, 27
22, 24
22, 28
22, 26
22, 23
22, 31
22, 29
22, 25
22, 30
78, 84
78, 79
78, 85
78, 83
78, 80
78, 86
78, 97
78, 81
78, 82
58, 64
58, 67
58, 66
58, 63
58, 61
58, 59
58, 65
58, 62
58, 60
10, 17
10, 14
10, 11
10, 25
10, 28
10, 22
10, 32
10, 20
10, 13
10, 27
17, 19
17, 18
17, 44
17, 45
17, 2
14, 11
14, 15
14, 16
14, 24
14, 21
14, 5
14, 1
14, 12
11, 12
11, 8
11, 9
25, 26
28, 32
28, 43
28, 29
28, 42
28, 41
28, 39
28, 30
28, 40
28, 31
22, 14
22, 11
22, 23
22, 3
22, 7
22, 15
22, 6
22, 5
22, 21
32, 39
32, 37
32, 35
32, 36
32, 38
32, 33
32, 34
20, 26
20, 4
13, 26
13, 20
13, 4
27, 46
27, 47
23, 49
23, 59
23, 24
23, 63
23, 37
23, 29
23, 47
23, 43
23, 6
49, 50
49, 56
49, 54
49, 55
49, 52
49, 53
49, 70
49, 51
49, 74
59, 60
59, 62
59, 61
59, 22
59, 58
24, 27
24, 28
24, 16
24, 4
24, 26
24, 25
24, 5
24, 71
24, 20
63, 6
63, 68
63, 21
63, 17
63, 69
63, 65
63, 64
63, 66
63, 67
37, 59
37, 38
37, 40
37, 39
37, 41
37, 60
37, 42
37, 57
37, 62
29, 33
29, 3
29, 32
29, 34
29, 30
29, 35
29, 31
29, 36
29, 73
47, 48
47, 18
47, 19
43, 46
43, 44
43, 45
43, 2
43, 1
43, 72
6, 12
6, 10
6, 14
6, 9
6, 7
6, 13
6, 8
6, 15
6, 11
2, 27
2, 59
2, 38
2, 13
2, 49
2, 23
2, 3
2, 87
2, 69
2, 74
27, 30
27, 37
27, 32
27, 36
27, 33
27, 1
27, 34
27, 31
27, 35
59, 64
59, 67
59, 66
59, 60
59, 63
59, 62
59, 68
59, 61
59, 65
38, 40
38, 39
38, 42
38, 47
38, 45
38, 41
38, 46
38, 44
38, 48
13, 21
13, 16
13, 19
13, 17
13, 14
13, 20
13, 18
13, 15
13, 22
49, 52
49, 53
49, 51
49, 57
49, 58
49, 55
49, 54
49, 50
49, 56
23, 27
23, 38
23, 24
23, 25
23, 43
23, 28
23, 26
23, 30
23, 29
3, 9
3, 8
3, 7
3, 10
3, 11
3, 6
3, 4
3, 5
3, 12
87, 90
87, 88
87, 94
87, 96
87, 89
87, 95
87, 93
87, 92
87, 91
69, 74
69, 84
69, 73
69, 72
69, 86
69, 85
69, 71
69, 70
69, 79
74, 76
74, 79
74, 81
74, 82
74, 75
74, 80
74, 78
74, 77
74, 83
10, 13
10, 87
10, 62
10, 11
10, 27
10, 50
10, 40
10, 30
10, 72
10, 78
13, 15
13, 18
13, 17
13, 14
13, 16
13, 2
13, 25
13, 1
13, 4
87, 90
87, 92
87, 96
87, 89
87, 94
87, 88
87, 93
87, 91
87, 95
62, 71
62, 69
62, 66
62, 68
62, 65
62, 63
62, 67
62, 70
62, 64
11, 13
11, 21
11, 20
11, 12
11, 19
11, 23
11, 24
11, 22
11, 26
27, 62
27, 40
27, 50
27, 30
27, 60
27, 28
27, 39
27, 61
27, 29
50, 55
50, 53
50, 57
50, 56
50, 58
50, 54
50, 59
50, 51
50, 52
40, 43
40, 44
40, 47
40, 49
40, 42
40, 41
40, 48
40, 46
40, 45
30, 33
30, 37
30, 3
30, 38
30, 34
30, 31
30, 35
30, 32
30, 36
72, 75
72, 77
72, 76
72, 74
72, 73
72, 8
72, 9
72, 6
72, 5
78, 84
78, 83
78, 82
78, 85
78, 80
78, 81
78, 86
78, 7
78, 79
3, 61
3, 4
3, 58
3, 21
3, 25
3, 67
3, 35
3, 11
3, 40
3, 47
61, 67
61, 66
61, 63
61, 64
61, 75
61, 77
61, 65
61, 62
61, 78
4, 11
4, 6
4, 20
4, 5
4, 9
4, 8
4, 7
4, 10
4, 19
58, 61
58, 67
58, 66
58, 60
58, 59
58, 79
58, 64
58, 80
58, 63
21, 25
21, 26
21, 34
21, 30
21, 27
21, 24
21, 22
21, 29
21, 23
25, 30
25, 29
25, 26
25, 34
25, 27
25, 32
25, 33
25, 28
25, 31
67, 73
67, 75
67, 69
67, 72
67, 70
67, 74
67, 68
67, 76
67, 71
35, 38
35, 39
35, 36
35, 37
11, 16
11, 18
11, 1
11, 15
11, 2
11, 12
11, 13
11, 14
11, 17
40, 47
40, 57
40, 44
40, 43
40, 41
40, 42
40, 45
40, 46
40, 49
47, 49
47, 50
47, 55
47, 53
47, 54
47, 52
47, 51
47, 56
47, 48
46, 60
46, 53
46, 73
46, 47
46, 50
46, 48
46, 70
46, 12
46, 59
60, 67
60, 64
60, 69
60, 62
60, 63
60, 65
60, 61
60, 68
60, 66
53, 54
53, 38
53, 56
53, 76
53, 39
73, 74
73, 34
73, 1
73, 28
73, 2
73, 35
73, 29
73, 6
73, 41
47, 45
47, 37
47, 26
47, 3
50, 53
50, 55
50, 54
50, 51
50, 56
50, 76
50, 52
50, 57
50, 38
48, 49
48, 25
48, 23
48, 42
48, 27
48, 58
48, 75
48, 24
48, 36
70, 71
70, 40
70, 31
70, 8
70, 5
70, 11
70, 10
70, 4
70, 22
12, 20
12, 17
12, 15
12, 21
12, 16
12, 13
12, 19
12, 18
12, 14
59, 33
59, 32
59, 7
59, 30
59, 77
59, 43
59, 9
59, 72
59, 44
2, 43
2, 68
2, 3
2, 32
2, 58
2, 22
2, 8
2, 73
2, 41
43, 45
43, 47
43, 48
43, 49
43, 50
43, 51
43, 44
43, 46
43, 52
68, 73
68, 71
68, 86
68, 83
68, 69
68, 72
68, 85
68, 84
68, 70
3, 8
3, 6
3, 19
3, 4
3, 20
3, 18
3, 7
3, 21
3, 5
32, 40
32, 36
32, 35
32, 37
32, 33
32, 1
32, 39
32, 34
32, 38
58, 59
58, 63
58, 60
58, 64
58, 66
58, 61
58, 65
58, 67
58, 62
22, 26
22, 24
22, 28
22, 30
22, 23
22, 27
22, 31
22, 25
22, 29
8, 17
8, 11
8, 9
8, 15
8, 10
8, 13
8, 12
8, 16
8, 14
73, 76
73, 82
73, 75
73, 77
73, 80
73, 81
73, 78
73, 74
73, 79
41, 43
41, 54
41, 55
41, 45
41, 57
41, 53
41, 47
41, 56
41, 42
2, 12
2, 72
2, 22
2, 52
2, 32
2, 3
2, 62
2, 82
2, 42
12, 18
12, 21
12, 13
12, 16
12, 20
12, 14
12, 15
12, 19
12, 17
72, 81
72, 78
72, 76
72, 79
72, 80
72, 74
72, 75
72, 77
72, 73
22, 29
22, 28
22, 25
22, 31
22, 23
22, 30
22, 24
22, 27
22, 26
52, 58
52, 57
52, 59
52, 60
52, 55
52, 56
52, 53
52, 54
52, 61
32, 41
32, 34
32, 35
32, 39
32, 36
32, 37
32, 40
32, 38
32, 33
3, 9
3, 7
3, 10
3, 11
3, 5
3, 6
3, 8
3, 1
3, 4
62, 67
62, 66
62, 65
62, 68
62, 64
62, 71
62, 69
62, 70
62, 63
82, 85
82, 88
82, 90
82, 87
82, 83
82, 89
82, 86
82, 84
82, 91
42, 43
42, 47
42, 44
42, 46
42, 49
42, 50
42, 51
42, 45
42, 48
1, 22
1, 2
1, 17
1, 52
1, 59
1, 47
1, 46
1, 37
1, 4
1, 56
22, 28
22, 30
22, 29
22, 25
22, 26
22, 24
22, 31
22, 23
22, 27
2, 22
2, 17
2, 47
2, 46
2, 37
2, 4
2, 5
2, 33
2, 30
17, 21
17, 20
17, 19
17, 18
17, 36
17, 14
17, 3
17, 32
52, 59
52, 56
52, 55
52, 53
52, 70
52, 58
52, 54
52, 69
52, 57
59, 62
59, 64
59, 66
59, 68
59, 61
59, 65
59, 60
59, 67
59, 63
47, 49
47, 16
47, 51
47, 34
47, 50
47, 48
47, 45
47, 35
47, 15
37, 41
37, 39
37, 38
37, 43
37, 40
37, 44
37, 42
37, 75
4, 5
4, 13
4, 9
4, 7
4, 11
4, 8
4, 10
4, 12
4, 6
56, 72
56, 71
56, 74
56, 73
7, 27
7, 64
7, 37
7, 32
7, 10
7, 30
7, 19
7, 43
7, 49
27, 32
27, 30
27, 29
27, 33
27, 31
27, 28
27, 35
27, 36
27, 34
64, 66
64, 69
64, 72
64, 71
64, 65
64, 68
64, 70
64, 67
64, 73
37, 40
37, 42
37, 39
37, 41
37, 38
32, 6
32, 27
32, 59
10, 14
10, 11
10, 13
10, 15
10, 16
10, 12
10, 17
10, 18
10, 2
30, 5
30, 60
30, 1
30, 9
19, 25
19, 20
19, 23
19, 26
19, 22
19, 21
19, 24
19, 63
19, 62
43, 45
43, 44
43, 46
43, 8
43, 4
43, 47
43, 61
43, 48
43, 3
49, 53
49, 51
49, 50
49, 57
49, 55
49, 54
49, 52
49, 56
49, 58
3, 50
3, 40
3, 4
3, 15
3, 5
3, 17
3, 29
3, 31
3, 18
50, 59
50, 57
50, 55
50, 56
50, 58
50, 54
50, 51
50, 52
50, 53
40, 46
40, 41
40, 47
40, 43
40, 49
40, 45
40, 44
40, 42
40, 48
4, 63
15, 50
15, 40
15, 17
15, 29
15, 18
15, 31
15, 28
15, 16
15, 39
5, 7
5, 8
5, 11
5, 10
5, 9
5, 14
5, 6
5, 13
5, 12
17, 26
17, 22
17, 18
17, 25
17, 20
17, 24
17, 23
17, 21
17, 27
29, 31
29, 32
29, 30
29, 37
29, 38
29, 35
29, 33
29, 34
29, 36
31, 1
31, 61
31, 30
18, 20
18, 2
18, 62
18, 19
18, 60
18, 17
25, 42
25, 27
25, 30
25, 36
25, 26
25, 35
25, 33
25, 7
25, 40
42, 46
42, 43
42, 45
42, 44
42, 54
27, 28
27, 29
27, 32
27, 37
27, 49
27, 38
27, 55
30, 31
30, 14
30, 23
30, 18
36, 48
36, 5
36, 20
26, 22
26, 51
26, 6
26, 3
26, 41
26, 50
26, 52
35, 4
35, 33
35, 17
35, 53
33, 35
33, 2
33, 34
33, 1
33, 39
33, 53
7, 11
7, 14
7, 10
7, 12
7, 16
7, 9
7, 8
7, 15
7, 13
40, 19
40, 21
40, 24
40, 47
7, 71
7, 41
7, 81
7, 51
7, 19
7, 33
7, 61
7, 8
7, 25
71, 74
71, 76
71, 80
71, 73
71, 79
71, 75
71, 77
71, 78
71, 72
41, 44
41, 47
41, 49
41, 46
41, 45
41, 42
41, 50
41, 43
41, 48
81, 83
81, 87
81, 90
81, 84
81, 85
81, 88
81, 82
81, 89
81, 86
51, 53
51, 55
51, 54
51, 59
51, 57
51, 58
51, 56
51, 60
51, 52
19, 24
19, 22
19, 23
19, 91
19, 18
19, 2
19, 20
19, 21
19, 3
33, 35
33, 1
33, 40
33, 36
33, 37
33, 5
33, 38
33, 34
33, 39
61, 64
61, 62
61, 67
61, 66
61, 69
61, 65
61, 70
61, 68
61, 63
8, 9
8, 10
8, 11
8, 13
8, 17
8, 16
8, 15
8, 12
8, 14
25, 27
25, 32
25, 6
25, 28
25, 29
25, 31
25, 30
25, 26
25, 4
7, 72
7, 8
7, 82
7, 43
7, 53
7, 63
7, 18
7, 34
7, 24
72, 77
72, 81
72, 78
72, 74
72, 79
72, 73
72, 75
72, 80
72, 76
8, 10
8, 16
8, 17
8, 15
8, 12
8, 11
8, 13
8, 9
8, 14
82, 88
82, 83
82, 84
82, 85
82, 89
82, 90
82, 87
82, 1
82, 86
43, 48
43, 45
43, 51
43, 44
43, 46
43, 49
43, 52
43, 47
43, 50
53, 61
53, 59
53, 58
53, 56
53, 55
53, 57
53, 62
53, 60
53, 54
63, 70
63, 66
63, 69
63, 67
63, 65
63, 5
63, 68
63, 64
63, 71
18, 19
18, 21
18, 2
18, 22
18, 3
18, 91
18, 23
18, 20
18, 6
34, 40
34, 39
34, 4
34, 37
34, 35
34, 42
34, 41
34, 38
34, 36
24, 30
24, 28
24, 33
24, 31
24, 27
24, 25
24, 32
24, 29
24, 26
3, 6
3, 4
3, 8
3, 33
3, 5
3, 12
3, 7
3, 10
3, 23
3, 11
6, 1
6, 2
6, 22
6, 44
8, 9
33, 36
33, 37
33, 35
33, 40
33, 39
33, 38
33, 41
33, 34
33, 42
5, 22
12, 15
12, 19
12, 13
12, 18
12, 14
12, 16
12, 21
12, 20
12, 17
7, 8
7, 9
23, 28
23, 24
23, 26
23, 31
23, 25
23, 30
23, 29
23, 27
23, 32
11, 43
1, 27
1, 17
1, 47
1, 37
1, 76
1, 57
1, 2
1, 67
1, 9
27, 28
27, 31
27, 35
27, 30
27, 33
27, 36
27, 32
27, 29
27, 34
17, 25
17, 21
17, 26
17, 20
17, 24
17, 18
17, 22
17, 23
17, 19
47, 52
47, 51
47, 56
47, 50
47, 49
47, 55
47, 53
47, 48
47, 54
37, 42
37, 41
37, 45
37, 39
37, 46
37, 43
37, 44
37, 40
37, 38
76, 84
76, 85
76, 78
76, 79
76, 81
76, 83
76, 80
76, 82
76, 77
57, 63
57, 58
57, 64
57, 59
57, 65
57, 62
57, 66
57, 60
57, 61
2, 7
2, 87
2, 5
2, 6
2, 4
2, 8
2, 3
2, 89
2, 88
67, 72
67, 71
67, 74
67, 73
67, 70
67, 91
67, 75
67, 68
67, 69
9, 15
9, 14
9, 11
9, 13
9, 90
9, 16
9, 10
9, 12
9, 86
1, 21
1, 2
1, 9
1, 31
1, 81
1, 61
1, 41
1, 51
1, 71
21, 30
21, 29
21, 22
21, 25
21, 28
21, 23
21, 24
21, 26
21, 27
2, 9
2, 7
2, 5
2, 3
2, 20
2, 6
2, 8
2, 19
2, 4
9, 17
9, 16
9, 10
9, 14
9, 12
9, 11
9, 15
9, 18
9, 13
31, 39
31, 40
31, 37
31, 36
31, 32
31, 38
31, 33
31, 34
31, 35
81, 90
81, 88
81, 86
81, 87
81, 84
81, 85
81, 89
81, 83
81, 82
61, 68
61, 67
61, 66
61, 62
61, 65
61, 64
61, 70
61, 63
61, 69
41, 42
41, 50
41, 47
41, 46
41, 45
41, 48
41, 49
41, 43
41, 44
51, 60
51, 58
51, 56
51, 53
51, 55
51, 59
51, 57
51, 54
51, 52
71, 75
71, 74
71, 80
71, 79
71, 78
71, 77
71, 73
71, 76
71, 72
5, 14
5, 44
5, 6
5, 46
5, 63
5, 69
5, 25
5, 33
5, 53
14, 16
14, 19
14, 20
14, 15
14, 17
14, 23
14, 18
14, 21
14, 22
44, 45
44, 43
6, 11
6, 9
6, 10
6, 12
6, 3
6, 4
6, 7
6, 13
6, 8
46, 51
46, 52
46, 48
46, 50
46, 47
46, 49
46, 2
63, 67
63, 66
63, 64
63, 68
63, 65
69, 74
69, 70
69, 73
69, 71
69, 75
69, 72
69, 1
69, 77
69, 76
25, 28
25, 29
25, 27
25, 26
25, 30
25, 31
25, 32
25, 24
33, 38
33, 36
33, 34
33, 39
33, 41
33, 37
33, 40
33, 35
33, 42
53, 62
53, 61
53, 55
53, 54
53, 56
53, 59
53, 58
53, 60
53, 57
7, 20
7, 23
7, 12
7, 10
7, 42
7, 17
7, 31
7, 38
7, 39
20, 23
20, 31
20, 34
20, 21
20, 30
20, 32
20, 35
20, 22
20, 29
23, 62
23, 27
23, 25
23, 26
23, 24
23, 28
23, 1
23, 53
23, 2
12, 13
12, 41
12, 57
12, 6
12, 66
12, 50
12, 36
10, 11
10, 49
10, 60
10, 14
10, 47
10, 15
10, 4
10, 5
10, 58
42, 43
42, 45
42, 44
42, 55
42, 56
42, 3
42, 64
42, 46
42, 16
17, 19
17, 18
17, 9
17, 63
17, 29
17, 37
17, 52
17, 65
17, 40
31, 32
31, 33
31, 45
31, 48
31, 54
31, 8
31, 51
31, 59
31, 61
38, 39
1, 14
1, 57
1, 2
1, 36
1, 3
1, 75
1, 26
1, 58
1, 47
1, 37
14, 23
14, 18
14, 16
14, 20
14, 21
14, 19
14, 17
14, 15
14, 22
57, 58
57, 71
57, 72
57, 69
57, 68
57, 74
57, 70
57, 65
57, 73
2, 14
2, 3
2, 12
2, 23
2, 10
2, 25
2, 11
2, 9
2, 24
3, 86
3, 8
3, 5
3, 13
3, 7
3, 6
3, 4
3, 85
75, 76
75, 79
75, 84
75, 81
75, 83
75, 78
75, 77
75, 82
75, 80
26, 33
26, 30
26, 34
26, 31
26, 32
26, 27
26, 28
26, 29
26, 35
58, 59
58, 61
58, 65
58, 60
58, 64
58, 67
58, 62
58, 63
58, 66
47, 48
47, 52
47, 51
47, 54
47, 55
47, 49
47, 53
47, 50
47, 56
37, 44
37, 39
37, 45
37, 41
37, 43
37, 38
37, 46
37, 40
37, 42
2, 35
2, 69
2, 45
2, 26
2, 56
2, 55
2, 5
2, 3
2, 20
35, 43
35, 38
35, 36
35, 37
35, 42
35, 40
35, 39
35, 44
35, 41
69, 72
69, 73
69, 76
69, 74
69, 78
69, 75
69, 71
69, 70
69, 77
45, 50
45, 46
45, 52
45, 53
45, 47
45, 49
45, 54
45, 51
45, 48
26, 30
26, 32
26, 34
26, 27
26, 31
26, 29
26, 1
26, 33
26, 28
56, 61
56, 62
56, 64
56, 59
56, 57
56, 58
56, 60
56, 65
56, 63
55, 56
55, 61
55, 62
55, 68
55, 66
55, 58
55, 67
55, 57
55, 64
5, 7
5, 11
5, 10
5, 8
5, 13
5, 9
5, 14
5, 6
5, 12
3, 5
3, 4
3, 15
3, 7
3, 11
3, 19
3, 18
3, 16
3, 17
20, 25
20, 23
20, 21
20, 24
20, 22
20, 79
3, 76
3, 50
3, 52
3, 62
3, 24
3, 4
3, 32
3, 14
3, 47
3, 42
76, 82
76, 80
76, 84
76, 77
76, 81
76, 83
76, 79
76, 85
76, 78
50, 52
50, 62
50, 72
50, 56
50, 68
50, 51
50, 74
50, 73
50, 65
52, 56
52, 61
52, 53
52, 55
52, 58
52, 60
52, 59
52, 57
52, 54
62, 68
62, 65
62, 71
62, 63
62, 64
62, 70
62, 66
62, 67
62, 69
24, 26
24, 30
24, 86
24, 31
24, 25
24, 29
24, 27
24, 1
24, 28
4, 10
4, 5
4, 11
4, 9
4, 6
4, 13
4, 12
4, 7
4, 8
32, 40
32, 41
32, 37
32, 38
32, 36
32, 33
32, 39
32, 35
32, 34
14, 20
14, 19
14, 22
14, 23
14, 18
14, 21
14, 16
14, 17
14, 15
47, 76
47, 50
47, 62
47, 52
47, 75
47, 72
47, 56
47, 48
47, 49
42, 44
42, 43
42, 45
42, 2
42, 46
2, 84
2, 24
2, 64
2, 54
2, 44
2, 10
2, 74
2, 34
2, 15
2, 3
84, 93
84, 90
84, 88
84, 91
84, 92
84, 86
84, 87
84, 89
84, 85
24, 30
24, 33
24, 25
24, 28
24, 32
24, 26
24, 27
24, 31
24, 29
64, 67
64, 69
64, 66
64, 71
64, 65
64, 68
64, 72
64, 73
64, 70
54, 55
54, 59
54, 56
54, 58
54, 61
54, 62
54, 63
54, 57
54, 60
44, 53
44, 46
44, 47
44, 51
44, 48
44, 49
44, 52
44, 50
44, 45
10, 11
10, 12
10, 14
10, 3
10, 1
74, 83
74, 76
74, 75
74, 81
74, 79
74, 80
74, 77
74, 78
74, 82
34, 41
34, 40
34, 37
34, 43
34, 35
34, 42
34, 36
34, 39
34, 38
15, 21
15, 19
15, 22
15, 23
15, 17
15, 18
15, 20
15, 13
15, 16
3, 10
3, 6
3, 11
3, 8
3, 5
3, 4
3, 7
3, 9
3, 12
2, 36
2, 26
2, 79
2, 63
2, 73
2, 51
2, 38
2, 10
2, 20
2, 6
36, 63
36, 38
36, 51
36, 61
36, 48
36, 37
36, 62
36, 49
36, 50
26, 35
26, 28
26, 31
26, 34
26, 30
26, 32
26, 29
26, 33
26, 27
79, 88
79, 86
79, 83
79, 82
79, 81
79, 80
79, 85
79, 87
79, 84
63, 69
63, 67
63, 68
63, 66
63, 70
63, 64
63, 71
63, 72
63, 65
73, 79
73, 88
73, 75
73, 74
73, 78
73, 86
73, 83
73, 77
73, 76
51, 60
51, 58
51, 55
51, 54
51, 53
51, 57
51, 52
51, 59
51, 56
38, 46
38, 42
38, 39
38, 45
38, 41
38, 44
38, 47
38, 40
38, 43
10, 14
10, 16
10, 15
10, 17
10, 12
10, 13
10, 11
10, 19
10, 18
20, 22
20, 21
20, 23
20, 25
20, 3
20, 4
20, 1
6, 7
6, 5
6, 9
6, 8
6, 24
6, 89
9, 14
9, 18
9, 10
9, 33
9, 21
9, 20
9, 12
9, 13
9, 19
14, 17
14, 15
14, 2
14, 28
14, 16
14, 27
14, 1
14, 26
14, 25
18, 33
18, 31
18, 12
18, 22
18, 42
18, 35
18, 37
18, 3
18, 4
10, 11
10, 6
10, 40
10, 29
10, 8
33, 35
33, 36
33, 37
33, 34
33, 42
33, 31
33, 3
33, 30
33, 39
21, 23
21, 22
21, 14
21, 17
21, 15
21, 26
21, 27
21, 2
21, 1
20, 18
20, 5
20, 38
12, 3
12, 34
13, 24
13, 7
13, 32
13, 43
13, 41
6, 35
6, 14
6, 23
6, 10
6, 45
6, 62
6, 72
6, 64
6, 52
35, 41
35, 36
35, 38
35, 40
35, 44
35, 42
35, 39
35, 43
35, 37
14, 15
14, 20
14, 19
14, 21
14, 18
14, 74
14, 16
14, 17
14, 78
23, 25
23, 32
23, 26
23, 30
23, 28
23, 27
23, 31
23, 24
23, 29
10, 13
10, 12
10, 33
10, 11
10, 79
10, 22
10, 3
10, 77
10, 34
45, 47
45, 49
45, 46
45, 51
45, 48
45, 50
45, 9
45, 7
45, 8
62, 64
62, 67
62, 66
62, 68
62, 69
62, 70
62, 71
62, 63
62, 65
72, 1
72, 73
64, 65
64, 2
64, 76
64, 4
64, 5
64, 75
52, 56
52, 59
52, 61
52, 53
52, 57
52, 54
52, 58
52, 60
52, 55
1, 41
1, 2
1, 68
1, 60
1, 31
1, 78
1, 7
1, 47
1, 21
1, 66
41, 47
41, 57
41, 45
41, 42
41, 43
41, 58
41, 59
41, 46
41, 44
2, 7
2, 17
2, 6
2, 18
2, 19
2, 4
2, 3
2, 5
2, 20
68, 76
68, 72
68, 69
68, 73
68, 75
68, 71
68, 77
68, 74
68, 70
60, 68
60, 78
60, 66
60, 63
60, 90
60, 65
60, 64
60, 62
60, 61
31, 40
31, 35
31, 39
31, 32
31, 37
31, 36
31, 33
31, 34
31, 38
78, 87
78, 86
78, 83
78, 79
78, 80
78, 84
78, 82
78, 85
78, 81
7, 16
7, 8
7, 12
7, 11
7, 10
7, 15
7, 13
7, 9
7, 14
47, 52
47, 56
47, 55
47, 50
47, 49
47, 51
47, 48
47, 53
47, 54
21, 26
21, 25
21, 24
21, 27
21, 28
21, 29
21, 23
21, 30
21, 22
66, 68
66, 78
66, 67
66, 76
66, 88
66, 87
66, 86
66, 83
66, 89
3, 33
3, 82
3, 91
3, 37
3, 52
3, 72
3, 23
3, 13
3, 62
3, 4
33, 37
33, 34
33, 47
33, 50
33, 36
33, 48
33, 49
33, 51
33, 35
82, 88
82, 83
82, 84
82, 1
82, 87
82, 86
82, 85
82, 90
82, 89
91, 96
91, 99
91, 100
91, 97
91, 95
91, 92
91, 94
91, 93
91, 98
37, 46
37, 44
37, 40
37, 41
37, 43
37, 42
37, 39
37, 38
37, 45
52, 56
52, 54
52, 59
52, 58
52, 53
52, 55
52, 57
52, 60
52, 61
72, 75
72, 79
72, 77
72, 73
72, 81
72, 74
72, 80
72, 76
72, 78
23, 31
23, 30
23, 27
23, 32
23, 24
23, 28
23, 29
23, 26
23, 25
13, 22
13, 14
13, 18
13, 20
13, 16
13, 17
13, 21
13, 19
13, 15
62, 68
62, 63
62, 69
62, 67
62, 71
62, 65
62, 66
62, 64
62, 70
4, 12
4, 7
4, 11
4, 9
4, 10
4, 2
4, 6
4, 5
4, 8
2, 26
2, 16
2, 5
2, 30
2, 55
2, 45
2, 3
2, 75
2, 65
26, 30
26, 28
26, 27
26, 29
26, 41
26, 40
26, 43
26, 42
26, 44
16, 21
16, 17
16, 22
16, 19
16, 24
16, 20
16, 23
16, 25
16, 18
5, 9
5, 8
5, 13
5, 7
5, 6
5, 12
5, 11
5, 1
5, 10
30, 32
30, 31
30, 33
30, 37
30, 38
30, 35
30, 34
30, 39
30, 36
55, 56
55, 59
55, 60
55, 62
55, 57
55, 64
55, 61
55, 63
55, 58
45, 52
45, 47
45, 51
45, 49
45, 54
45, 50
45, 53
45, 46
45, 48
3, 5
3, 16
3, 4
3, 21
3, 15
3, 17
3, 22
3, 14
3, 9
75, 81
75, 78
75, 83
75, 76
75, 80
75, 77
75, 79
75, 84
75, 82
65, 68
65, 69
65, 70
65, 73
65, 67
65, 66
65, 74
65, 71
65, 72
4, 42
4, 69
4, 33
4, 15
4, 23
4, 79
4, 56
4, 44
4, 5
4, 81
42, 69
42, 56
42, 44
42, 68
42, 66
42, 54
42, 43
42, 55
42, 67
69, 76
69, 74
69, 70
69, 71
69, 75
69, 72
69, 73
69, 78
69, 77
33, 34
33, 37
33, 39
33, 41
33, 40
33, 35
33, 36
33, 38
33, 1
15, 18
15, 20
15, 19
15, 16
15, 2
15, 21
15, 22
15, 3
15, 17
23, 24
23, 26
23, 28
23, 27
23, 31
23, 29
23, 32
23, 30
23, 25
79, 81
79, 96
79, 95
79, 92
79, 80
79, 91
79, 93
79, 97
79, 94
56, 61
56, 59
56, 58
56, 62
56, 63
56, 64
56, 60
56, 57
56, 65
44, 47
44, 45
44, 52
44, 49
44, 50
44, 46
44, 48
44, 51
44, 53
5, 13
5, 12
5, 8
5, 10
5, 11
5, 7
5, 14
5, 6
5, 9
81, 85
81, 83
81, 86
81, 89
81, 87
81, 90
81, 88
81, 84
81, 82
1, 43
1, 63
1, 22
1, 75
1, 53
1, 85
1, 23
1, 2
1, 33
1, 12
43, 49
43, 47
43, 46
43, 52
43, 50
43, 48
43, 45
43, 44
43, 51
63, 64
63, 65
63, 68
63, 67
63, 72
63, 71
63, 70
63, 66
63, 69
22, 43
22, 63
22, 75
22, 53
22, 85
22, 23
22, 33
22, 73
22, 74
75, 84
75, 82
75, 78
75, 81
75, 79
75, 76
75, 83
75, 77
75, 80
53, 59
53, 57
53, 60
53, 54
53, 56
53, 62
53, 55
53, 61
53, 58
85, 92
85, 89
85, 94
85, 90
85, 86
85, 93
85, 87
85, 91
85, 88
23, 31
23, 29
23, 30
23, 32
23, 28
23, 24
23, 27
23, 26
23, 25
2, 5
2, 8
2, 9
2, 7
2, 3
2, 11
2, 4
2, 6
2, 10
33, 40
33, 36
33, 37
33, 34
33, 41
33, 42
33, 39
33, 35
33, 38
12, 21
12, 17
12, 14
12, 16
12, 15
12, 18
12, 19
12, 13
12, 20
52, 21
52, 1
52, 41
52, 11
52, 55
52, 31
52, 66
52, 73
52, 54
21, 29
21, 27
21, 24
21, 28
21, 23
21, 25
21, 22
21, 26
21, 30
1, 7
1, 2
1, 6
1, 4
1, 3
1, 5
1, 9
1, 8
1, 10
41, 49
41, 45
41, 46
41, 44
41, 48
41, 43
41, 50
41, 47
41, 42
11, 14
11, 19
11, 12
11, 18
11, 15
11, 17
11, 13
11, 20
11, 16
55, 56
55, 54
55, 51
31, 34
31, 32
31, 38
31, 36
31, 40
31, 35
31, 39
31, 37
31, 33
66, 70
66, 71
66, 64
66, 63
66, 62
66, 68
66, 69
66, 65
66, 67
73, 78
73, 80
73, 76
73, 81
73, 79
73, 77
73, 82
73, 75
73, 74
54, 55
54, 60
54, 59
54, 56
54, 58
54, 57
54, 72
54, 53
54, 61
4, 5
4, 40
4, 23
4, 9
4, 69
4, 28
4, 45
4, 59
4, 71
5, 9
5, 7
5, 6
5, 8
5, 19
5, 20
5, 21
5, 22
5, 17
40, 45
40, 57
40, 42
40, 58
40, 55
40, 41
40, 44
40, 56
40, 43
23, 28
23, 29
23, 38
23, 24
23, 31
23, 26
23, 25
23, 27
23, 39
9, 17
9, 18
9, 11
9, 13
9, 16
9, 10
9, 14
9, 15
9, 12
69, 71
69, 77
69, 82
69, 70
69, 79
69, 81
69, 78
69, 80
69, 83
28, 29
28, 31
28, 37
28, 30
28, 36
28, 34
28, 33
28, 32
28, 35
45, 48
45, 50
45, 49
45, 53
45, 46
45, 51
45, 52
45, 47
45, 54
59, 66
59, 60
59, 67
59, 62
59, 61
59, 63
59, 64
59, 65
59, 68
71, 73
71, 75
71, 72
71, 76
71, 74
71, 1
71, 84
71, 3
71, 2
6, 57
6, 27
6, 18
6, 8
6, 46
6, 65
6, 55
6, 39
6, 36
57, 59
57, 61
57, 60
57, 58
57, 67
57, 2
57, 72
57, 69
57, 68
27, 33
27, 34
27, 8
27, 32
27, 31
27, 28
27, 35
27, 30
27, 29
18, 23
18, 19
18, 21
18, 20
18, 22
18, 25
18, 24
18, 70
18, 7
8, 9
8, 10
8, 16
8, 11
8, 12
8, 13
8, 14
8, 15
8, 4
46, 48
46, 50
46, 49
46, 53
46, 52
46, 47
46, 51
46, 73
46, 61
65, 66
65, 74
65, 3
65, 15
55, 57
55, 59
55, 61
55, 64
55, 56
55, 60
55, 63
55, 62
55, 58
39, 44
39, 40
39, 43
39, 42
39, 41
39, 45
39, 26
39, 5
39, 71
36, 37
36, 38
36, 76
36, 17
36, 54
36, 75
36, 1
6, 45
6, 55
6, 57
6, 27
6, 7
6, 33
6, 70
6, 17
6, 61
45, 52
45, 50
45, 47
45, 46
45, 54
45, 53
45, 49
45, 51
45, 48
55, 57
55, 70
55, 61
55, 79
55, 80
55, 2
55, 78
55, 72
55, 56
57, 61
57, 1
57, 2
57, 69
57, 82
57, 60
57, 58
57, 68
57, 59
27, 45
27, 33
27, 28
27, 44
27, 29
27, 30
27, 31
27, 32
27, 43
7, 10
7, 16
7, 9
7, 12
7, 14
7, 15
7, 8
7, 11
7, 13
33, 38
33, 42
33, 41
33, 40
33, 37
33, 39
33, 35
33, 34
33, 36
70, 72
70, 76
70, 81
70, 75
70, 71
70, 77
70, 74
70, 5
70, 73
17, 19
17, 21
17, 25
17, 23
17, 24
17, 20
17, 18
17, 26
17, 22
61, 2
61, 64
61, 65
61, 63
61, 67
61, 62
61, 66
61, 3
61, 4
1, 42
1, 22
1, 12
1, 2
1, 62
1, 32
1, 52
1, 72
1, 82
42, 50
42, 43
42, 46
42, 45
42, 47
42, 44
42, 51
42, 49
42, 48
22, 30
22, 26
22, 29
22, 24
22, 27
22, 25
22, 28
22, 23
22, 31
12, 21
12, 18
12, 15
12, 20
12, 14
12, 19
12, 16
12, 17
12, 13
2, 7
2, 4
2, 5
2, 10
2, 3
2, 11
2, 8
2, 6
2, 9
62, 66
62, 68
62, 64
62, 71
62, 69
62, 70
62, 65
62, 67
62, 63
32, 39
32, 35
32, 41
32, 40
32, 37
32, 34
32, 36
32, 38
32, 33
52, 59
52, 57
52, 60
52, 58
52, 61
52, 55
52, 53
52, 56
52, 54
72, 81
72, 74
72, 75
72, 77
72, 76
72, 79
72, 80
72, 73
72, 78
82, 85
82, 88
82, 83
82, 87
82, 90
82, 91
82, 89
82, 84
82, 86
32, 63
32, 68
32, 50
32, 65
32, 46
32, 42
32, 59
32, 62
32, 35
63, 68
63, 65
63, 71
63, 11
63, 67
63, 72
63, 70
63, 66
63, 64
68, 25
68, 69
68, 17
68, 4
68, 6
68, 3
68, 16
68, 2
68, 1
50, 53
50, 54
50, 57
50, 56
50, 52
50, 51
50, 58
50, 55
50, 28
65, 29
65, 37
65, 35
65, 67
65, 15
46, 48
46, 49
46, 47
46, 20
46, 26
46, 10
42, 18
42, 43
42, 44
42, 40
42, 8
42, 19
42, 12
42, 41
42, 45
59, 61
59, 60
59, 21
59, 33
59, 23
59, 13
59, 34
59, 7
62, 31
62, 9
62, 30
35, 37
35, 39
35, 38
35, 36
35, 27
35, 14
35, 24
35, 5
35, 22
1, 59
1, 17
1, 62
1, 6
1, 81
1, 78
1, 2
1, 49
1, 28
1, 39
59, 62
59, 61
59, 77
59, 75
59, 73
59, 60
59, 72
59, 76
59, 74
17, 22
17, 26
17, 18
17, 23
17, 20
17, 25
17, 24
17, 21
17, 19
62, 71
62, 70
62, 64
62, 67
62, 68
62, 69
62, 65
62, 66
62, 63
6, 11
6, 13
6, 7
6, 12
6, 14
6, 15
6, 8
6, 10
6, 9
81, 87
81, 89
81, 84
81, 83
81, 85
81, 88
81, 86
81, 90
81, 82
78, 81
78, 92
78, 87
78, 79
78, 80
78, 91
78, 94
78, 89
78, 93
2, 17
2, 4
2, 6
2, 16
2, 28
2, 38
2, 5
2, 3
2, 27
49, 50
49, 54
49, 56
49, 53
49, 52
49, 57
49, 55
49, 51
49, 58
28, 31
28, 37
28, 34
28, 32
28, 30
28, 35
28, 29
28, 36
28, 33
39, 40
39, 41
39, 46
39, 43
39, 45
39, 48
39, 42
39, 47
39, 44
1, 6
1, 75
1, 2
1, 56
1, 65
1, 16
1, 46
1, 36
1, 26
6, 10
6, 8
6, 13
6, 15
6, 9
6, 7
6, 11
6, 14
6, 12
75, 78
75, 77
75, 81
75, 82
75, 76
75, 83
75, 84
75, 80
75, 79
2, 6
2, 10
2, 8
2, 13
2, 4
2, 3
2, 15
2, 9
2, 5
56, 62
56, 59
56, 57
56, 61
56, 60
56, 64
56, 63
56, 58
56, 85
65, 71
65, 67
65, 69
65, 68
65, 73
65, 70
65, 66
65, 74
65, 72
16, 24
16, 19
16, 23
16, 18
16, 25
16, 21
16, 20
16, 17
16, 22
46, 54
46, 50
46, 51
46, 49
46, 47
46, 48
46, 55
46, 52
46, 53
36, 43
36, 37
36, 40
36, 42
36, 44
36, 41
36, 45
36, 39
36, 38
26, 28
26, 27
26, 32
26, 30
26, 29
26, 35
26, 33
26, 31
26, 34
1, 33
1, 12
1, 2
1, 23
1, 21
1, 18
1, 47
1, 58
1, 61
1, 39
33, 47
33, 39
33, 35
33, 36
33, 38
33, 56
33, 37
33, 34
33, 46
12, 15
12, 14
12, 13
12, 17
12, 16
12, 74
12, 75
12, 73
12, 76
2, 5
2, 8
2, 4
2, 3
2, 9
2, 10
2, 6
2, 7
2, 11
23, 32
23, 25
23, 24
23, 28
23, 29
23, 31
23, 26
23, 27
23, 30
21, 22
18, 21
18, 20
18, 19
18, 22
47, 49
47, 51
47, 54
47, 48
47, 53
47, 50
47, 52
47, 55
47, 72
58, 60
58, 59
61, 65
61, 67
61, 63
61, 66
61, 64
61, 62
61, 69
61, 68
61, 70
39, 41
39, 43
39, 44
39, 37
39, 40
39, 42
39, 45
39, 57
39, 71
1, 77
1, 15
1, 53
1, 60
1, 12
1, 37
1, 47
1, 2
1, 68
1, 26
77, 83
77, 79
77, 82
77, 81
77, 84
77, 80
77, 85
77, 78
77, 86
15, 24
15, 17
15, 22
15, 19
15, 18
15, 23
15, 21
15, 16
15, 20
53, 55
53, 54
53, 56
53, 57
60, 63
60, 53
60, 64
60, 62
60, 61
60, 65
60, 66
60, 58
60, 59
12, 15
12, 26
12, 25
12, 14
12, 36
12, 24
12, 16
12, 13
12, 22
37, 44
37, 45
37, 41
37, 39
37, 43
37, 40
37, 38
37, 46
37, 42
47, 49
47, 51
47, 48
47, 88
47, 87
47, 50
47, 90
47, 89
47, 52
2, 6
2, 10
2, 4
2, 5
2, 7
2, 3
2, 8
2, 9
2, 11
68, 72
68, 75
68, 69
68, 71
68, 74
68, 70
68, 73
68, 76
68, 67
26, 35
26, 34
26, 30
26, 33
26, 31
26, 32
26, 27
26, 28
26, 29
1, 11
1, 40
1, 33
1, 8
1, 41
1, 15
1, 23
1, 4
1, 19
1, 2
11, 15
11, 19
11, 23
11, 30
11, 16
11, 13
11, 14
11, 28
11, 31
33, 40
33, 41
33, 37
33, 36
33, 42
33, 34
33, 39
33, 35
33, 38
8, 9
8, 10
8, 7
8, 5
8, 32
8, 6
41, 47
41, 50
41, 51
15, 16
15, 17
15, 18
15, 12
23, 28
23, 25
23, 24
23, 27
23, 26
23, 29
23, 45
4, 49
4, 46
19, 20
19, 22
19, 21
2, 3
2, 43
2, 44
2, 48
3, 33
3, 36
3, 5
3, 7
3, 47
3, 39
3, 35
3, 19
3, 24
33, 36
33, 39
33, 43
33, 35
33, 34
33, 45
33, 42
33, 44
33, 46
36, 37
36, 38
36, 56
36, 66
36, 15
36, 23
5, 6
5, 57
5, 65
5, 2
5, 59
5, 58
5, 51
5, 61
5, 64
7, 16
7, 11
7, 15
7, 9
7, 14
7, 10
7, 12
7, 8
7, 13
47, 48
47, 50
47, 49
47, 62
39, 41
39, 35
39, 40
39, 36
39, 52
35, 36
35, 39
35, 55
35, 1
19, 21
19, 63
19, 22
19, 20
19, 31
19, 18
19, 54
19, 60
19, 32
24, 27
24, 26
24, 28
24, 29
24, 30
24, 4
24, 25
24, 53
24, 17
4, 7
4, 5
4, 17
4, 21
4, 11
4, 30
4, 20
4, 12
4, 23
7, 9
7, 8
7, 10
7, 24
7, 37
7, 35
7, 19
7, 3
7, 40
5, 6
5, 27
5, 25
5, 29
5, 28
5, 52
5, 26
5, 59
5, 56
17, 18
17, 19
17, 3
17, 49
17, 32
17, 48
21, 39
21, 38
21, 33
21, 44
21, 34
21, 42
21, 41
21, 31
21, 43
11, 16
11, 55
11, 53
11, 28
11, 58
11, 57
11, 54
20, 45
20, 46
20, 47
20, 1
12, 13
12, 15
12, 14
12, 11
12, 50
12, 53
12, 28
12, 58
12, 54
23, 24
23, 2
23, 60
23, 22
23, 36
23, 51
3, 6
3, 7
3, 44
3, 30
3, 58
3, 4
3, 41
3, 68
3, 78
3, 25
6, 7
6, 20
6, 21
6, 23
6, 19
6, 17
6, 22
6, 18
6, 24
7, 14
7, 15
7, 10
7, 9
7, 11
7, 13
7, 12
7, 16
7, 8
44, 48
44, 46
44, 45
44, 47
44, 50
44, 51
44, 52
44, 53
44, 49
30, 35
30, 34
30, 33
30, 32
30, 37
30, 39
30, 31
30, 38
30, 36
58, 60
58, 62
58, 65
58, 64
58, 66
58, 61
58, 59
58, 67
58, 63
4, 6
4, 7
4, 20
4, 5
4, 21
4, 23
4, 19
4, 18
4, 17
41, 44
41, 57
41, 43
41, 56
41, 1
41, 55
41, 2
41, 54
41, 42
68, 71
68, 76
68, 70
68, 73
68, 77
68, 72
68, 69
68, 74
68, 75
78, 85
78, 80
78, 82
78, 84
78, 83
78, 86
78, 87
78, 81
78, 79
25, 30
25, 27
25, 35
25, 40
25, 29
25, 28
25, 26
25, 33
25, 34
6, 29
6, 40
6, 9
6, 19
6, 54
6, 50
6, 64
6, 38
6, 7
29, 31
29, 35
29, 70
29, 36
29, 30
29, 34
29, 32
29, 1
29, 33
40, 48
40, 49
40, 45
40, 46
40, 44
40, 41
40, 47
40, 43
40, 42
9, 15
9, 10
9, 16
9, 14
9, 11
9, 18
9, 17
9, 12
9, 13
19, 25
19, 24
19, 27
19, 28
19, 23
19, 26
19, 21
19, 22
19, 20
54, 56
54, 55
54, 57
54, 5
54, 58
50, 54
50, 53
50, 52
50, 59
50, 51
50, 63
50, 61
50, 62
50, 60
64, 69
38, 39
38, 66
38, 71
38, 67
38, 37
38, 2
7, 8
7, 4
7, 68
7, 3
7, 15
7, 65
3, 10
3, 4
3, 21
3, 42
3, 40
3, 23
3, 28
3, 19
3, 15
10, 12
10, 11
10, 6
10, 62
10, 54
10, 58
10, 8
10, 63
10, 52
4, 10
4, 16
4, 9
4, 7
4, 13
4, 18
4, 17
4, 14
4, 5
21, 23
21, 24
21, 22
21, 60
21, 61
21, 59
42, 44
42, 43
42, 49
42, 46
42, 47
42, 51
42, 45
42, 48
42, 50
40, 41
40, 27
40, 37
40, 25
40, 26
40, 39
40, 38
23, 24
23, 2
23, 1
23, 57
28, 31
28, 32
28, 29
28, 34
28, 33
28, 30
28, 36
28, 35
19, 20
19, 10
19, 64
19, 53
19, 54
19, 62
19, 6
19, 11
19, 8
15, 55
15, 56
15, 4
15, 18
1, 62
1, 42
1, 92
1, 22
1, 52
1, 72
1, 82
1, 32
1, 2
1, 12
62, 65
62, 68
62, 67
62, 64
62, 69
62, 63
62, 70
62, 66
62, 71
42, 43
42, 46
42, 48
42, 44
42, 49
42, 50
42, 47
42, 45
42, 51
92, 98
92, 94
92, 97
92, 93
92, 99
92, 101
92, 96
92, 95
92, 100
22, 26
22, 24
22, 30
22, 25
22, 23
22, 27
22, 29
22, 28
22, 31
52, 58
52, 56
52, 59
52, 57
52, 61
52, 54
52, 53
52, 55
52, 60
72, 81
72, 75
72, 77
72, 78
72, 74
72, 76
72, 73
72, 79
72, 80
82, 89
82, 86
82, 85
82, 90
82, 83
82, 84
82, 91
82, 87
82, 88
32, 39
32, 34
32, 37
32, 41
32, 38
32, 35
32, 33
32, 40
32, 36
2, 7
2, 6
2, 11
2, 10
2, 5
2, 8
2, 4
2, 3
2, 9
12, 14
12, 21
12, 16
12, 17
12, 18
12, 15
12, 13
12, 19
12, 20
12, 30
12, 19
12, 13
12, 18
12, 29
12, 27
12, 22
12, 25
12, 31
30, 41
30, 32
30, 19
19, 20
19, 21
19, 36
19, 24
13, 15
13, 16
13, 14
13, 1
13, 2
13, 9
13, 10
13, 35
18, 4
29, 5
29, 8
29, 7
27, 6
27, 38
27, 37
22, 34
22, 29
22, 33
22, 40
22, 17
22, 23
22, 39
22, 21
22, 26
25, 33
31, 30
31, 19
31, 13
31, 11
31, 42
31, 3
31, 28
8, 32
8, 42
8, 16
8, 9
8, 11
8, 41
8, 63
8, 53
8, 22
8, 69
32, 35
32, 37
32, 33
32, 36
32, 34
32, 81
42, 48
42, 51
42, 46
42, 45
42, 44
42, 47
42, 49
42, 50
42, 43
16, 17
16, 19
16, 18
16, 20
16, 3
16, 61
16, 79
9, 32
9, 11
9, 16
9, 22
9, 12
9, 38
9, 35
9, 17
9, 10
11, 12
11, 15
11, 13
11, 14
11, 7
41, 68
41, 5
41, 39
41, 4
41, 40
41, 2
41, 6
41, 83
41, 82
63, 66
63, 65
63, 64
63, 67
63, 62
63, 21
63, 80
53, 58
53, 57
53, 52
53, 55
53, 56
53, 54
53, 59
53, 60
53, 1
22, 25
22, 30
22, 24
22, 29
22, 26
22, 27
22, 23
22, 28
22, 31
69, 74
69, 73
69, 70
69, 72
69, 71
69, 78
69, 76
69, 75
69, 77
33, 63
33, 67
33, 41
33, 59
33, 48
33, 34
33, 42
33, 54
33, 53
63, 67
63, 66
63, 65
63, 64
63, 74
63, 73
63, 71
63, 72
63, 70
67, 69
67, 68
67, 7
67, 74
67, 76
67, 75
67, 4
41, 42
41, 43
41, 44
41, 82
41, 46
41, 45
41, 79
41, 81
41, 32
59, 62
59, 2
59, 60
59, 26
59, 61
59, 19
59, 6
59, 24
59, 31
48, 52
48, 49
48, 50
48, 51
48, 16
48, 37
48, 1
48, 25
48, 18
34, 38
34, 37
34, 35
34, 39
34, 36
34, 40
34, 8
34, 50
34, 47
42, 82
42, 80
42, 28
42, 78
42, 27
42, 3
42, 83
42, 12
42, 77
54, 57
54, 58
54, 56
54, 55
54, 23
54, 5
54, 15
54, 11
54, 22
53, 13
53, 29
53, 9
53, 30
53, 10
53, 14
53, 21
53, 20
53, 17
1, 11
1, 32
1, 52
1, 22
1, 42
1, 62
1, 75
1, 2
1, 85
1, 12
11, 32
11, 22
11, 52
11, 62
11, 42
11, 12
11, 72
11, 73
11, 74
32, 37
32, 41
32, 36
32, 33
32, 40
32, 34
32, 35
32, 39
32, 38
52, 57
52, 58
52, 54
52, 56
52, 59
52, 55
52, 53
52, 60
52, 61
22, 31
22, 28
22, 25
22, 24
22, 27
22, 26
22, 30
22, 23
22, 29
42, 43
42, 47
42, 44
42, 51
42, 45
42, 50
42, 49
42, 46
42, 48
62, 70
62, 64
62, 71
62, 63
62, 69
62, 66
62, 67
62, 68
62, 65
75, 79
75, 81
75, 83
75, 80
75, 77
75, 76
75, 78
75, 84
75, 82
2, 4
2, 3
2, 8
2, 9
2, 7
2, 10
2, 95
2, 6
2, 5
85, 87
85, 89
85, 86
85, 94
85, 91
85, 93
85, 90
85, 92
85, 88
12, 21
12, 18
12, 17
12, 20
12, 15
12, 13
12, 16
12, 19
12, 14
1, 2
1, 73
1, 37
1, 57
1, 85
1, 47
1, 19
1, 7
1, 27
1, 62
2, 7
2, 5
2, 6
2, 13
2, 3
2, 4
2, 12
2, 17
2, 18
73, 77
73, 81
73, 80
73, 78
73, 79
73, 76
73, 75
73, 74
73, 82
37, 40
37, 46
37, 43
37, 41
37, 42
37, 38
37, 44
37, 45
37, 39
57, 73
57, 60
57, 62
57, 58
57, 83
57, 84
57, 61
57, 59
57, 72
85, 89
85, 86
85, 88
85, 90
85, 91
85, 92
85, 87
85, 93
85, 94
47, 51
47, 56
47, 55
47, 53
47, 52
47, 48
47, 50
47, 49
47, 54
19, 27
19, 21
19, 22
19, 26
19, 23
19, 20
19, 30
19, 24
19, 25
7, 13
7, 12
7, 14
7, 11
7, 15
7, 8
7, 10
7, 16
7, 9
27, 28
27, 30
27, 34
27, 33
27, 32
27, 29
27, 36
27, 35
27, 31
62, 66
62, 68
62, 69
62, 64
62, 70
62, 67
62, 71
62, 65
62, 63
5, 78
5, 16
5, 45
5, 18
5, 29
5, 56
5, 53
5, 6
5, 65
5, 35
78, 82
78, 81
78, 84
78, 83
78, 86
78, 79
78, 87
78, 85
78, 80
16, 18
16, 29
16, 26
16, 17
16, 22
16, 25
16, 32
16, 28
16, 21
45, 47
45, 52
45, 49
45, 2
45, 46
45, 50
45, 1
45, 48
45, 51
18, 22
18, 21
18, 24
18, 23
18, 75
18, 20
18, 19
18, 74
18, 88
29, 32
29, 31
29, 33
29, 30
29, 34
29, 76
29, 27
29, 89
29, 77
56, 57
56, 59
56, 63
56, 60
56, 64
56, 62
56, 61
56, 58
56, 3
53, 55
53, 54
53, 93
53, 90
53, 91
53, 92
53, 96
53, 95
53, 94
6, 8
6, 14
6, 10
6, 15
6, 7
6, 13
6, 11
6, 12
6, 9
65, 66
65, 70
65, 68
65, 4
65, 71
65, 67
65, 73
65, 72
65, 69
35, 42
35, 40
35, 44
35, 39
35, 36
35, 38
35, 37
35, 41
35, 43
1, 30
1, 59
1, 49
1, 12
1, 69
1, 2
1, 31
1, 79
1, 17
30, 31
30, 46
30, 41
30, 48
30, 42
30, 44
30, 43
30, 45
30, 47
59, 60
59, 65
59, 64
59, 62
59, 67
59, 68
59, 66
59, 63
59, 61
49, 56
49, 55
49, 51
49, 52
49, 57
49, 58
49, 50
49, 53
49, 54
12, 17
12, 13
12, 16
12, 14
12, 28
12, 29
12, 15
12, 27
12, 21
69, 78
69, 75
69, 74
69, 72
69, 70
69, 73
69, 77
69, 76
69, 71
2, 11
2, 6
2, 7
2, 4
2, 9
2, 10
2, 5
2, 3
2, 8
31, 40
31, 32
31, 33
31, 34
31, 37
31, 35
31, 39
31, 38
31, 36
79, 88
79, 81
79, 82
79, 85
79, 86
79, 84
79, 83
79, 87
79, 80
17, 21
17, 24
17, 19
17, 23
17, 25
17, 20
17, 22
17, 18
17, 26
1, 49
1, 2
1, 69
1, 89
1, 17
1, 59
1, 37
1, 3
1, 79
1, 27
49, 53
49, 56
49, 55
49, 51
49, 52
49, 58
49, 54
49, 57
49, 50
2, 17
2, 27
2, 3
2, 14
2, 12
2, 13
2, 11
2, 9
2, 10
69, 70
69, 76
69, 77
69, 72
69, 71
69, 73
69, 74
69, 78
69, 75
89, 96
89, 91
89, 97
89, 94
89, 95
89, 93
89, 90
89, 98
89, 92
17, 19
17, 24
17, 23
17, 18
17, 25
17, 22
17, 26
17, 20
17, 21
59, 67
59, 60
59, 62
59, 64
59, 66
59, 61
59, 68
59, 65
59, 63
37, 46
37, 39
37, 40
37, 45
37, 44
37, 41
37, 42
37, 38
37, 43
3, 6
3, 8
3, 48
3, 5
3, 7
3, 4
3, 16
3, 47
3, 15
79, 88
79, 84
79, 85
79, 81
79, 87
79, 86
79, 83
79, 80
79, 82
27, 28
27, 32
27, 36
27, 30
27, 31
27, 34
27, 35
27, 33
27, 29
2, 32
2, 29
2, 16
2, 3
2, 21
2, 6
2, 44
2, 30
2, 50
32, 35
32, 34
32, 33
32, 57
32, 58
29, 30
29, 32
29, 38
29, 43
29, 40
29, 36
29, 42
29, 37
29, 41
16, 18
16, 17
16, 20
16, 19
3, 6
3, 4
3, 5
3, 12
3, 13
3, 15
3, 8
3, 14
3, 7
21, 23
21, 24
21, 55
21, 22
21, 27
21, 25
21, 28
21, 59
21, 26
6, 8
6, 7
6, 9
6, 10
6, 11
44, 48
44, 45
44, 46
44, 49
44, 47
30, 32
30, 38
30, 36
30, 37
30, 31
30, 35
30, 34
30, 39
30, 33
50, 52
50, 54
50, 53
50, 51
50, 1
50, 61
50, 60
50, 56
50, 62
2, 51
2, 40
2, 11
2, 10
2, 58
2, 21
2, 63
2, 31
2, 3
2, 37
51, 58
51, 56
51, 52
51, 57
51, 62
51, 53
51, 60
51, 55
51, 54
40, 47
40, 41
40, 45
40, 43
40, 44
40, 46
40, 48
40, 49
40, 42
11, 17
11, 15
11, 14
11, 12
11, 13
11, 19
11, 16
11, 18
11, 20
10, 11
10, 40
10, 21
10, 31
10, 37
10, 34
10, 35
10, 47
10, 36
58, 60
58, 59
58, 61
21, 30
21, 23
21, 27
21, 26
21, 29
21, 25
21, 24
21, 22
21, 28
63, 64
63, 50
63, 65
3, 9
3, 4
3, 7
3, 5
3, 8
3, 6
3, 68
3, 67
3, 69
37, 39
37, 38
37, 47
37, 33
37, 16
37, 1
37, 66
37, 70
37, 32
2, 33
2, 74
2, 44
2, 54
2, 23
2, 3
2, 13
2, 84
2, 4
2, 64
33, 40
33, 38
33, 42
33, 36
33, 39
33, 34
33, 41
33, 37
33, 35
74, 77
74, 83
74, 75
74, 79
74, 76
74, 82
74, 80
74, 81
74, 78
44, 48
44, 51
44, 50
44, 49
44, 52
44, 53
44, 46
44, 47
44, 45
54, 56
54, 60
54, 57
54, 62
54, 58
54, 55
54, 59
54, 61
54, 63
23, 25
23, 29
23, 26
23, 32
23, 30
23, 27
23, 24
23, 31
23, 28
3, 33
3, 74
3, 44
3, 54
3, 23
3, 84
3, 43
3, 48
3, 13
13, 16
13, 15
13, 19
13, 18
13, 17
13, 14
13, 21
13, 22
13, 20
84, 91
84, 93
84, 90
84, 92
84, 88
84, 86
84, 85
84, 87
84, 89
4, 9
4, 1
4, 5
4, 12
4, 7
4, 6
4, 11
4, 10
4, 8
64, 67
64, 69
64, 65
64, 70
64, 72
64, 73
64, 68
64, 66
64, 71
4, 33
4, 35
4, 5
4, 65
4, 57
4, 9
4, 23
4, 46
4, 75
33, 35
33, 65
33, 57
33, 46
33, 34
33, 45
33, 55
33, 66
33, 56
35, 39
35, 37
35, 40
35, 43
35, 41
35, 44
35, 42
35, 38
35, 36
5, 9
5, 8
5, 20
5, 21
5, 6
5, 22
5, 3
5, 7
5, 19
65, 66
65, 68
65, 69
65, 72
65, 70
65, 71
65, 73
65, 67
65, 74
57, 60
57, 59
57, 1
57, 2
57, 58
57, 64
57, 61
57, 62
57, 63
9, 11
9, 16
9, 10
9, 18
9, 12
9, 14
9, 17
9, 13
9, 15
23, 31
23, 29
23, 30
23, 32
23, 25
23, 24
23, 28
23, 27
23, 26
46, 47
46, 50
46, 49
46, 51
46, 52
46, 48
46, 53
46, 85
46, 54
75, 77
75, 82
75, 83
75, 80
75, 78
75, 84
75, 76
75, 79
75, 81
1, 2
1, 18
1, 48
1, 78
1, 38
1, 28
1, 68
1, 3
1, 58
2, 3
2, 12
2, 16
2, 11
2, 5
2, 13
2, 14
2, 17
2, 15
18, 23
18, 20
18, 22
18, 27
18, 24
18, 21
18, 19
18, 25
18, 26
48, 52
48, 49
48, 54
48, 56
48, 57
48, 50
48, 53
48, 55
48, 51
78, 79
78, 83
78, 86
78, 81
78, 84
78, 85
78, 80
78, 87
78, 82
38, 40
38, 45
38, 42
38, 43
38, 46
38, 39
38, 41
38, 47
38, 44
28, 35
28, 29
28, 36
28, 32
28, 31
28, 30
28, 33
28, 34
28, 37
68, 76
68, 75
68, 70
68, 73
68, 71
68, 72
68, 74
68, 69
68, 77
3, 5
3, 8
3, 10
3, 4
3, 7
3, 9
3, 6
3, 29
3, 30
58, 61
58, 66
58, 60
58, 59
58, 67
58, 62
58, 63
58, 65
58, 64
2, 66
2, 4
2, 23
2, 62
2, 15
2, 33
2, 65
2, 41
2, 83
2, 45
66, 68
66, 72
66, 74
66, 70
66, 69
66, 75
66, 71
66, 73
66, 67
4, 8
4, 7
4, 9
4, 14
4, 6
4, 10
4, 11
4, 5
4, 3
23, 25
23, 30
23, 29
23, 28
23, 26
23, 32
23, 24
23, 27
23, 31
62, 63
62, 1
62, 64
62, 44
62, 53
62, 51
62, 48
62, 57
62, 49
15, 18
15, 21
15, 16
15, 12
15, 17
15, 20
15, 19
15, 22
15, 13
33, 34
33, 38
33, 39
33, 88
33, 40
33, 89
33, 37
33, 35
33, 36
65, 66
65, 81
65, 80
65, 78
65, 82
65, 79
65, 76
65, 77
65, 68
41, 62
41, 45
41, 56
41, 54
41, 47
41, 55
41, 59
41, 42
41, 50
83, 85
83, 86
83, 84
83, 87
83, 90
45, 46
45, 43
45, 42
45, 55
45, 52
45, 50
45, 61
45, 60
45, 58
23, 34
23, 9
23, 1
23, 24
23, 28
23, 33
23, 44
23, 45
23, 36
34, 36
34, 42
34, 39
34, 41
34, 43
34, 40
34, 35
34, 37
34, 38
9, 12
9, 14
9, 16
9, 11
9, 17
9, 13
9, 18
9, 10
9, 15
1, 9
1, 8
1, 5
1, 6
1, 7
1, 2
1, 4
1, 19
1, 3
24, 26
24, 25
24, 20
24, 27
28, 32
28, 29
28, 30
28, 31
28, 50
44, 22
44, 42
45, 49
45, 46
45, 47
45, 48
45, 51
45, 52
45, 53
36, 21
1, 32
1, 21
1, 23
1, 52
1, 37
1, 42
1, 11
1, 3
1, 16
32, 37
32, 36
32, 35
32, 33
32, 34
32, 40
32, 39
32, 41
32, 38
21, 23
21, 31
21, 22
21, 25
21, 29
21, 27
21, 30
21, 28
21, 26
23, 24
23, 12
23, 64
23, 69
23, 2
23, 60
23, 61
23, 59
52, 55
52, 54
52, 56
52, 53
52, 57
52, 62
52, 58
42, 46
42, 45
42, 48
42, 51
42, 44
42, 50
42, 43
42, 49
42, 47
11, 10
11, 12
11, 13
11, 14
11, 61
11, 70
3, 5
3, 6
3, 7
3, 9
3, 4
3, 67
3, 8
3, 68
3, 65
16, 19
16, 18
16, 15
16, 46
16, 43
16, 17
16, 20
16, 66
16, 63
6, 9
6, 47
6, 15
6, 59
6, 31
6, 44
6, 41
6, 69
6, 26
9, 12
9, 11
9, 14
9, 10
9, 13
9, 67
9, 2
47, 50
47, 49
47, 52
47, 53
47, 51
47, 48
47, 56
47, 55
47, 54
15, 21
15, 19
15, 20
15, 24
15, 18
15, 17
15, 22
15, 16
15, 23
59, 64
59, 62
59, 61
59, 63
59, 66
59, 65
59, 60
59, 77
59, 75
31, 36
31, 40
31, 32
31, 38
31, 39
31, 33
31, 37
31, 34
31, 35
44, 45
44, 9
44, 46
44, 11
44, 13
44, 51
44, 10
44, 25
44, 7
41, 42
41, 58
41, 43
41, 28
41, 46
41, 72
41, 22
41, 57
41, 76
69, 70
69, 71
69, 1
69, 74
69, 73
26, 27
26, 28
26, 29
26, 4
26, 3
26, 30
26, 5
26, 68
26, 8
8, 22
8, 61
8, 53
8, 82
8, 62
8, 72
8, 43
8, 10
8, 32
8, 13
22, 25
22, 29
22, 31
22, 23
22, 27
22, 30
22, 26
22, 28
22, 24
61, 62
61, 67
61, 69
61, 68
61, 66
61, 64
61, 6
61, 65
61, 70
53, 59
53, 55
53, 58
53, 54
53, 71
53, 57
53, 56
53, 89
53, 60
82, 83
82, 90
82, 88
82, 91
82, 92
62, 7
62, 6
62, 63
62, 1
62, 84
62, 5
62, 3
62, 2
62, 4
72, 80
72, 81
72, 76
72, 73
72, 79
72, 77
72, 75
72, 74
72, 78
43, 49
43, 50
43, 51
43, 47
43, 46
43, 45
43, 44
43, 52
43, 48
10, 11
10, 9
10, 12
10, 42
10, 87
10, 86
32, 37
32, 39
32, 33
32, 41
32, 36
32, 35
32, 34
32, 40
32, 38
13, 20
13, 18
13, 15
13, 21
13, 17
13, 16
13, 14
13, 19
13, 85
12, 49
12, 64
12, 31
12, 34
12, 60
12, 24
12, 44
12, 14
12, 25
49, 54
49, 52
49, 56
49, 58
49, 53
49, 55
49, 50
49, 57
49, 51
64, 65
64, 66
64, 72
64, 30
64, 13
64, 59
64, 8
64, 1
64, 5
31, 4
31, 32
31, 33
31, 67
31, 11
31, 10
31, 70
31, 69
31, 68
34, 41
34, 36
34, 35
34, 38
34, 39
34, 37
34, 42
34, 40
34, 43
60, 61
60, 9
24, 25
24, 29
24, 28
24, 27
24, 26
24, 6
24, 3
24, 73
24, 7
44, 45
44, 46
44, 47
44, 63
44, 62
44, 48
44, 71
14, 20
14, 23
14, 18
14, 22
14, 15
14, 21
14, 17
14, 16
14, 19
25, 29
25, 27
25, 28
25, 26
25, 6
25, 73
25, 3
25, 7
25, 2
3, 26
3, 45
3, 5
3, 38
3, 36
3, 15
3, 40
3, 42
3, 24
26, 31
26, 27
26, 33
26, 29
26, 30
26, 32
26, 34
26, 28
26, 1
45, 46
5, 10
5, 11
5, 6
5, 13
5, 9
5, 8
5, 12
5, 14
5, 7
38, 40
38, 39
38, 41
38, 24
38, 35
38, 4
36, 37
15, 23
15, 17
15, 22
15, 21
15, 19
15, 20
15, 16
15, 18
15, 2
40, 41
42, 44
42, 43
42, 49
42, 53
42, 47
42, 51
42, 48
42, 52
42, 50
24, 25
8, 15
8, 73
8, 66
8, 83
8, 31
8, 9
8, 25
8, 43
8, 53
15, 24
15, 23
15, 16
15, 18
15, 17
15, 20
15, 21
15, 22
15, 19
73, 75
73, 74
73, 83
73, 76
73, 6
73, 85
73, 79
66, 69
66, 67
66, 68
66, 70
66, 78
66, 77
66, 63
66, 81
66, 71
83, 86
83, 84
83, 2
83, 80
83, 41
83, 3
83, 5
83, 7
83, 87
31, 39
31, 38
31, 34
31, 40
31, 35
31, 32
31, 36
31, 33
31, 37
9, 14
9, 13
9, 12
9, 11
9, 10
9, 62
9, 16
9, 61
9, 82
25, 29
25, 26
25, 27
25, 30
25, 28
25, 4
25, 64
25, 65
25, 1
43, 51
43, 47
43, 52
43, 48
43, 44
43, 45
43, 46
43, 49
43, 50
53, 55
53, 54
53, 58
53, 60
53, 59
53, 56
53, 57
53, 72
53, 42
4, 17
4, 37
4, 27
4, 5
4, 36
4, 42
4, 14
4, 55
4, 65
17, 21
17, 22
17, 20
17, 19
17, 2
17, 25
17, 23
17, 24
17, 18
37, 42
37, 52
37, 54
37, 51
37, 53
37, 39
37, 41
37, 40
37, 38
27, 34
27, 30
27, 31
27, 29
27, 28
27, 32
27, 3
27, 35
27, 33
5, 6
5, 12
5, 9
5, 10
5, 7
5, 8
5, 11
5, 1
5, 13
36, 37
36, 42
36, 52
36, 54
36, 51
36, 53
36, 39
36, 41
36, 38
42, 51
42, 46
42, 44
42, 43
42, 48
42, 50
42, 47
42, 45
42, 49
14, 17
14, 16
14, 21
14, 22
14, 20
14, 2
14, 19
14, 15
14, 26
55, 60
55, 61
55, 63
55, 62
55, 59
55, 64
55, 57
55, 56
55, 58
65, 66
65, 69
65, 74
65, 71
65, 67
65, 68
65, 73
65, 70
65, 72
4, 20
4, 8
4, 22
4, 5
4, 14
4, 10
4, 23
4, 6
4, 9
20, 21
20, 16
20, 13
20, 17
20, 49
20, 57
20, 52
20, 12
8, 9
8, 33
8, 55
8, 54
8, 34
8, 45
8, 2
8, 1
8, 46
22, 23
22, 26
22, 25
22, 31
22, 24
22, 28
22, 30
22, 27
22, 29
5, 20
5, 3
5, 8
5, 32
5, 47
14, 42
14, 41
14, 15
14, 35
14, 53
14, 51
10, 11
10, 38
10, 56
10, 40
10, 36
10, 39
10, 37
10, 48
23, 43
23, 20
23, 22
6, 7
6, 44
6, 50
6, 18
6, 19
3, 24
3, 34
3, 14
3, 4
3, 48
3, 26
3, 70
3, 58
3, 80
3, 60
24, 34
24, 48
24, 26
24, 44
24, 47
24, 25
24, 46
24, 45
24, 38
34, 38
34, 42
34, 37
34, 43
34, 36
34, 41
34, 35
34, 39
34, 40
14, 17
14, 16
14, 23
14, 20
14, 15
14, 21
14, 19
14, 18
14, 22
4, 11
4, 9
4, 6
4, 7
4, 13
4, 10
4, 12
4, 5
4, 8
48, 53
48, 56
48, 50
48, 55
48, 54
48, 49
48, 52
48, 57
48, 51
26, 2
26, 29
26, 32
26, 1
26, 33
26, 27
26, 31
26, 30
26, 28
70, 71
70, 72
70, 75
70, 74
70, 79
70, 78
70, 77
70, 76
70, 73
58, 60
58, 70
58, 93
58, 59
58, 80
58, 92
58, 94
58, 90
58, 91
80, 86
80, 83
80, 87
80, 81
80, 89
80, 85
80, 84
80, 82
80, 88
60, 61
60, 63
60, 68
60, 62
60, 65
60, 67
60, 69
60, 66
60, 64
1, 36
1, 12
1, 76
1, 23
1, 22
1, 46
1, 2
1, 66
1, 56
36, 43
36, 39
36, 45
36, 37
36, 42
36, 38
36, 44
36, 40
36, 41
12, 14
12, 16
12, 15
12, 13
12, 19
12, 18
12, 21
12, 17
12, 20
76, 83
76, 77
76, 84
76, 78
76, 79
76, 81
76, 85
76, 80
76, 82
23, 32
23, 26
23, 28
23, 29
23, 24
23, 30
23, 31
23, 25
23, 27
22, 36
22, 23
22, 34
22, 43
22, 32
22, 39
22, 35
22, 45
22, 33
46, 50
46, 52
46, 53
46, 49
46, 55
46, 51
46, 48
46, 54
46, 47
2, 7
2, 9
2, 10
2, 4
2, 8
2, 3
2, 11
2, 6
2, 5
66, 68
66, 73
66, 69
66, 67
66, 75
66, 72
66, 70
66, 74
66, 71
56, 65
56, 63
56, 60
56, 64
56, 57
56, 58
56, 61
56, 62
56, 59
14, 41
14, 37
14, 16
14, 35
14, 45
14, 15
14, 25
14, 28
14, 26
14, 48
41, 9
41, 37
41, 8
41, 38
41, 7
37, 38
37, 8
16, 6
16, 5
16, 13
35, 41
35, 37
35, 36
35, 44
35, 43
35, 40
35, 39
35, 42
35, 38
45, 48
45, 52
45, 51
45, 46
45, 50
45, 49
45, 47
15, 16
15, 17
15, 19
15, 22
15, 23
15, 18
15, 21
15, 24
15, 20
25, 28
25, 26
25, 30
25, 33
25, 31
25, 32
25, 29
25, 27
25, 34
26, 28
26, 27
26, 3
26, 4
26, 2
26, 1
48, 10
48, 12
48, 11
40, 3
40, 42
40, 30
40, 9
40, 20
40, 41
40, 47
40, 48
40, 46
3, 7
3, 9
3, 6
3, 5
3, 8
3, 17
3, 4
3, 18
3, 14
42, 43
30, 38
30, 34
30, 32
30, 36
30, 31
30, 37
30, 35
30, 33
30, 39
9, 14
9, 51
9, 16
9, 13
9, 15
9, 10
9, 12
9, 11
9, 2
20, 27
20, 26
20, 25
20, 28
20, 29
20, 23
20, 22
20, 24
20, 21
41, 42
41, 49
41, 44
41, 45
41, 43
41, 19
41, 50
48, 53
48, 52
48, 47
48, 1
1, 71
1, 40
1, 29
1, 12
1, 61
1, 2
1, 50
1, 81
1, 18
1, 51
71, 78
71, 76
71, 77
71, 79
71, 75
71, 72
71, 80
71, 73
71, 74
40, 48
40, 46
40, 45
40, 47
40, 44
40, 42
40, 49
40, 41
40, 43
29, 32
29, 30
29, 35
29, 34
29, 31
29, 37
29, 38
29, 33
29, 36
12, 18
12, 29
12, 16
12, 17
12, 28
12, 13
12, 15
12, 14
12, 39
61, 62
61, 68
61, 69
61, 65
61, 66
61, 70
61, 67
61, 64
61, 63
2, 6
2, 10
2, 11
2, 8
2, 7
2, 9
2, 3
2, 4
2, 5
50, 71
50, 81
50, 61
50, 51
50, 91
50, 92
50, 78
50, 56
50, 76
81, 86
81, 83
81, 87
81, 88
81, 82
81, 89
81, 85
81, 84
81, 90
18, 23
18, 19
18, 20
18, 25
18, 27
18, 22
18, 21
18, 24
18, 26
51, 56
51, 53
51, 55
51, 58
51, 59
51, 54
51, 57
51, 52
51, 60
3, 67
3, 24
3, 33
3, 49
3, 39
3, 14
3, 4
3, 77
3, 51
67, 71
67, 75
67, 72
67, 68
67, 73
67, 76
67, 70
67, 74
67, 69
24, 26
24, 28
24, 31
24, 25
24, 29
24, 27
24, 32
24, 30
24, 1
33, 39
33, 36
33, 38
33, 37
33, 35
33, 42
33, 47
33, 34
33, 46
49, 51
49, 50
49, 61
49, 63
49, 62
49, 64
49, 65
49, 66
49, 2
39, 46
39, 47
39, 42
39, 48
39, 41
39, 40
39, 45
39, 43
39, 44
14, 22
14, 20
14, 16
14, 17
14, 19
14, 23
14, 21
14, 15
14, 18
4, 13
4, 10
4, 7
4, 6
4, 5
4, 8
4, 9
4, 12
4, 11
77, 84
77, 79
77, 83
77, 82
77, 78
77, 85
77, 86
77, 80
77, 81
51, 53
51, 52
51, 57
51, 60
51, 56
51, 59
51, 58
51, 55
51, 54
1, 61
1, 12
1, 51
1, 73
1, 56
1, 22
1, 41
1, 2
1, 28
61, 67
61, 66
61, 69
61, 62
61, 65
61, 70
61, 63
61, 64
61, 68
12, 20
12, 19
12, 14
12, 13
12, 15
12, 18
12, 21
12, 16
12, 17
51, 61
51, 56
51, 72
51, 53
51, 71
51, 55
51, 54
51, 58
51, 52
73, 79
73, 81
73, 82
73, 80
73, 75
73, 78
73, 77
73, 74
73, 76
56, 61
56, 71
56, 60
56, 58
56, 57
56, 67
56, 65
56, 59
56, 66
22, 28
22, 25
22, 38
22, 37
22, 26
22, 40
22, 23
22, 24
22, 39
41, 50
41, 42
41, 49
41, 45
41, 47
41, 44
41, 48
41, 46
41, 43
2, 7
2, 6
2, 10
2, 11
2, 3
2, 5
2, 4
2, 9
2, 8
28, 29
28, 32
28, 35
28, 31
28, 34
28, 30
28, 33
28, 36
28, 27
16, 63
16, 40
16, 32
16, 18
16, 24
16, 62
16, 73
16, 51
16, 30
63, 72
63, 71
63, 67
63, 64
63, 65
63, 69
63, 70
63, 66
63, 68
40, 42
40, 45
40, 47
40, 43
40, 48
40, 41
40, 46
40, 44
40, 49
32, 38
32, 33
32, 35
32, 39
32, 34
32, 9
32, 36
32, 37
32, 5
18, 22
18, 23
18, 19
18, 20
18, 21
18, 1
18, 2
18, 50
18, 10
24, 25
24, 29
24, 27
24, 28
24, 26
24, 6
24, 13
24, 3
24, 7
62, 11
73, 74
73, 79
73, 12
73, 76
73, 77
73, 75
73, 78
73, 61
73, 80
51, 56
51, 54
51, 52
51, 58
51, 57
51, 55
51, 60
51, 59
51, 53
30, 31
30, 14
30, 17
30, 15
30, 8
30, 4
1, 12
1, 2
1, 52
1, 42
1, 32
1, 77
1, 22
1, 62
1, 67
12, 14
12, 19
12, 21
12, 15
12, 13
12, 20
12, 17
12, 18
12, 16
2, 3
2, 8
2, 4
2, 11
2, 6
2, 7
2, 5
2, 9
2, 10
52, 58
52, 56
52, 54
52, 61
52, 59
52, 55
52, 60
52, 53
52, 57
42, 50
42, 49
42, 47
42, 48
42, 44
42, 51
42, 43
42, 46
42, 45
32, 41
32, 34
32, 40
32, 37
32, 38
32, 33
32, 35
32, 39
32, 36
77, 83
77, 85
77, 81
77, 79
77, 86
77, 78
77, 80
77, 84
77, 82
22, 27
22, 31
22, 24
22, 26
22, 23
22, 30
22, 25
22, 29
22, 28
62, 65
62, 63
62, 64
62, 87
62, 88
62, 66
67, 74
67, 75
67, 76
67, 68
67, 73
67, 71
67, 69
67, 72
67, 70
1, 59
1, 79
1, 44
1, 12
1, 67
1, 31
1, 41
1, 2
1, 64
1, 16
59, 79
59, 67
59, 64
59, 63
59, 60
59, 89
59, 90
59, 62
59, 61
79, 87
79, 80
79, 86
79, 84
79, 83
79, 82
79, 88
79, 85
79, 81
44, 50
44, 46
44, 51
44, 52
44, 53
44, 48
44, 47
44, 45
44, 49
12, 16
12, 13
12, 15
12, 30
12, 26
12, 14
12, 28
12, 27
12, 29
67, 71
67, 76
67, 75
67, 68
67, 73
67, 74
67, 72
67, 69
67, 70
31, 37
31, 38
31, 36
31, 35
31, 32
31, 33
31, 39
31, 34
31, 40
41, 44
41, 54
41, 57
41, 50
41, 58
41, 42
41, 56
41, 55
41, 43
2, 9
2, 8
2, 6
2, 4
2, 7
2, 5
2, 10
2, 11
2, 3
64, 67
64, 71
64, 66
64, 78
64, 76
64, 75
64, 65
64, 68
64, 77
16, 19
16, 17
16, 18
16, 25
16, 23
16, 22
16, 20
16, 21
16, 24
1, 59
1, 32
1, 49
1, 22
1, 43
1, 3
1, 13
1, 56
1, 63
59, 63
59, 67
59, 66
59, 61
59, 71
59, 60
59, 68
59, 62
59, 65
32, 41
32, 42
32, 33
32, 36
32, 39
32, 37
32, 40
32, 34
32, 35
49, 56
49, 50
49, 55
49, 54
49, 53
49, 51
49, 58
49, 78
49, 52
22, 27
22, 25
22, 24
22, 28
22, 31
22, 23
22, 30
22, 26
22, 29
43, 49
43, 56
43, 50
43, 44
43, 46
43, 47
43, 48
43, 45
43, 55
3, 7
3, 10
3, 8
3, 12
3, 9
3, 5
3, 11
3, 4
3, 6
13, 20
13, 16
13, 14
13, 17
13, 15
13, 18
13, 21
13, 19
13, 38
56, 57
56, 79
56, 69
56, 85
56, 81
56, 80
56, 82
56, 84
56, 2
63, 64
63, 83
63, 76
63, 74
63, 77
63, 73
63, 70
63, 75
63, 72
17, 55
17, 21
17, 48
17, 41
17, 32
17, 33
17, 18
17, 20
17, 53
55, 58
55, 59
55, 56
55, 57
55, 7
55, 11
55, 5
55, 2
55, 12
21, 29
21, 22
21, 26
21, 30
21, 27
21, 23
21, 28
21, 25
21, 24
48, 49
48, 51
48, 50
48, 52
48, 40
48, 30
48, 4
48, 14
48, 15
41, 45
41, 43
41, 44
41, 47
41, 46
41, 42
41, 10
41, 39
41, 8
32, 61
32, 9
32, 62
33, 39
33, 35
33, 37
33, 36
33, 38
33, 34
33, 1
33, 6
33, 13
18, 19
18, 60
18, 16
18, 31
20, 3
20, 21
53, 54
1, 12
1, 51
1, 27
1, 30
1, 71
1, 81
1, 20
1, 61
1, 2
1, 41
12, 17
12, 13
12, 16
12, 15
12, 14
12, 91
12, 92
12, 40
51, 57
51, 53
51, 52
51, 59
51, 54
51, 58
51, 55
51, 56
51, 60
27, 30
27, 38
27, 28
27, 35
27, 37
27, 29
27, 34
27, 36
27, 33
30, 35
30, 33
30, 36
30, 31
30, 34
30, 32
71, 77
71, 72
71, 76
71, 80
71, 78
71, 73
71, 75
71, 74
71, 79
81, 84
81, 82
81, 83
81, 85
81, 87
81, 88
81, 90
81, 89
81, 86
20, 21
20, 25
20, 24
20, 26
20, 23
20, 22
20, 18
20, 39
20, 19
61, 68
61, 69
61, 65
61, 70
61, 64
61, 62
61, 66
61, 63
61, 67
2, 9
2, 11
2, 3
2, 6
2, 5
2, 10
2, 7
2, 8
2, 4
41, 48
41, 50
41, 47
41, 44
41, 42
41, 43
41, 49
41, 45
41, 46
1, 26
1, 12
1, 49
1, 59
1, 79
1, 39
1, 13
1, 2
1, 69
26, 34
26, 33
26, 35
26, 31
26, 27
26, 28
26, 32
26, 30
26, 29
12, 26
12, 13
12, 24
12, 36
12, 25
12, 14
12, 23
12, 38
12, 37
49, 55
49, 52
49, 53
49, 57
49, 54
49, 51
49, 50
49, 56
49, 58
59, 60
59, 62
59, 64
59, 66
59, 67
59, 63
59, 61
59, 68
59, 65
79, 84
79, 81
79, 87
79, 86
79, 88
79, 83
79, 85
79, 82
79, 80
39, 42
39, 40
39, 45
39, 41
39, 44
39, 47
39, 43
39, 46
39, 48
13, 14
13, 16
13, 21
13, 20
13, 17
13, 22
13, 18
13, 19
13, 15
2, 10
2, 5
2, 3
2, 6
2, 8
2, 9
2, 4
2, 11
2, 7
69, 76
69, 71
69, 75
69, 74
69, 78
69, 77
69, 72
69, 73
69, 70
1, 17
1, 61
1, 43
1, 7
1, 33
1, 72
1, 2
1, 54
1, 53
1, 27
17, 24
17, 21
17, 18
17, 26
17, 23
17, 25
17, 20
17, 22
17, 19
61, 69
61, 65
61, 67
61, 63
61, 62
61, 70
61, 66
61, 64
61, 68
43, 50
43, 44
43, 47
43, 49
43, 48
43, 45
43, 52
43, 46
43, 51
7, 13
7, 8
7, 9
7, 10
7, 11
7, 12
7, 83
7, 16
7, 82
33, 35
33, 42
33, 40
33, 39
33, 36
33, 37
33, 34
33, 41
33, 38
72, 80
72, 78
72, 75
72, 73
72, 81
72, 74
72, 77
72, 79
72, 76
2, 7
2, 5
2, 13
2, 14
2, 4
2, 6
2, 15
2, 3
2, 8
54, 55
53, 54
53, 61
53, 56
53, 60
53, 59
53, 69
53, 58
53, 57
53, 71
27, 28
27, 31
27, 29
27, 30
27, 32
27, 84
1, 71
1, 27
1, 14
1, 2
1, 36
1, 12
1, 61
1, 50
1, 58
71, 73
71, 72
71, 75
71, 76
71, 77
71, 79
71, 80
71, 78
71, 74
27, 36
27, 50
27, 34
27, 58
27, 57
27, 31
27, 56
27, 47
27, 41
14, 17
14, 21
14, 22
14, 19
14, 18
14, 20
14, 15
14, 16
14, 82
2, 10
2, 11
2, 5
2, 6
2, 4
2, 9
2, 7
2, 8
2, 3
36, 41
36, 45
36, 44
36, 40
36, 37
36, 38
36, 43
36, 42
36, 39
12, 14
12, 26
12, 23
12, 17
12, 19
12, 21
12, 25
12, 13
12, 24
61, 62
61, 70
61, 64
61, 69
61, 63
61, 65
61, 68
61, 66
61, 67
50, 54
50, 48
50, 51
50, 32
50, 52
50, 53
50, 29
50, 46
50, 28
58, 59
58, 30
58, 33
58, 35
58, 81
58, 55
58, 49
58, 60
58, 83
61, 1
61, 51
61, 74
61, 41
61, 31
61, 21
61, 11
61, 69
61, 64
61, 85
1, 7
1, 2
1, 5
1, 8
1, 6
1, 3
1, 4
1, 10
1, 9
51, 57
51, 60
51, 52
51, 59
51, 53
51, 55
51, 56
51, 54
51, 58
74, 76
74, 81
74, 75
74, 78
74, 80
74, 79
74, 82
74, 77
74, 95
41, 47
41, 48
41, 44
41, 45
41, 49
41, 42
41, 46
41, 50
41, 43
31, 38
31, 34
31, 33
31, 36
31, 37
31, 32
31, 35
31, 39
31, 40
21, 30
21, 27
21, 28
21, 25
21, 23
21, 24
21, 26
21, 29
21, 22
11, 19
11, 15
11, 16
11, 20
11, 13
11, 14
11, 17
11, 18
11, 12
69, 74
69, 83
69, 80
69, 84
69, 72
69, 70
69, 73
69, 76
69, 71
64, 68
64, 67
64, 66
64, 65
64, 62
64, 63
85, 91
85, 87
85, 90
85, 94
85, 88
85, 92
85, 93
85, 89
85, 86
2, 52
2, 13
2, 42
2, 66
2, 33
2, 3
2, 23
2, 45
2, 54
52, 54
52, 61
52, 63
52, 65
52, 64
52, 53
52, 60
52, 59
52, 62
13, 21
13, 20
13, 22
13, 16
13, 18
13, 17
13, 14
13, 19
13, 15
42, 45
42, 47
42, 48
42, 50
42, 43
42, 51
42, 44
42, 81
42, 49
66, 75
66, 73
66, 72
66, 74
66, 67
66, 71
66, 70
66, 69
66, 76
33, 36
33, 35
33, 40
33, 34
33, 39
33, 41
33, 38
33, 37
33, 83
3, 5
3, 8
3, 12
3, 10
3, 11
3, 4
3, 9
3, 7
3, 6
23, 28
23, 25
23, 26
23, 30
23, 32
23, 31
23, 27
23, 24
23, 29
45, 47
45, 46
45, 82
45, 86
45, 85
45, 84
45, 77
45, 79
45, 80
54, 55
54, 56
54, 58
54, 57
54, 78
54, 1
54, 87
54, 68
54, 88
1, 79
1, 89
1, 69
1, 41
1, 12
1, 42
1, 31
1, 2
1, 59
1, 21
79, 81
79, 84
79, 80
79, 87
79, 82
79, 86
79, 85
79, 83
79, 88
89, 93
89, 94
89, 95
89, 90
89, 97
89, 96
89, 91
89, 92
89, 98
69, 72
69, 75
69, 76
69, 73
69, 71
69, 77
69, 70
69, 78
69, 74
41, 42
41, 53
41, 58
41, 55
41, 56
41, 54
41, 57
41, 49
41, 52
12, 21
12, 15
12, 20
12, 19
12, 18
12, 17
12, 14
12, 16
12, 13
42, 49
42, 51
42, 50
42, 43
42, 48
42, 44
42, 46
42, 47
42, 45
31, 35
31, 36
31, 37
31, 38
31, 32
31, 39
31, 33
31, 40
31, 34
2, 11
2, 3
2, 5
2, 10
2, 7
2, 8
2, 9
2, 4
2, 6
59, 68
59, 63
59, 64
59, 60
59, 66
59, 65
59, 62
59, 67
59, 61
21, 28
21, 22
21, 26
21, 29
21, 30
21, 25
21, 23
21, 27
21, 24
1, 12
1, 34
1, 45
1, 58
1, 88
1, 68
1, 78
1, 30
1, 2
1, 22
12, 21
12, 20
12, 16
12, 18
12, 13
12, 15
12, 14
12, 17
12, 19
34, 37
34, 38
34, 36
34, 43
34, 35
34, 40
34, 39
34, 42
34, 41
45, 49
45, 50
45, 54
45, 47
45, 51
45, 48
45, 53
45, 52
45, 46
58, 61
58, 65
58, 67
58, 60
58, 62
58, 59
58, 63
58, 64
58, 66
88, 97
88, 94
88, 95
88, 89
88, 92
88, 91
88, 90
88, 93
88, 96
68, 76
68, 70
68, 75
68, 77
68, 73
68, 72
68, 69
68, 74
68, 71
78, 82
78, 80
78, 79
78, 81
78, 83
78, 87
78, 85
78, 86
78, 84
30, 34
30, 45
30, 56
30, 32
30, 31
30, 33
30, 55
30, 44
30, 57
2, 6
2, 9
2, 4
2, 11
2, 8
2, 5
2, 7
2, 10
2, 3
22, 25
22, 26
22, 99
22, 24
22, 29
22, 28
22, 23
22, 27
22, 98
1, 52
1, 5
1, 2
1, 42
1, 25
1, 17
1, 62
1, 32
1, 72
52, 54
52, 57
52, 55
52, 53
52, 56
52, 61
52, 60
52, 59
52, 58
5, 12
5, 13
5, 10
5, 6
5, 11
5, 9
5, 8
5, 7
5, 14
2, 5
2, 12
2, 16
2, 84
2, 15
2, 13
2, 10
2, 4
2, 3
42, 45
42, 51
42, 47
42, 43
42, 48
42, 50
42, 44
42, 46
42, 49
25, 42
25, 32
25, 26
25, 27
25, 29
25, 30
25, 31
25, 28
25, 38
17, 22
17, 20
17, 19
17, 18
17, 24
17, 21
17, 82
17, 83
17, 23
62, 68
62, 67
62, 71
62, 66
62, 70
62, 63
62, 69
62, 64
62, 65
32, 38
32, 41
32, 39
32, 35
32, 36
32, 40
32, 37
32, 33
32, 34
72, 80
72, 78
72, 73
72, 76
72, 74
72, 79
72, 81
72, 77
72, 75
9, 27
9, 47
9, 43
9, 17
9, 48
9, 35
9, 10
9, 56
9, 13
27, 28
27, 33
27, 29
27, 31
27, 73
27, 30
27, 61
27, 32
27, 41
47, 48
47, 52
47, 53
47, 51
47, 49
47, 50
47, 72
47, 55
47, 54
43, 44
43, 46
43, 45
43, 6
43, 42
43, 74
43, 75
43, 65
43, 1
17, 26
17, 25
17, 22
17, 20
17, 24
17, 23
17, 21
17, 19
17, 18
48, 47
48, 7
48, 72
35, 38
35, 40
35, 39
35, 10
35, 37
35, 36
35, 59
35, 26
35, 25
10, 11
10, 12
10, 59
10, 5
10, 67
10, 62
10, 60
10, 66
10, 71
56, 8
56, 63
56, 70
56, 76
56, 69
56, 68
56, 57
56, 4
56, 3
13, 15
13, 16
13, 14
13, 58
13, 64
13, 2
13, 34
13, 77
13, 78
1, 79
1, 32
1, 43
1, 2
1, 12
1, 33
1, 69
1, 59
1, 22
79, 85
79, 87
79, 83
79, 81
79, 80
79, 86
79, 84
79, 88
79, 82
32, 43
32, 33
32, 57
32, 58
32, 54
32, 49
32, 55
32, 56
32, 53
43, 49
43, 48
43, 46
43, 44
43, 50
43, 45
43, 52
43, 51
43, 47
2, 11
2, 6
2, 4
2, 9
2, 10
2, 5
2, 7
2, 3
2, 8
12, 14
12, 19
12, 18
12, 20
12, 13
12, 16
12, 21
12, 15
12, 17
33, 40
33, 38
33, 42
33, 39
33, 35
33, 37
33, 41
33, 36
33, 34
69, 74
69, 71
69, 73
69, 72
69, 78
69, 75
69, 70
69, 77
69, 76
59, 66
59, 60
59, 63
59, 62
59, 67
59, 65
59, 68
59, 64
59, 61
22, 31
22, 23
22, 30
22, 27
22, 24
22, 28
22, 25
22, 26
22, 29
1, 71
1, 34
1, 12
1, 24
1, 51
1, 2
1, 41
1, 61
1, 18
71, 73
71, 72
71, 74
71, 80
71, 76
71, 75
71, 78
71, 77
71, 79
34, 41
34, 38
34, 50
34, 40
34, 35
34, 39
34, 36
34, 37
34, 47
12, 81
12, 82
12, 83
12, 84
12, 15
12, 17
12, 13
12, 14
12, 16
24, 25
24, 33
24, 26
24, 30
24, 27
24, 31
24, 32
24, 29
24, 28
51, 56
51, 58
51, 52
51, 55
51, 60
51, 57
51, 54
51, 53
51, 59
2, 9
2, 6
2, 4
2, 7
2, 11
2, 10
2, 3
2, 8
2, 5
41, 50
41, 47
41, 49
41, 45
41, 43
41, 42
41, 46
41, 48
41, 44
61, 62
61, 70
61, 64
61, 69
61, 67
61, 63
61, 68
61, 66
61, 65
18, 24
18, 20
18, 22
18, 25
18, 19
18, 23
18, 26
18, 30
18, 21
6, 47
6, 58
6, 7
6, 71
6, 17
6, 37
6, 68
6, 27
6, 50
47, 58
47, 71
47, 68
47, 50
47, 81
47, 48
47, 80
47, 5
47, 49
58, 61
58, 62
58, 66
58, 60
58, 64
58, 65
58, 59
58, 67
58, 63
7, 9
7, 14
7, 13
7, 15
7, 8
7, 16
7, 10
7, 11
7, 12
71, 74
71, 77
71, 75
71, 72
71, 73
71, 78
71, 76
71, 1
71, 79
17, 25
17, 24
17, 26
17, 18
17, 23
17, 22
17, 21
17, 20
17, 19
37, 38
37, 46
37, 40
37, 42
37, 45
37, 39
37, 41
37, 44
37, 43
68, 82
68, 69
68, 2
68, 84
68, 70
68, 83
68, 87
68, 3
68, 4
27, 34
27, 31
27, 32
27, 30
27, 29
27, 28
27, 36
27, 35
27, 33
50, 53
50, 51
50, 54
50, 52
50, 55
50, 86
50, 56
50, 57
50, 85
1, 2
1, 52
1, 62
1, 32
1, 70
1, 91
1, 22
1, 42
1, 81
1, 12
2, 11
2, 3
2, 7
2, 10
2, 6
2, 4
2, 8
2, 5
2, 9
52, 54
52, 53
52, 61
52, 55
52, 56
52, 57
52, 59
52, 58
52, 60
62, 70
62, 65
62, 66
62, 67
62, 80
62, 63
62, 69
62, 68
62, 64
32, 37
32, 39
32, 41
32, 38
32, 34
32, 33
32, 40
32, 36
32, 35
70, 79
70, 74
70, 72
70, 78
70, 77
70, 75
70, 76
70, 73
70, 71
91, 100
91, 92
91, 96
91, 98
91, 99
91, 97
91, 95
91, 94
91, 93
22, 31
22, 24
22, 27
22, 29
22, 23
22, 28
22, 26
22, 30
22, 25
42, 45
42, 48
42, 50
42, 49
42, 51
42, 43
42, 46
42, 47
42, 44
81, 87
81, 88
81, 90
81, 85
81, 89
81, 86
81, 82
81, 84
81, 83
12, 13
12, 21
12, 17
12, 20
12, 15
12, 19
12, 14
12, 16
12, 18
1, 2
1, 32
1, 12
1, 80
1, 50
1, 60
1, 70
1, 37
1, 22
2, 4
2, 9
2, 8
2, 6
2, 5
2, 11
2, 7
2, 3
2, 10
32, 37
32, 49
32, 35
32, 44
32, 34
32, 47
32, 33
32, 48
32, 36
12, 19
12, 16
12, 14
12, 21
12, 20
12, 13
12, 17
12, 15
12, 18
80, 81
80, 84
80, 89
80, 85
80, 86
80, 88
80, 87
80, 82
80, 83
50, 56
50, 57
50, 54
50, 52
50, 55
50, 53
50, 51
50, 59
50, 58
60, 62
60, 69
60, 64
60, 68
60, 67
60, 63
60, 61
60, 65
60, 66
70, 75
70, 71
70, 73
70, 78
70, 79
70, 72
70, 76
70, 74
70, 77
37, 44
37, 38
37, 40
37, 46
37, 43
37, 45
37, 42
37, 41
37, 39
22, 24
22, 27
22, 25
22, 23
22, 30
22, 31
22, 28
22, 26
22, 29
2, 33
2, 34
2, 50
2, 3
2, 68
2, 13
2, 23
2, 60
2, 40
33, 34
33, 50
33, 68
33, 60
33, 78
33, 40
33, 79
33, 67
33, 37
34, 85
34, 84
34, 37
34, 1
34, 36
34, 35
34, 39
34, 81
34, 38
50, 55
50, 57
50, 58
50, 51
50, 54
50, 56
50, 53
50, 52
50, 59
3, 8
3, 10
3, 6
3, 11
3, 4
3, 9
3, 7
3, 12
3, 5
68, 69
68, 73
68, 76
68, 74
68, 70
68, 72
68, 77
68, 71
68, 75
13, 18
13, 15
13, 16
13, 14
13, 19
13, 20
13, 21
13, 17
13, 22
23, 25
23, 26
23, 24
23, 27
23, 30
23, 29
23, 28
23, 32
23, 31
60, 82
60, 61
60, 80
60, 63
60, 66
60, 64
60, 83
60, 65
60, 62
40, 41
40, 49
40, 43
40, 48
40, 44
40, 46
40, 47
40, 42
40, 45
1, 73
1, 12
1, 22
1, 78
1, 59
1, 36
1, 2
1, 47
1, 61
1, 23
73, 78
73, 76
73, 89
73, 91
73, 74
73, 77
73, 75
73, 88
73, 90
12, 19
12, 13
12, 21
12, 17
12, 18
12, 20
12, 15
12, 14
12, 16
22, 36
22, 47
22, 23
22, 57
22, 35
22, 33
22, 58
22, 46
22, 32
78, 86
78, 79
78, 82
78, 87
78, 83
78, 81
78, 84
78, 85
78, 80
59, 73
59, 78
59, 61
59, 93
59, 71
59, 92
59, 72
59, 60
59, 67
36, 44
36, 40
36, 39
36, 38
36, 45
36, 43
36, 42
36, 37
36, 41
2, 7
2, 4
2, 5
2, 3
2, 9
2, 11
2, 8
2, 10
2, 6
47, 48
47, 51
47, 49
47, 56
47, 54
47, 50
47, 53
47, 52
47, 55
61, 67
61, 70
61, 68
61, 63
61, 64
61, 69
61, 62
61, 66
61, 65
23, 30
23, 29
23, 26
23, 27
23, 25
23, 28
23, 24
23, 34
23, 31
13, 29
13, 23
13, 27
13, 26
13, 14
13, 21
13, 28
13, 37
13, 18
29, 37
29, 33
29, 35
29, 38
29, 32
29, 34
29, 30
29, 31
29, 36
23, 25
23, 24
23, 10
23, 43
23, 52
23, 51
23, 42
23, 11
23, 9
27, 48
27, 47
27, 49
27, 22
27, 44
26, 2
26, 40
14, 15
14, 16
14, 17
14, 46
14, 5
14, 6
14, 45
14, 4
14, 41
28, 50
28, 1
28, 29
37, 29
37, 8
37, 7
18, 20
18, 19
18, 39
18, 12
18, 3
9, 41
9, 10
9, 47
9, 60
9, 17
9, 24
9, 72
9, 27
9, 66
41, 47
41, 45
41, 44
41, 57
41, 46
41, 59
41, 42
41, 58
41, 43
10, 15
10, 13
10, 11
10, 8
10, 14
10, 12
10, 16
10, 7
10, 6
47, 56
47, 48
47, 54
47, 50
47, 55
47, 49
47, 53
47, 52
47, 51
60, 62
60, 80
60, 63
60, 64
60, 61
60, 65
60, 81
60, 84
60, 83
17, 22
17, 19
17, 3
17, 18
17, 2
17, 21
17, 20
17, 4
17, 1
24, 27
24, 30
24, 38
24, 26
24, 40
24, 25
24, 37
24, 39
24, 34
72, 75
72, 73
72, 77
72, 69
72, 76
72, 74
72, 71
72, 70
72, 23
27, 34
27, 30
27, 36
27, 29
27, 31
27, 28
27, 33
27, 32
27, 35
66, 68
66, 67
66, 79
66, 78
66, 5
66, 82
4, 25
4, 69
4, 24
4, 35
4, 59
4, 84
4, 79
4, 49
4, 5
4, 14
25, 32
25, 30
25, 27
25, 31
25, 29
25, 26
25, 28
25, 34
25, 33
69, 76
69, 74
69, 78
69, 71
69, 73
69, 70
69, 77
69, 75
69, 72
24, 25
24, 35
24, 46
24, 47
24, 32
24, 39
24, 30
24, 48
24, 45
35, 39
35, 36
35, 43
35, 37
35, 41
35, 44
35, 40
35, 42
35, 38
59, 64
59, 60
59, 65
59, 68
59, 66
59, 63
59, 67
59, 61
59, 62
84, 88
84, 86
84, 2
84, 1
84, 90
84, 87
84, 85
84, 89
84, 91
79, 84
79, 94
79, 83
79, 95
79, 93
79, 80
79, 92
79, 81
79, 82
49, 56
49, 54
49, 52
49, 55
49, 57
49, 50
49, 58
49, 53
49, 51
5, 6
5, 10
5, 8
5, 11
5, 13
5, 9
5, 12
5, 3
5, 7
14, 18
14, 22
14, 20
14, 23
14, 21
14, 17
14, 15
14, 16
14, 19
2, 70
2, 33
2, 36
2, 68
2, 13
2, 81
2, 3
2, 58
2, 23
2, 47
70, 73
70, 71
70, 72
70, 74
70, 76
70, 75
70, 79
70, 77
70, 78
33, 36
33, 47
33, 57
33, 46
33, 35
33, 42
33, 40
33, 1
33, 34
36, 42
36, 41
36, 40
36, 43
36, 37
36, 45
36, 38
36, 44
36, 39
68, 70
68, 69
68, 73
68, 71
68, 72
68, 80
68, 76
68, 74
68, 75
13, 20
13, 15
13, 21
13, 22
13, 18
13, 14
13, 16
13, 19
13, 17
81, 82
81, 89
81, 85
81, 87
81, 88
81, 83
81, 84
81, 86
81, 90
3, 12
3, 4
3, 5
3, 10
3, 6
3, 8
3, 9
3, 11
3, 7
58, 65
58, 66
58, 64
58, 67
58, 60
58, 61
58, 63
58, 59
58, 62
23, 27
23, 31
23, 28
23, 26
23, 30
23, 32
23, 24
23, 25
23, 29
47, 49
47, 54
47, 48
47, 55
47, 50
47, 51
47, 53
47, 52
47, 56
11, 42
11, 74
11, 64
11, 66
11, 45
11, 26
11, 24
11, 12
11, 19
11, 55
42, 74
42, 64
42, 66
42, 45
42, 44
42, 43
42, 63
42, 55
42, 70
74, 77
74, 75
74, 76
74, 79
74, 83
74, 80
74, 78
74, 81
74, 82
64, 66
64, 70
64, 65
64, 67
64, 73
64, 71
64, 69
64, 68
64, 72
66, 9
66, 1
66, 6
66, 10
66, 3
66, 4
66, 2
66, 84
66, 8
45, 54
45, 53
45, 48
45, 51
45, 46
45, 52
45, 50
45, 47
45, 49
26, 27
26, 30
26, 34
26, 33
26, 29
26, 32
26, 31
26, 28
26, 35
24, 26
24, 27
24, 37
24, 40
24, 39
24, 25
24, 36
24, 41
24, 38
12, 14
12, 17
12, 15
12, 13
12, 16
12, 18
19, 22
19, 21
19, 23
19, 20
19, 5
19, 7
55, 62
55, 56
55, 59
55, 61
55, 57
55, 60
55, 58
15, 26
15, 16
15, 31
15, 19
15, 32
15, 21
15, 18
15, 23
15, 17
26, 28
26, 29
26, 27
26, 30
31, 3
31, 7
31, 2
31, 6
31, 12
31, 8
31, 9
31, 10
31, 11
19, 5
19, 20
19, 31
32, 41
32, 36
32, 37
32, 35
32, 40
32, 33
32, 34
32, 39
32, 38
21, 22
21, 45
18, 50
18, 31
18, 4
18, 14
18, 49
23, 25
23, 24
23, 47
23, 42
23, 13
23, 44
23, 43
23, 48
23, 1
17, 46
2, 39
2, 23
2, 78
2, 48
2, 13
2, 68
2, 25
2, 3
2, 58
39, 40
39, 43
39, 44
39, 45
39, 47
39, 42
39, 46
39, 1
39, 41
23, 39
23, 25
23, 35
23, 24
23, 37
23, 36
23, 40
23, 38
23, 43
78, 87
78, 83
78, 85
78, 81
78, 80
78, 84
78, 82
78, 86
78, 79
48, 56
48, 57
48, 55
48, 54
48, 52
48, 51
48, 50
48, 53
48, 49
13, 17
13, 22
13, 20
13, 16
13, 19
13, 21
13, 18
13, 14
13, 15
68, 72
68, 69
68, 74
68, 77
68, 73
68, 75
68, 71
68, 76
68, 70
25, 29
25, 30
25, 33
25, 27
25, 28
25, 32
25, 34
25, 31
25, 26
3, 10
3, 11
3, 4
3, 9
3, 7
3, 5
3, 12
3, 6
3, 8
58, 65
58, 64
58, 62
58, 61
58, 67
58, 63
58, 66
58, 59
58, 60
9, 20
9, 10
9, 55
9, 39
9, 48
9, 32
9, 74
9, 22
9, 66
20, 39
20, 32
20, 22
20, 47
20, 46
20, 21
20, 31
20, 29
20, 30
10, 19
10, 16
10, 13
10, 18
10, 17
10, 14
10, 11
10, 15
10, 8
55, 62
55, 59
55, 61
55, 63
55, 58
55, 57
55, 64
55, 56
55, 60
39, 5
39, 84
39, 43
39, 28
39, 41
39, 44
39, 42
39, 40
39, 45
48, 50
48, 2
48, 49
48, 51
48, 3
48, 54
48, 52
48, 6
48, 53
32, 36
32, 22
32, 34
32, 33
32, 37
32, 38
32, 35
32, 11
32, 7
74, 80
74, 81
74, 76
74, 75
74, 82
74, 83
74, 79
74, 78
74, 77
22, 24
22, 23
22, 7
22, 11
22, 27
22, 26
22, 12
22, 25
22, 4
66, 67
66, 70
66, 69
66, 72
66, 1
66, 68
66, 65
66, 71
66, 73
1, 12
1, 78
1, 35
1, 88
1, 25
1, 15
1, 58
1, 48
1, 68
1, 2
12, 35
12, 25
12, 15
12, 46
12, 14
12, 13
12, 45
12, 44
12, 47
78, 83
78, 81
78, 82
78, 85
78, 87
78, 84
78, 80
78, 86
78, 79
35, 41
35, 36
35, 98
35, 43
35, 39
35, 42
35, 38
35, 37
35, 40
88, 91
88, 90
88, 95
88, 93
88, 96
88, 97
88, 89
88, 92
88, 94
25, 30
25, 27
25, 29
25, 26
25, 28
25, 31
25, 34
25, 32
25, 33
15, 17
15, 24
15, 18
15, 19
15, 20
15, 22
15, 21
15, 23
15, 16
58, 60
58, 67
58, 62
58, 66
58, 59
58, 64
58, 63
58, 61
58, 65
48, 55
48, 51
48, 50
48, 52
48, 56
48, 49
48, 54
48, 53
48, 57
68, 70
68, 72
68, 71
68, 69
68, 75
68, 77
68, 76
68, 73
68, 74
2, 7
2, 4
2, 3
2, 5
2, 8
2, 10
2, 9
2, 11
2, 6
2, 81
2, 52
2, 42
2, 71
2, 62
2, 13
2, 23
2, 32
2, 3
81, 87
81, 88
81, 83
81, 85
81, 90
81, 84
81, 82
81, 86
81, 89
52, 57
52, 59
52, 55
52, 53
52, 54
52, 60
52, 56
52, 58
52, 61
42, 47
42, 49
42, 43
42, 50
42, 48
42, 45
42, 44
42, 51
42, 46
71, 78
71, 80
71, 77
71, 76
71, 75
71, 74
71, 72
71, 73
71, 79
62, 65
62, 63
62, 1
62, 69
62, 64
62, 67
62, 66
62, 68
62, 70
13, 22
13, 19
13, 17
13, 15
13, 14
13, 21
13, 16
13, 20
13, 18
23, 26
23, 29
23, 25
23, 31
23, 30
23, 28
23, 24
23, 27
23, 91
32, 37
32, 36
32, 40
32, 41
32, 38
32, 34
32, 33
32, 39
32, 35
3, 7
3, 6
3, 8
3, 4
3, 10
3, 5
3, 11
3, 12
3, 9
5, 26
5, 85
5, 6
5, 65
5, 55
5, 16
5, 32
5, 92
5, 45
5, 75
26, 32
26, 44
26, 42
26, 30
26, 43
26, 29
26, 28
26, 31
26, 27
85, 92
85, 99
85, 90
85, 87
85, 86
85, 88
85, 98
85, 91
85, 89
6, 14
6, 11
6, 13
6, 8
6, 15
6, 9
6, 10
6, 12
6, 7
65, 73
65, 67
65, 71
65, 70
65, 72
65, 66
65, 74
65, 68
65, 69
55, 57
55, 60
55, 64
55, 62
55, 61
55, 56
55, 59
55, 63
55, 58
16, 25
16, 23
16, 22
16, 20
16, 24
16, 17
16, 21
16, 19
16, 18
32, 38
32, 41
32, 33
32, 40
32, 37
32, 35
32, 39
32, 34
32, 36
92, 94
92, 3
92, 2
92, 1
92, 4
92, 95
92, 96
92, 93
92, 97
45, 52
45, 51
45, 49
45, 50
45, 54
45, 53
45, 47
45, 48
45, 46
75, 82
75, 81
75, 83
75, 76
75, 79
75, 77
75, 80
75, 78
75, 84
1, 42
1, 12
1, 59
1, 22
1, 81
1, 32
1, 71
1, 52
1, 2
42, 51
42, 48
42, 47
42, 46
42, 50
42, 44
42, 49
42, 43
42, 45
12, 19
12, 18
12, 21
12, 17
12, 15
12, 13
12, 20
12, 14
12, 16
59, 63
59, 66
59, 65
59, 60
59, 67
59, 62
59, 61
59, 64
59, 68
22, 29
22, 30
22, 27
22, 24
22, 26
22, 23
22, 28
22, 25
22, 31
81, 89
81, 84
81, 86
81, 82
81, 87
81, 88
81, 90
81, 83
81, 85
32, 36
32, 35
32, 34
32, 40
32, 37
32, 38
32, 39
32, 41
32, 33
71, 80
71, 78
71, 75
71, 79
71, 77
71, 74
71, 76
71, 73
71, 72
52, 59
52, 54
52, 56
52, 58
52, 53
52, 55
52, 69
52, 57
52, 70
2, 11
2, 9
2, 6
2, 7
2, 5
2, 8
2, 4
2, 10
2, 3
14, 36
14, 54
14, 64
14, 71
14, 15
14, 46
14, 28
14, 81
14, 24
36, 38
36, 42
36, 45
36, 44
36, 40
36, 39
36, 37
36, 43
36, 41
54, 63
54, 59
54, 60
54, 58
54, 56
54, 57
54, 61
54, 55
54, 62
64, 65
64, 66
64, 1
64, 68
64, 70
64, 67
64, 5
64, 69
64, 13
71, 75
71, 80
71, 73
71, 76
71, 77
71, 79
71, 78
71, 74
71, 72
15, 20
15, 21
15, 2
15, 23
15, 16
15, 22
15, 17
15, 18
15, 19
46, 6
46, 48
46, 51
46, 50
46, 47
46, 53
46, 49
46, 52
46, 9
28, 32
28, 29
28, 11
28, 33
28, 34
28, 31
28, 12
28, 30
28, 35
81, 85
81, 86
81, 84
81, 82
81, 83
81, 89
81, 88
81, 90
81, 87
24, 25
24, 26
24, 27
24, 4
24, 3
24, 8
24, 10
24, 7
24, 91
1, 57
1, 70
1, 22
1, 43
1, 33
1, 12
1, 2
1, 67
1, 81
1, 23
57, 62
57, 65
57, 59
57, 64
57, 58
57, 66
57, 60
57, 63
57, 61
70, 77
70, 78
70, 75
70, 76
70, 79
70, 74
70, 71
70, 73
70, 72
22, 57
22, 33
22, 54
22, 43
22, 53
22, 62
22, 23
22, 55
22, 56
43, 45
43, 52
43, 49
43, 50
43, 46
43, 48
43, 44
43, 47
43, 51
33, 42
33, 41
33, 34
33, 35
33, 36
33, 40
33, 38
33, 39
33, 37
12, 17
12, 15
12, 20
12, 13
12, 16
12, 19
12, 21
12, 18
12, 14
2, 6
2, 10
2, 11
2, 5
2, 8
2, 4
2, 3
2, 7
2, 9
67, 70
67, 69
67, 81
67, 68
67, 93
67, 80
67, 92
67, 94
67, 91
81, 90
81, 85
81, 86
81, 89
81, 82
81, 87
81, 84
81, 83
81, 88
23, 25
23, 29
23, 30
23, 24
23, 27
23, 28
23, 32
23, 31
23, 26
2, 58
2, 35
2, 66
2, 60
2, 45
2, 3
2, 9
2, 50
2, 29
2, 25
58, 59
58, 66
58, 69
58, 1
35, 37
35, 36
35, 33
35, 38
66, 67
60, 66
60, 65
60, 69
60, 63
60, 61
60, 68
60, 62
60, 64
45, 46
45, 47
45, 43
45, 40
45, 41
45, 56
45, 44
3, 9
3, 25
3, 7
3, 8
3, 27
3, 5
3, 19
3, 23
3, 21
9, 11
9, 12
9, 17
9, 13
9, 18
9, 14
9, 16
9, 10
9, 15
50, 53
50, 55
50, 52
50, 54
50, 51
50, 42
50, 57
50, 49
50, 48
29, 35
29, 34
29, 39
29, 31
29, 33
29, 37
29, 32
29, 36
29, 30
25, 26
25, 28
25, 6
25, 24
25, 4
25, 22
25, 20
1, 82
1, 27
1, 49
1, 38
1, 62
1, 48
1, 12
1, 2
1, 72
1, 14
82, 86
82, 90
82, 89
82, 88
82, 87
82, 85
82, 83
82, 84
82, 91
27, 31
27, 30
27, 32
27, 35
27, 33
27, 29
27, 36
27, 34
27, 28
49, 53
49, 56
49, 55
49, 50
49, 52
49, 57
49, 58
49, 54
49, 51
38, 41
38, 46
38, 43
38, 39
38, 40
38, 44
38, 47
38, 42
38, 45
62, 66
62, 67
62, 69
62, 64
62, 80
62, 63
62, 92
62, 65
62, 68
48, 82
48, 49
48, 62
48, 72
48, 70
48, 61
48, 60
48, 71
48, 59
12, 27
12, 14
12, 37
12, 25
12, 31
12, 26
12, 24
12, 30
12, 13
2, 11
2, 9
2, 7
2, 10
2, 8
2, 3
2, 6
2, 5
2, 4
72, 80
72, 81
72, 77
72, 76
72, 79
72, 75
72, 78
72, 73
72, 74
14, 16
14, 20
14, 23
14, 15
14, 17
14, 22
14, 18
14, 19
14, 21
1, 22
1, 32
1, 72
1, 12
1, 82
1, 2
1, 52
1, 63
1, 92
1, 42
22, 31
22, 24
22, 29
22, 23
22, 27
22, 28
22, 30
22, 26
22, 25
32, 37
32, 36
32, 40
32, 39
32, 38
32, 33
32, 41
32, 34
32, 35
72, 77
72, 75
72, 80
72, 79
72, 76
72, 81
72, 78
72, 73
72, 74
12, 21
12, 18
12, 20
12, 19
12, 15
12, 16
12, 17
12, 13
12, 14
82, 86
82, 85
82, 91
82, 88
82, 90
82, 89
82, 83
82, 84
82, 87
2, 7
2, 11
2, 8
2, 3
2, 6
2, 9
2, 10
2, 4
2, 5
52, 57
52, 55
52, 61
52, 54
52, 58
52, 56
52, 60
52, 59
52, 53
63, 70
63, 71
63, 64
63, 66
63, 62
63, 67
63, 69
63, 65
63, 68
92, 98
92, 101
92, 99
92, 97
92, 94
92, 100
92, 95
92, 96
92, 93
42, 51
42, 47
42, 43
42, 46
42, 49
42, 48
42, 50
42, 44
42, 45
2, 61
2, 87
2, 52
2, 81
2, 13
2, 3
2, 42
2, 23
2, 71
2, 32
61, 65
61, 67
61, 69
61, 70
61, 64
61, 62
61, 63
61, 66
61, 68
87, 88
87, 91
87, 93
87, 92
87, 95
87, 90
87, 89
87, 94
87, 96
52, 60
52, 54
52, 56
52, 59
52, 58
52, 55
52, 98
52, 53
52, 57
81, 87
81, 84
81, 83
81, 97
81, 88
81, 85
81, 86
81, 82
81, 91
13, 22
13, 14
13, 20
13, 18
13, 16
13, 21
13, 17
13, 19
13, 15
3, 12
3, 6
3, 11
3, 4
3, 7
3, 8
3, 10
3, 5
3, 9
42, 49
42, 46
42, 47
42, 51
42, 50
42, 48
42, 44
42, 45
42, 43
23, 25
23, 27
23, 26
23, 24
23, 28
23, 31
23, 29
23, 1
23, 30
71, 73
71, 75
71, 80
71, 79
71, 78
71, 77
71, 76
71, 72
71, 74
32, 38
32, 34
32, 36
32, 41
32, 33
32, 37
32, 40
32, 39
32, 35
3, 31
3, 4
3, 24
3, 52
3, 55
3, 16
3, 6
3, 35
3, 44
31, 37
31, 35
31, 33
31, 36
31, 34
31, 40
31, 32
31, 38
31, 39
4, 5
24, 25
24, 26
24, 28
24, 29
24, 27
24, 61
24, 30
24, 60
24, 59
52, 63
52, 1
52, 54
55, 50
55, 56
55, 57
55, 58
55, 2
55, 62
55, 49
16, 17
16, 22
16, 21
16, 19
16, 18
16, 20
16, 23
6, 10
6, 11
6, 8
6, 7
6, 13
6, 15
6, 12
6, 14
6, 9
35, 37
35, 36
35, 39
35, 38
35, 41
35, 42
35, 43
44, 52
44, 53
44, 46
44, 55
44, 51
44, 48
44, 45
44, 50
44, 47
4, 50
4, 21
4, 67
4, 55
4, 5
4, 77
4, 30
4, 40
4, 12
50, 55
50, 53
50, 52
50, 65
50, 54
50, 64
50, 66
50, 51
50, 85
21, 30
21, 24
21, 29
21, 27
21, 28
21, 23
21, 22
21, 25
21, 26
67, 74
67, 70
67, 72
67, 69
67, 76
67, 68
67, 71
67, 75
67, 73
55, 86
55, 61
55, 56
55, 63
55, 59
55, 58
55, 60
55, 57
55, 62
5, 12
5, 10
5, 7
5, 9
5, 15
5, 19
5, 6
5, 11
5, 8
77, 80
77, 3
77, 82
77, 81
77, 83
77, 79
77, 84
77, 78
77, 2
30, 31
30, 32
30, 38
30, 33
30, 34
30, 37
30, 39
30, 35
30, 36
40, 43
40, 45
40, 44
40, 49
40, 41
40, 46
40, 42
40, 47
40, 48
12, 19
12, 15
12, 1
12, 17
12, 16
12, 20
12, 18
12, 14
12, 13
20, 31
20, 33
20, 24
20, 29
20, 21
20, 30
20, 27
20, 28
20, 10
31, 32
31, 64
31, 57
31, 59
31, 70
31, 69
31, 73
31, 58
31, 60
33, 8
33, 9
33, 56
33, 2
33, 3
33, 54
33, 53
33, 65
33, 55
24, 26
24, 25
24, 44
24, 50
24, 36
24, 47
24, 35
24, 51
24, 42
29, 61
21, 67
21, 22
21, 23
21, 43
21, 45
21, 66
21, 68
21, 6
21, 46
30, 52
30, 4
27, 41
27, 5
27, 72
27, 40
27, 62
27, 37
27, 34
27, 71
27, 63
28, 1
28, 48
28, 38
28, 39
28, 7
28, 49
10, 14
10, 19
10, 18
10, 13
10, 16
10, 11
10, 15
10, 12
10, 17
1, 52
1, 67
1, 12
1, 22
1, 54
1, 77
1, 32
1, 2
1, 42
52, 67
52, 77
52, 54
52, 64
52, 65
52, 53
52, 66
52, 87
52, 71
67, 71
67, 73
67, 69
67, 74
67, 70
67, 76
67, 68
67, 75
67, 72
12, 21
12, 16
12, 17
12, 19
12, 15
12, 20
12, 14
12, 13
12, 18
22, 24
22, 31
22, 28
22, 29
22, 27
22, 25
22, 30
22, 26
22, 23
54, 62
54, 56
54, 60
54, 61
54, 58
54, 55
54, 57
54, 59
54, 63
77, 78
77, 85
77, 86
77, 84
77, 79
77, 82
77, 80
77, 81
77, 83
32, 41
32, 34
32, 40
32, 39
32, 38
32, 33
32, 35
32, 37
32, 36
2, 4
2, 7
2, 10
2, 6
2, 8
2, 3
2, 11
2, 5
2, 9
42, 45
42, 49
42, 50
42, 47
42, 44
42, 46
42, 43
42, 48
42, 51
4, 18
4, 14
4, 6
4, 31
4, 28
4, 30
4, 13
4, 22
4, 20
18, 19
18, 61
18, 62
18, 56
18, 35
18, 39
18, 40
18, 60
18, 2
14, 15
14, 16
14, 17
14, 51
14, 46
14, 5
14, 26
14, 49
14, 27
6, 12
6, 8
6, 10
6, 9
6, 7
6, 11
6, 50
6, 58
6, 38
31, 34
31, 63
31, 32
31, 33
31, 57
31, 36
31, 1
31, 64
31, 45
28, 30
28, 29
13, 48
13, 41
13, 47
13, 59
22, 23
22, 24
22, 25
22, 53
22, 52
22, 55
22, 54
22, 37
22, 3
20, 21
20, 42
20, 44
20, 43
1, 2
1, 15
1, 56
1, 26
1, 66
1, 76
1, 86
1, 36
1, 46
1, 3
2, 26
2, 56
2, 3
2, 76
2, 15
2, 66
2, 14
2, 13
2, 25
15, 22
15, 21
15, 24
15, 18
15, 16
15, 20
15, 23
15, 19
15, 17
56, 57
56, 60
56, 64
56, 62
56, 65
56, 59
56, 58
56, 61
56, 63
26, 29
26, 28
26, 27
26, 34
26, 30
26, 31
26, 35
26, 33
26, 32
66, 67
66, 69
66, 75
66, 70
66, 68
66, 74
66, 73
66, 72
66, 71
76, 77
76, 78
76, 85
76, 83
76, 84
76, 82
76, 81
76, 80
76, 79
86, 88
86, 93
86, 94
86, 91
86, 87
86, 90
86, 92
86, 89
86, 95
36, 44
36, 45
36, 37
36, 41
36, 40
36, 39
36, 38
36, 42
36, 43
46, 50
46, 47
46, 51
46, 49
46, 48
46, 53
46, 55
46, 54
46, 52
3, 4
3, 6
3, 7
3, 12
3, 9
3, 11
3, 8
3, 5
3, 10
1, 2
1, 22
1, 79
1, 89
1, 51
1, 67
1, 30
1, 41
1, 61
1, 12
2, 6
2, 10
2, 5
2, 7
2, 11
2, 4
2, 8
2, 3
2, 9
22, 30
22, 28
22, 29
22, 24
22, 26
22, 23
22, 27
22, 25
22, 40
79, 82
79, 88
79, 84
79, 83
79, 87
79, 85
79, 81
79, 80
79, 86
89, 96
89, 94
89, 98
89, 91
89, 97
89, 93
89, 95
89, 90
89, 92
51, 57
51, 55
51, 56
51, 59
51, 58
51, 54
51, 60
51, 53
51, 52
67, 75
67, 69
67, 73
67, 71
67, 70
67, 72
67, 74
67, 68
67, 76
30, 39
30, 31
30, 34
30, 35
30, 33
30, 36
30, 37
30, 38
30, 32
41, 47
41, 44
41, 45
41, 43
41, 42
41, 50
41, 46
41, 49
41, 48
61, 67
61, 64
61, 66
61, 75
61, 78
61, 62
61, 63
61, 77
61, 65
12, 15
12, 18
12, 19
12, 16
12, 20
12, 17
12, 14
12, 13
12, 21
2, 75
2, 63
2, 66
2, 3
2, 86
2, 23
2, 13
2, 43
2, 53
2, 33
75, 77
75, 79
75, 78
75, 81
75, 76
75, 80
75, 84
75, 82
75, 83
63, 75
63, 66
63, 77
63, 78
63, 65
63, 68
63, 79
63, 85
63, 64
66, 68
66, 71
66, 69
66, 70
66, 74
66, 67
66, 72
66, 73
66, 1
3, 8
3, 5
3, 7
3, 4
3, 11
3, 12
3, 9
3, 10
3, 6
86, 94
86, 87
86, 93
86, 95
86, 91
86, 89
86, 90
86, 88
86, 92
23, 30
23, 25
23, 26
23, 31
23, 28
23, 29
23, 32
23, 27
23, 24
13, 22
13, 21
13, 15
13, 20
13, 17
13, 19
13, 18
13, 16
13, 14
43, 52
43, 44
43, 47
43, 48
43, 51
43, 50
43, 46
43, 45
43, 49
53, 55
53, 62
53, 56
53, 59
53, 54
53, 61
53, 58
53, 57
53, 60
33, 37
33, 36
33, 42
33, 41
33, 38
33, 40
33, 34
33, 39
33, 35
3, 32
3, 55
3, 29
3, 71
3, 52
3, 4
3, 42
3, 30
3, 16
3, 21
32, 33
32, 39
32, 40
32, 37
32, 36
32, 35
32, 41
32, 38
32, 34
55, 59
55, 63
55, 62
55, 58
55, 61
55, 57
55, 60
55, 64
55, 56
29, 32
29, 55
29, 52
29, 71
29, 30
29, 42
29, 82
29, 70
29, 81
71, 74
71, 80
71, 79
71, 76
71, 78
71, 73
71, 77
71, 72
71, 75
52, 55
52, 68
52, 66
52, 67
52, 69
52, 53
52, 65
52, 54
52, 59
4, 7
4, 11
4, 12
4, 8
4, 10
4, 13
4, 6
4, 9
4, 5
42, 50
42, 51
42, 46
42, 43
42, 44
42, 47
42, 48
42, 49
42, 45
30, 32
30, 42
30, 33
30, 39
30, 40
30, 31
30, 37
30, 36
30, 50
16, 21
16, 17
16, 15
16, 18
16, 14
16, 26
16, 20
16, 23
16, 2
21, 26
21, 23
21, 22
21, 24
21, 25
21, 27
21, 28
21, 1
21, 19
1, 62
1, 22
1, 42
1, 82
1, 92
1, 52
1, 72
1, 12
1, 2
1, 32
62, 69
62, 65
62, 68
62, 63
62, 66
62, 67
62, 71
62, 70
62, 64
22, 31
22, 30
22, 28
22, 26
22, 27
22, 23
22, 29
22, 24
22, 25
42, 45
42, 47
42, 43
42, 46
42, 44
42, 48
42, 50
42, 51
42, 49
82, 88
82, 85
82, 87
82, 83
82, 84
82, 89
82, 91
82, 90
82, 86
92, 101
92, 96
92, 97
92, 100
92, 94
92, 98
92, 95
92, 99
92, 93
52, 55
52, 59
52, 61
52, 58
52, 54
52, 60
52, 53
52, 57
52, 56
72, 79
72, 77
72, 78
72, 75
72, 76
72, 81
72, 73
72, 80
72, 74
12, 13
12, 19
12, 21
12, 20
12, 14
12, 16
12, 17
12, 18
12, 15
2, 5
2, 3
2, 8
2, 10
2, 9
2, 4
2, 6
2, 7
2, 11
32, 38
32, 37
32, 39
32, 36
32, 40
32, 41
32, 35
32, 34
32, 33
2, 67
2, 60
2, 19
2, 78
2, 43
2, 10
2, 28
2, 17
2, 3
2, 54
67, 72
67, 73
67, 71
67, 74
67, 76
67, 70
67, 69
67, 75
67, 68
60, 67
60, 78
60, 77
60, 66
60, 1
60, 62
60, 65
60, 61
60, 63
19, 28
19, 24
19, 20
19, 21
19, 25
19, 23
19, 27
19, 26
19, 22
78, 64
43, 45
43, 44
43, 52
43, 50
43, 47
43, 49
43, 51
43, 48
43, 46
10, 11
10, 13
10, 16
10, 8
10, 14
10, 3
10, 9
10, 12
10, 15
28, 29
28, 32
28, 35
28, 37
28, 33
28, 31
28, 36
28, 34
28, 30
17, 19
17, 28
17, 43
17, 54
17, 18
17, 45
17, 58
17, 41
17, 42
3, 6
3, 4
3, 5
3, 7
54, 58
54, 57
54, 55
54, 56
54, 38
54, 53
54, 59
54, 39
54, 40
1, 13
1, 12
1, 33
1, 60
1, 43
1, 53
1, 23
1, 2
1, 81
1, 71
13, 16
13, 18
13, 20
13, 14
13, 15
13, 17
13, 19
13, 22
13, 21
12, 13
12, 33
12, 60
12, 43
12, 23
12, 53
12, 71
12, 81
12, 70
33, 40
33, 41
33, 35
33, 37
33, 39
33, 36
33, 42
33, 38
33, 34
60, 62
60, 66
60, 68
60, 61
60, 69
60, 67
60, 65
60, 64
60, 63
43, 48
43, 50
43, 44
43, 49
43, 51
43, 45
43, 46
43, 47
43, 52
53, 60
53, 54
53, 57
53, 55
53, 56
53, 58
53, 62
53, 68
53, 59
23, 27
23, 28
23, 31
23, 29
23, 32
23, 24
23, 30
23, 26
23, 25
2, 3
2, 5
2, 9
2, 6
2, 11
2, 8
2, 7
2, 4
2, 10
81, 87
81, 85
81, 82
81, 90
81, 89
81, 86
81, 83
81, 88
81, 84
71, 75
71, 73
71, 80
71, 74
71, 78
71, 77
71, 76
71, 79
71, 72
1, 59
1, 26
1, 79
1, 6
1, 16
1, 40
1, 2
1, 50
1, 30
1, 69
59, 64
59, 61
59, 60
59, 65
59, 63
59, 68
59, 67
59, 62
59, 66
26, 40
26, 30
26, 27
26, 29
26, 49
26, 35
26, 28
26, 41
26, 32
79, 80
79, 81
79, 82
79, 85
79, 86
79, 84
79, 90
79, 87
79, 83
6, 12
6, 11
6, 10
6, 8
6, 14
6, 9
6, 13
6, 15
6, 7
16, 17
16, 22
16, 23
16, 20
16, 24
16, 18
16, 25
16, 19
16, 21
40, 49
40, 43
40, 41
40, 46
40, 44
40, 47
40, 42
40, 45
40, 48
2, 88
2, 3
2, 4
2, 89
50, 51
50, 54
50, 57
50, 55
50, 56
50, 5
50, 52
50, 53
50, 58
30, 35
30, 32
30, 34
30, 36
30, 38
30, 33
30, 39
30, 37
30, 31
69, 75
69, 72
69, 77
69, 74
69, 71
69, 73
69, 76
69, 78
69, 70
1, 56
1, 68
1, 29
1, 46
1, 10
1, 2
1, 16
1, 57
1, 30
1, 40
56, 68
56, 57
56, 80
56, 67
56, 79
56, 58
56, 78
56, 82
56, 81
68, 73
68, 71
68, 77
68, 74
68, 70
68, 72
68, 75
68, 76
68, 69
29, 56
29, 68
29, 46
29, 57
29, 30
29, 40
29, 67
29, 47
29, 83
46, 47
46, 54
46, 50
46, 51
46, 48
46, 52
46, 55
46, 49
46, 53
10, 16
10, 15
10, 13
10, 12
10, 27
10, 26
10, 11
10, 28
10, 14
2, 3
2, 4
2, 84
2, 5
2, 85
2, 6
2, 9
2, 8
2, 7
16, 18
16, 20
16, 22
16, 25
16, 23
16, 17
16, 21
16, 24
16, 19
57, 58
57, 60
57, 62
57, 66
57, 59
57, 65
57, 63
57, 61
57, 64
30, 35
30, 36
30, 34
30, 33
30, 39
30, 38
30, 32
30, 31
30, 37
40, 46
40, 47
40, 41
40, 45
40, 44
40, 54
40, 43
40, 50
40, 42
4, 66
4, 5
4, 15
4, 32
4, 43
4, 25
4, 36
4, 51
4, 56
66, 72
66, 68
66, 74
66, 71
66, 70
66, 69
66, 75
66, 67
66, 73
5, 7
5, 9
5, 13
5, 14
5, 6
5, 12
5, 11
5, 8
5, 10
15, 23
15, 16
15, 19
15, 21
15, 20
15, 17
15, 22
15, 24
15, 18
32, 36
32, 35
32, 38
32, 33
32, 37
32, 39
32, 34
32, 42
32, 41
43, 46
43, 45
43, 48
43, 49
43, 44
43, 50
43, 78
43, 47
43, 76
25, 28
25, 77
25, 29
25, 30
25, 26
25, 31
25, 2
25, 27
25, 1
36, 37
36, 38
36, 40
36, 3
51, 55
51, 54
51, 53
51, 52
56, 65
56, 64
56, 58
56, 62
56, 61
56, 57
56, 59
56, 63
56, 60
21, 52
21, 63
21, 62
21, 24
21, 45
21, 22
21, 51
21, 80
21, 38
21, 34
52, 54
52, 55
52, 59
52, 58
52, 61
52, 53
52, 57
52, 56
52, 60
63, 69
63, 71
63, 68
63, 65
63, 70
63, 72
63, 64
63, 67
63, 66
62, 63
62, 78
62, 69
62, 73
62, 76
62, 79
62, 74
62, 77
62, 75
24, 25
24, 29
24, 30
24, 28
24, 26
24, 31
24, 32
24, 33
24, 27
45, 50
45, 48
45, 7
45, 47
45, 49
45, 1
45, 46
45, 9
45, 6
22, 16
22, 23
22, 17
22, 5
22, 19
22, 15
22, 18
80, 82
80, 81
80, 2
80, 20
38, 39
38, 40
38, 44
38, 43
38, 42
38, 63
38, 41
38, 3
38, 8
34, 35
34, 37
34, 36
34, 11
34, 13
34, 4
34, 10
34, 12
34, 14
27, 53
27, 63
27, 64
27, 42
27, 48
27, 28
27, 82
27, 35
27, 49
27, 32
53, 55
53, 56
53, 60
53, 59
53, 62
53, 54
53, 58
53, 57
53, 61
63, 64
63, 79
63, 70
63, 74
63, 77
63, 80
63, 75
63, 78
63, 76
64, 70
64, 72
64, 69
64, 66
64, 71
64, 73
64, 65
64, 68
64, 67
42, 47
42, 45
42, 15
42, 44
42, 46
42, 1
42, 43
42, 17
42, 7
28, 29
28, 31
28, 30
28, 20
28, 22
28, 5
28, 18
28, 21
28, 23
82, 84
82, 83
82, 3
82, 26
35, 36
35, 37
35, 41
35, 40
35, 39
35, 64
35, 38
35, 4
35, 16
49, 52
49, 50
49, 51
49, 8
49, 13
49, 10
49, 14
49, 81
49, 2
32, 34
32, 33
32, 12
32, 9
32, 25
32, 19
32, 11
32, 24
32, 6
14, 21
14, 33
14, 15
14, 27
14, 31
14, 55
14, 46
14, 54
14, 35
21, 25
21, 24
21, 22
21, 23
21, 30
21, 8
33, 34
33, 2
33, 1
15, 19
15, 16
15, 17
15, 20
15, 18
15, 5
15, 6
15, 10
15, 9
27, 29
27, 28
27, 7
27, 11
27, 26
27, 12
31, 33
31, 55
31, 46
31, 54
31, 57
31, 44
31, 35
31, 58
31, 59
55, 56
55, 13
55, 4
46, 53
46, 43
46, 51
46, 48
46, 49
46, 47
46, 32
46, 52
46, 50
35, 41
35, 42
35, 3
35, 39
35, 36
35, 37
35, 38
35, 40
35, 45
2, 60
2, 3
2, 62
2, 21
2, 74
2, 41
2, 31
2, 5
2, 51
60, 62
60, 74
60, 73
60, 72
60, 61
60, 86
60, 85
60, 87
60, 84
3, 5
3, 4
3, 18
3, 16
3, 15
3, 6
3, 19
3, 17
3, 20
62, 68
62, 65
62, 63
62, 71
62, 70
62, 64
62, 67
62, 66
62, 69
21, 28
21, 27
21, 30
21, 23
21, 25
21, 26
21, 29
21, 24
21, 22
74, 77
74, 80
74, 79
74, 82
74, 78
74, 76
74, 81
74, 75
74, 83
41, 48
41, 47
41, 44
41, 49
41, 46
41, 42
41, 50
41, 45
41, 43
31, 39
31, 34
31, 37
31, 35
31, 38
31, 33
31, 36
31, 40
31, 32
5, 6
5, 14
5, 13
5, 12
5, 10
5, 8
5, 11
5, 7
5, 9
51, 55
51, 59
51, 53
51, 57
51, 52
51, 54
51, 58
51, 1
51, 56
24, 42
24, 66
24, 26
24, 38
24, 52
24, 79
24, 62
24, 76
24, 25
42, 49
42, 45
42, 50
42, 43
42, 46
42, 44
42, 51
42, 48
42, 47
66, 73
66, 75
66, 67
66, 74
66, 69
66, 72
66, 71
66, 70
66, 68
26, 2
26, 27
26, 85
26, 30
26, 32
26, 28
26, 29
26, 31
26, 1
38, 41
38, 39
38, 61
38, 40
38, 11
38, 12
38, 65
38, 3
38, 16
52, 9
52, 54
52, 55
52, 58
52, 53
52, 57
52, 56
52, 10
52, 19
79, 84
79, 81
79, 80
79, 83
79, 17
79, 22
79, 82
79, 15
79, 23
62, 49
62, 63
62, 64
62, 59
62, 86
62, 60
62, 5
62, 18
62, 20
76, 78
76, 77
76, 13
76, 21
76, 4
76, 80
76, 14
25, 26
25, 33
25, 6
25, 37
25, 7
25, 36
25, 34
25, 35
25, 8
1, 45
1, 30
1, 19
1, 5
1, 2
1, 7
1, 25
1, 17
1, 4
1, 3
45, 54
45, 53
45, 47
45, 51
45, 52
45, 48
45, 50
45, 46
45, 49
30, 39
30, 34
30, 31
30, 33
30, 32
30, 35
30, 38
30, 36
30, 37
19, 25
19, 24
19, 22
19, 27
19, 20
19, 29
19, 23
19, 21
19, 26
5, 41
5, 71
5, 42
2, 59
2, 61
2, 64
2, 62
2, 58
7, 14
7, 16
7, 9
7, 12
7, 8
7, 15
7, 10
7, 11
7, 13
25, 69
25, 27
25, 26
25, 28
25, 68
25, 67
17, 18
17, 66
17, 65
17, 70
4, 60
4, 63
4, 40
4, 57
4, 56
4, 55
3, 4
3, 57
3, 44
3, 43
3, 56
3, 6
3, 55
1, 5
1, 14
1, 21
1, 13
1, 27
1, 4
1, 3
1, 8
1, 2
5, 12
5, 8
5, 48
5, 10
5, 7
5, 11
5, 47
5, 9
5, 6
14, 41
14, 51
14, 16
14, 19
14, 15
14, 42
14, 18
14, 20
14, 17
21, 45
21, 22
13, 37
27, 34
27, 36
27, 31
27, 30
27, 28
27, 32
27, 35
27, 33
27, 29
4, 47
4, 25
4, 26
4, 43
3, 39
3, 24
3, 50
3, 40
3, 23
8, 11
2, 38
2, 49
2, 44
2, 46
2, 23
1, 2
1, 45
1, 22
1, 26
1, 55
1, 39
1, 12
1, 36
1, 65
2, 5
2, 11
2, 4
2, 10
2, 8
2, 7
2, 6
2, 3
2, 9
45, 48
45, 49
45, 51
45, 52
45, 50
45, 53
45, 46
45, 54
45, 47
22, 25
22, 74
22, 24
22, 23
22, 80
22, 76
22, 77
22, 78
22, 75
26, 33
26, 29
26, 35
26, 27
26, 34
26, 31
26, 30
26, 32
26, 28
55, 58
55, 62
55, 59
55, 61
55, 64
55, 56
55, 63
55, 57
55, 60
39, 55
39, 45
39, 40
39, 42
39, 48
39, 43
39, 44
39, 49
39, 41
12, 19
12, 17
12, 15
12, 14
12, 21
12, 18
12, 20
12, 16
12, 13
36, 38
36, 82
36, 37
36, 71
36, 86
36, 84
36, 83
36, 85
65, 67
65, 66
65, 69
65, 72
65, 70
65, 79
65, 68
65, 81
65, 73
1, 22
1, 66
1, 77
1, 87
1, 26
1, 56
1, 12
1, 2
1, 46
1, 36
22, 66
22, 56
22, 26
22, 36
22, 46
22, 23
22, 25
22, 76
22, 24
66, 69
66, 71
66, 73
66, 68
66, 74
66, 70
66, 75
66, 67
66, 72
77, 84
77, 82
77, 79
77, 85
77, 80
77, 86
77, 78
77, 81
77, 83
87, 93
87, 90
87, 96
87, 89
87, 94
87, 92
87, 95
87, 91
87, 88
26, 30
26, 31
26, 34
26, 32
26, 27
26, 35
26, 29
26, 28
26, 33
56, 58
56, 61
56, 57
56, 60
56, 62
56, 64
56, 63
56, 59
56, 65
12, 15
12, 13
12, 14
12, 18
12, 21
12, 20
12, 19
12, 17
12, 16
2, 11
2, 9
2, 5
2, 10
2, 3
2, 4
2, 6
2, 8
2, 7
46, 48
46, 55
46, 53
46, 50
46, 49
46, 47
46, 52
46, 51
46, 54
36, 43
36, 44
36, 39
36, 42
36, 40
36, 38
36, 45
36, 41
36, 37
1, 22
1, 61
1, 72
1, 51
1, 23
1, 82
1, 41
1, 28
1, 3
1, 12
22, 61
22, 51
22, 23
22, 28
22, 41
22, 40
22, 71
22, 39
22, 60
61, 67
61, 66
61, 68
61, 64
61, 70
61, 69
61, 63
61, 65
61, 62
72, 78
72, 75
72, 80
72, 77
72, 79
72, 74
72, 73
72, 81
72, 76
51, 60
51, 59
51, 53
51, 54
51, 55
51, 52
51, 56
51, 57
51, 58
23, 28
23, 38
23, 30
23, 24
23, 25
23, 27
23, 26
23, 32
23, 35
82, 85
82, 83
82, 88
82, 84
82, 90
82, 86
82, 87
82, 89
82, 91
41, 46
41, 50
41, 45
41, 49
41, 44
41, 47
41, 42
41, 43
41, 48
28, 30
28, 37
28, 29
28, 31
28, 35
28, 33
28, 32
28, 34
28, 36
3, 9
3, 5
3, 6
3, 8
3, 7
3, 4
3, 10
3, 11
3, 2
12, 18
12, 20
12, 19
12, 16
12, 14
12, 13
12, 21
12, 15
12, 17
3, 24
3, 6
3, 28
3, 18
3, 4
3, 10
3, 30
3, 15
3, 32
24, 27
24, 50
24, 25
24, 26
24, 40
24, 31
24, 51
24, 42
24, 41
6, 9
6, 8
6, 7
6, 39
6, 2
6, 43
6, 36
6, 35
6, 38
28, 29
28, 12
28, 14
28, 47
28, 45
28, 48
28, 13
28, 46
28, 20
18, 20
18, 19
4, 6
4, 28
4, 15
4, 18
4, 24
4, 10
4, 5
4, 11
4, 32
10, 1
10, 23
10, 34
10, 49
10, 22
15, 18
15, 21
15, 20
15, 19
15, 17
15, 16
15, 37
15, 44
15, 33
12, 70
12, 14
12, 80
12, 60
12, 50
12, 23
12, 40
12, 29
12, 2
70, 77
70, 73
70, 76
70, 71
70, 74
70, 75
70, 79
70, 78
70, 72
14, 20
14, 15
14, 16
14, 1
14, 19
14, 21
14, 18
14, 17
14, 28
80, 89
80, 84
80, 85
80, 88
80, 82
80, 86
80, 83
80, 87
80, 81
60, 63
60, 65
60, 61
60, 64
60, 62
60, 66
60, 68
60, 69
60, 67
50, 55
50, 58
50, 59
50, 56
50, 54
50, 53
50, 52
50, 51
50, 57
23, 24
23, 14
23, 27
23, 25
23, 22
23, 39
23, 26
23, 13
23, 1
40, 44
40, 45
40, 42
40, 49
40, 47
40, 48
40, 41
40, 46
40, 43
29, 37
29, 34
29, 32
29, 33
29, 35
29, 36
29, 38
29, 31
29, 30
2, 11
2, 8
2, 10
2, 4
2, 9
2, 3
2, 5
2, 6
2, 7
1, 32
1, 12
1, 60
1, 34
1, 70
1, 50
1, 80
1, 22
1, 2
32, 34
32, 44
32, 48
32, 45
32, 43
32, 33
32, 47
32, 49
32, 46
12, 16
12, 20
12, 19
12, 17
12, 18
12, 21
12, 14
12, 15
12, 13
60, 62
60, 61
60, 67
60, 68
60, 69
60, 66
60, 64
60, 63
60, 65
34, 43
34, 36
34, 35
34, 39
34, 42
34, 37
34, 40
34, 38
34, 41
70, 79
70, 77
70, 73
70, 74
70, 76
70, 75
70, 78
70, 72
70, 71
50, 59
50, 52
50, 58
50, 56
50, 51
50, 57
50, 54
50, 53
50, 55
80, 83
80, 87
80, 89
80, 86
80, 82
80, 84
80, 81
80, 85
80, 88
22, 29
22, 24
22, 28
22, 25
22, 26
22, 30
22, 27
22, 23
22, 31
2, 5
2, 7
2, 3
2, 10
2, 4
2, 9
2, 8
2, 11
2, 6
24, 37
24, 27
24, 29
24, 31
24, 38
24, 39
24, 30
24, 36
24, 25
37, 38
37, 45
37, 39
37, 44
37, 41
37, 43
37, 42
37, 40
37, 46
27, 28
27, 55
27, 52
27, 54
27, 51
27, 56
27, 66
27, 48
27, 53
29, 23
29, 19
29, 20
29, 58
29, 14
29, 22
29, 11
29, 16
29, 15
31, 33
31, 35
31, 34
31, 32
31, 8
31, 10
31, 5
31, 65
31, 9
38, 2
38, 3
38, 1
38, 4
38, 59
39, 63
30, 21
30, 13
30, 50
30, 49
30, 47
36, 6
36, 67
36, 61
36, 62
36, 68
36, 7
36, 42
36, 60
36, 57
25, 18
25, 12
25, 64
25, 17
25, 26
12, 26
12, 17
12, 21
12, 14
12, 15
12, 36
12, 29
12, 13
12, 38
26, 29
26, 30
26, 27
26, 34
26, 31
26, 28
26, 33
26, 35
26, 32
17, 18
17, 2
17, 39
17, 43
17, 20
17, 19
21, 24
21, 23
21, 17
21, 22
21, 12
21, 25
15, 16
15, 10
15, 40
15, 41
15, 11
15, 46
15, 9
15, 1
15, 44
36, 37
36, 4
36, 25
36, 45
13, 42
38, 6
38, 5
38, 7
38, 8
38, 3
3, 24
3, 7
3, 30
3, 10
3, 20
3, 27
3, 14
3, 26
3, 34
24, 45
24, 1
24, 21
7, 8
7, 9
7, 4
7, 5
7, 6
30, 35
30, 34
30, 33
30, 31
30, 36
30, 37
30, 32
30, 2
30, 41
10, 14
10, 17
10, 13
10, 12
10, 18
10, 19
10, 16
10, 15
10, 11
20, 24
20, 30
20, 27
20, 26
20, 38
20, 29
20, 34
20, 25
20, 22
27, 28
27, 1
27, 21
14, 39
14, 44
26, 42
26, 40
26, 43
26, 23
8, 39
8, 40
8, 50
8, 19
8, 9
8, 60
8, 73
8, 86
8, 29
8, 83
39, 40
39, 50
39, 60
39, 73
39, 71
39, 70
39, 72
39, 51
39, 41
40, 41
40, 44
40, 46
40, 45
40, 42
40, 43
40, 47
40, 49
40, 48
50, 51
50, 55
50, 56
50, 57
50, 53
50, 58
50, 52
50, 54
50, 59
19, 21
19, 20
19, 27
19, 24
19, 25
19, 23
19, 22
19, 28
19, 26
9, 11
9, 10
9, 17
9, 14
9, 13
9, 16
9, 12
9, 18
9, 15
60, 64
60, 66
60, 65
60, 67
60, 61
60, 62
60, 68
60, 63
60, 69
73, 75
73, 81
73, 78
73, 80
73, 77
73, 79
73, 82
73, 76
73, 74
86, 94
86, 87
86, 93
86, 95
86, 89
86, 91
86, 88
86, 92
86, 90
29, 38
29, 31
29, 30
29, 36
29, 34
29, 32
29, 35
29, 33
29, 37
83, 1
83, 2
83, 85
83, 84
83, 5
83, 7
83, 6
83, 4
83, 3
7, 31
7, 40
7, 30
7, 59
7, 8
7, 15
7, 27
7, 50
7, 20
31, 40
31, 35
31, 34
31, 33
31, 32
31, 38
31, 37
31, 36
31, 39
40, 47
40, 46
40, 41
40, 42
40, 44
40, 48
40, 45
40, 43
40, 49
30, 31
30, 40
30, 35
30, 34
30, 33
30, 32
30, 38
30, 36
30, 37
59, 68
59, 64
59, 67
59, 65
59, 63
59, 61
59, 62
59, 66
59, 60
8, 15
8, 10
8, 18
8, 11
8, 19
8, 14
8, 9
8, 12
8, 13
15, 18
15, 6
15, 4
15, 1
15, 16
15, 17
15, 69
15, 72
15, 2
27, 4
27, 6
27, 28
27, 1
27, 72
27, 71
27, 70
27, 75
27, 5
50, 55
50, 54
50, 56
50, 57
50, 58
50, 51
50, 52
50, 53
50, 73
20, 25
20, 23
20, 26
20, 21
20, 24
20, 22
20, 29
20, 74
20, 3
4, 23
4, 5
4, 52
4, 42
4, 62
4, 15
4, 72
4, 82
4, 33
23, 25
23, 27
23, 24
23, 31
23, 32
23, 29
23, 30
23, 28
23, 26
5, 9
5, 6
5, 12
5, 8
5, 14
5, 13
5, 11
5, 7
5, 10
52, 55
52, 54
52, 61
52, 58
52, 56
52, 57
52, 60
52, 59
52, 53
42, 44
42, 50
42, 48
42, 43
42, 51
42, 49
42, 47
42, 45
42, 46
62, 63
62, 67
62, 69
62, 70
62, 65
62, 68
62, 64
62, 66
62, 71
15, 22
15, 19
15, 17
15, 20
15, 18
15, 2
15, 16
15, 21
15, 1
72, 74
72, 73
72, 81
72, 75
72, 79
72, 77
72, 80
72, 76
72, 78
82, 86
82, 85
82, 89
82, 91
82, 84
82, 90
82, 83
82, 87
82, 88
33, 35
33, 41
33, 34
33, 40
33, 36
33, 37
33, 39
33, 38
33, 3
12, 40
12, 20
12, 63
12, 14
12, 79
12, 77
12, 75
12, 32
12, 61
12, 51
40, 42
40, 41
40, 48
40, 49
40, 43
40, 45
40, 47
40, 46
40, 44
20, 23
20, 29
20, 24
20, 25
20, 28
20, 21
20, 22
20, 26
20, 27
63, 70
63, 71
63, 68
63, 65
63, 64
63, 66
63, 72
63, 67
63, 69
14, 20
14, 38
14, 32
14, 17
14, 39
14, 16
14, 30
14, 37
14, 31
79, 80
79, 82
79, 81
79, 2
79, 88
79, 10
79, 11
79, 3
79, 4
77, 78
77, 73
77, 50
77, 5
77, 86
77, 7
77, 9
77, 74
77, 6
75, 8
75, 42
75, 76
75, 41
75, 85
75, 13
32, 34
32, 33
32, 35
32, 36
32, 18
32, 16
32, 1
32, 19
61, 62
61, 83
61, 84
61, 15
61, 87
51, 54
51, 55
51, 53
51, 60
51, 56
51, 57
51, 52
51, 58
51, 59
1, 39
1, 73
1, 62
1, 19
1, 59
1, 2
1, 29
1, 49
1, 83
1, 5
39, 41
39, 48
39, 44
39, 47
39, 40
39, 46
39, 43
39, 42
39, 45
73, 79
73, 82
73, 76
73, 78
73, 81
73, 74
73, 80
73, 75
73, 77
62, 71
62, 67
62, 69
62, 65
62, 63
62, 64
62, 68
62, 70
62, 66
19, 21
19, 27
19, 25
19, 26
19, 28
19, 23
19, 20
19, 22
19, 24
59, 73
59, 62
59, 61
59, 72
59, 79
59, 71
59, 82
59, 60
59, 76
2, 19
2, 29
2, 5
2, 17
2, 15
2, 3
2, 18
2, 16
2, 4
29, 38
29, 33
29, 37
29, 34
29, 36
29, 32
29, 31
29, 35
29, 30
49, 50
49, 58
49, 56
49, 51
49, 54
49, 55
49, 53
49, 52
49, 57
83, 86
83, 92
83, 85
83, 88
83, 89
83, 90
83, 87
83, 91
83, 84
5, 13
5, 14
5, 10
5, 9
5, 12
5, 6
5, 11
5, 8
5, 7
3, 58
3, 35
3, 55
3, 15
3, 25
3, 4
3, 45
3, 80
3, 70
58, 60
58, 59
58, 61
58, 62
58, 66
58, 64
58, 65
58, 67
58, 63
35, 43
35, 41
35, 40
35, 42
35, 39
35, 44
35, 38
35, 37
35, 36
55, 58
55, 68
55, 60
55, 59
55, 61
55, 69
55, 62
55, 57
55, 56
15, 17
15, 19
15, 23
15, 16
15, 18
15, 24
15, 21
15, 20
15, 22
25, 27
25, 33
25, 30
25, 28
25, 31
25, 32
25, 29
25, 26
25, 34
4, 6
4, 7
4, 8
4, 12
4, 11
4, 9
4, 5
4, 10
4, 13
45, 49
45, 52
45, 50
45, 48
45, 51
45, 46
45, 47
45, 53
45, 54
80, 83
80, 82
80, 84
80, 86
80, 81
80, 14
80, 1
80, 2
80, 85
70, 75
70, 78
70, 79
70, 76
70, 71
70, 74
70, 72
70, 77
70, 73
7, 16
7, 47
7, 33
7, 14
7, 26
7, 11
7, 43
7, 8
7, 64
16, 26
16, 20
16, 18
16, 17
16, 21
16, 23
16, 24
16, 22
16, 19
47, 61
47, 1
47, 64
47, 48
47, 50
47, 49
47, 60
47, 54
47, 3
33, 37
33, 34
33, 39
33, 38
33, 36
33, 41
33, 40
33, 42
33, 35
26, 28
26, 31
26, 30
26, 27
26, 32
26, 29
26, 25
26, 2
26, 55
11, 14
11, 13
11, 12
11, 15
43, 46
43, 44
43, 6
43, 45
43, 4
43, 5
43, 62
43, 63
43, 74
8, 9
8, 56
8, 10
8, 53
8, 58
8, 57
8, 59
8, 51
8, 52
64, 72
64, 66
64, 65
64, 71
64, 69
64, 70
64, 73
64, 67
64, 68
31, 39
31, 32
31, 33
31, 35
31, 36
31, 34
31, 23
31, 4
31, 11
39, 46
39, 43
39, 41
39, 44
39, 40
39, 48
39, 42
39, 45
39, 47
33, 3
33, 20
33, 1
33, 54
33, 52
33, 2
35, 16
35, 51
35, 19
35, 18
35, 6
35, 50
35, 17
35, 38
35, 30
36, 53
36, 29
23, 21
23, 22
23, 28
23, 24
23, 55
23, 25
23, 27
23, 26
4, 13
4, 11
4, 8
4, 5
4, 9
4, 6
4, 12
4, 14
4, 7
11, 15
11, 37
11, 10
11, 49
16, 62
16, 25
16, 50
16, 48
16, 37
16, 36
16, 69
16, 35
16, 17
16, 49
62, 66
62, 68
62, 67
62, 65
62, 64
62, 63
62, 4
62, 79
62, 85
25, 27
25, 29
25, 26
25, 32
25, 33
25, 28
25, 34
25, 31
25, 30
50, 52
50, 51
50, 57
50, 54
50, 53
50, 59
50, 56
50, 55
50, 58
48, 49
48, 47
48, 82
48, 84
48, 80
48, 46
48, 5
37, 45
37, 38
37, 43
37, 4
37, 42
37, 40
37, 41
37, 39
37, 44
36, 13
36, 15
36, 14
36, 61
36, 3
69, 72
69, 71
69, 74
69, 75
69, 77
69, 78
69, 70
69, 76
69, 73
35, 86
35, 9
35, 1
35, 12
35, 8
35, 6
35, 11
35, 10
35, 7
17, 19
17, 20
17, 22
17, 18
17, 21
17, 23
17, 24
17, 60
17, 2
49, 81
49, 84
49, 47
49, 83
6, 39
6, 49
6, 15
6, 16
6, 17
6, 43
6, 31
6, 10
6, 34
39, 40
39, 41
39, 42
39, 43
39, 10
39, 11
39, 45
39, 25
39, 53
49, 50
49, 8
49, 38
49, 27
49, 36
49, 30
49, 13
49, 47
15, 16
15, 37
15, 12
15, 52
15, 29
15, 51
15, 48
15, 14
15, 46
15, 7
16, 15
16, 55
16, 3
17, 23
17, 18
17, 19
17, 22
17, 25
17, 21
17, 20
17, 26
17, 24
43, 11
43, 44
31, 33
31, 32
31, 4
31, 9
31, 57
31, 59
31, 28
10, 1
10, 2
10, 56
10, 11
34, 35
34, 54
34, 58
34, 5
24, 34
24, 50
24, 53
24, 66
24, 35
24, 25
24, 52
24, 47
24, 28
34, 35
34, 41
34, 44
34, 45
34, 40
34, 43
34, 39
34, 36
34, 46
50, 78
50, 14
50, 15
50, 51
50, 75
50, 41
50, 65
50, 42
50, 49
53, 55
53, 7
53, 57
53, 54
53, 58
53, 56
53, 13
53, 6
53, 76
66, 70
66, 68
66, 83
66, 69
66, 67
66, 79
66, 8
66, 16
66, 3
35, 36
35, 39
35, 38
35, 37
35, 15
35, 2
35, 81
35, 1
35, 17
25, 26
25, 27
25, 74
25, 9
25, 4
25, 82
25, 36
25, 15
25, 5
52, 53
52, 71
52, 10
52, 62
52, 60
52, 61
52, 64
52, 59
52, 63
47, 18
47, 48
47, 22
47, 21
47, 20
47, 23
47, 19
47, 11
47, 12
28, 29
28, 30
28, 33
28, 32
28, 73
28, 31
28, 77
28, 80
28, 72
2, 78
2, 3
2, 49
2, 68
2, 4
2, 36
2, 26
2, 59
2, 88
2, 15
78, 80
78, 85
78, 81
78, 87
78, 82
78, 83
78, 84
78, 79
78, 86
3, 26
3, 4
3, 36
3, 14
3, 15
3, 46
3, 47
3, 48
3, 25
49, 57
49, 53
49, 50
49, 51
49, 58
49, 54
49, 55
49, 56
49, 52
68, 75
68, 72
68, 69
68, 74
68, 77
68, 71
68, 73
68, 70
68, 76
4, 8
4, 9
4, 7
4, 5
4, 11
4, 13
4, 6
4, 12
4, 10
36, 41
36, 40
36, 38
36, 37
36, 42
36, 44
36, 39
36, 45
36, 43
26, 28
26, 35
26, 27
26, 30
26, 33
26, 32
26, 31
26, 29
26, 34
59, 68
59, 66
59, 64
59, 63
59, 60
59, 62
59, 65
59, 61
59, 67
88, 93
88, 94
88, 91
88, 1
88, 90
88, 95
88, 96
88, 92
88, 89
15, 21
15, 20
15, 24
15, 18
15, 17
15, 23
15, 16
15, 22
15, 19
19, 24
19, 22
19, 21
19, 32
19, 40
19, 28
19, 20
19, 23
19, 35
24, 25
24, 26
24, 29
24, 9
22, 17
21, 50
21, 33
21, 34
21, 16
21, 15
21, 6
32, 13
32, 14
32, 53
32, 1
32, 2
32, 10
32, 8
32, 3
32, 4
40, 26
28, 29
28, 31
28, 11
28, 30
28, 49
28, 27
28, 43
28, 12
28, 46
20, 47
20, 44
20, 5
20, 45
20, 42
20, 51
20, 54
20, 7
20, 52
35, 48
35, 18
35, 37
35, 38
35, 36
35, 39
35, 41
2, 91
2, 13
2, 81
2, 51
2, 71
2, 61
2, 3
2, 41
2, 22
2, 31
91, 95
91, 93
91, 100
91, 92
91, 99
91, 98
91, 97
91, 94
91, 96
13, 1
13, 15
13, 17
13, 20
13, 21
13, 19
13, 18
13, 14
13, 16
81, 84
81, 82
81, 86
81, 83
81, 89
81, 85
81, 90
81, 88
81, 87
51, 53
51, 55
51, 59
51, 54
51, 57
51, 56
51, 52
51, 58
51, 60
71, 73
71, 74
71, 75
71, 79
71, 72
71, 77
71, 80
71, 78
71, 76
61, 68
61, 67
61, 66
61, 70
61, 69
61, 62
61, 65
61, 64
61, 63
3, 10
3, 5
3, 9
3, 11
3, 7
3, 8
3, 6
3, 12
3, 4
41, 49
41, 45
41, 48
41, 46
41, 47
41, 50
41, 42
41, 44
41, 43
22, 28
22, 25
22, 24
22, 27
22, 101
22, 23
22, 30
22, 26
22, 29
31, 34
31, 36
31, 39
31, 38
31, 32
31, 37
31, 35
31, 33
31, 40
5, 34
5, 25
5, 57
5, 6
5, 68
5, 16
5, 84
5, 35
5, 77
5, 45
34, 68
34, 57
34, 35
34, 45
34, 56
34, 54
34, 67
34, 66
34, 55
25, 33
25, 32
25, 31
25, 2
25, 26
25, 29
25, 30
25, 28
25, 27
57, 65
57, 58
57, 61
57, 64
57, 62
57, 4
57, 59
57, 63
57, 60
6, 15
6, 7
6, 13
6, 9
6, 10
6, 8
6, 14
6, 12
6, 11
68, 76
68, 73
68, 70
68, 75
68, 69
68, 72
68, 3
68, 71
68, 74
16, 23
16, 21
16, 20
16, 17
16, 1
16, 19
16, 24
16, 22
16, 18
84, 89
84, 86
84, 91
84, 87
84, 85
84, 90
84, 88
84, 93
84, 92
35, 43
35, 42
35, 40
35, 44
35, 37
35, 36
35, 39
35, 38
35, 41
77, 81
77, 78
77, 82
77, 79
77, 94
77, 80
77, 83
77, 95
77, 96
45, 53
45, 52
45, 50
45, 47
45, 48
45, 49
45, 51
45, 35
45, 46
1, 12
1, 2
1, 69
1, 57
1, 31
1, 28
1, 53
1, 18
1, 43
12, 18
12, 17
12, 15
12, 25
12, 14
12, 27
12, 13
12, 22
12, 16
2, 10
2, 11
2, 8
2, 7
2, 3
2, 9
2, 4
2, 6
2, 5
69, 77
69, 75
69, 74
69, 76
69, 71
69, 73
69, 79
69, 72
69, 70
57, 62
57, 64
57, 66
57, 60
57, 65
57, 59
57, 63
57, 61
57, 58
31, 40
31, 39
31, 36
31, 35
31, 38
31, 37
31, 32
31, 33
31, 34
28, 31
28, 41
28, 40
28, 42
28, 30
28, 39
28, 36
28, 38
28, 29
53, 57
53, 68
53, 56
53, 67
53, 55
53, 62
53, 66
53, 64
53, 54
18, 25
18, 22
18, 78
18, 19
18, 20
18, 24
18, 26
18, 21
18, 23
43, 52
43, 44
43, 45
43, 48
43, 46
43, 50
43, 51
43, 47
43, 49
1, 18
1, 45
1, 73
1, 2
1, 9
1, 20
1, 55
1, 63
1, 37
18, 20
18, 34
18, 33
18, 35
18, 30
18, 31
18, 36
18, 19
18, 32
45, 53
45, 48
45, 46
45, 51
45, 49
45, 50
45, 47
45, 54
45, 52
73, 82
73, 80
73, 74
73, 77
73, 81
73, 76
73, 75
73, 78
73, 79
2, 3
2, 4
2, 84
2, 7
2, 89
2, 6
2, 5
2, 86
2, 8
9, 83
9, 12
9, 16
9, 14
9, 10
9, 17
9, 11
9, 13
9, 15
20, 27
20, 25
20, 21
20, 22
20, 29
20, 24
20, 23
20, 26
20, 28
55, 57
55, 62
55, 60
55, 56
55, 59
55, 85
55, 88
55, 58
55, 61
63, 72
63, 64
63, 66
63, 70
63, 67
63, 69
63, 65
63, 71
63, 68
37, 38
37, 40
37, 87
37, 41
37, 42
37, 43
37, 44
37, 39
37, 90
2, 46
2, 4
2, 36
2, 53
2, 19
2, 16
2, 18
2, 15
2, 29
46, 53
46, 52
46, 51
46, 49
46, 48
46, 50
46, 47
46, 17
46, 54
4, 9
4, 8
4, 11
4, 10
4, 7
4, 6
4, 5
4, 12
4, 13
36, 40
36, 44
36, 37
36, 38
36, 45
36, 42
36, 43
36, 41
36, 39
53, 73
53, 57
19, 20
19, 21
19, 24
19, 28
19, 22
19, 25
19, 27
19, 26
19, 23
16, 71
16, 66
18, 63
18, 14
18, 62
18, 61
18, 65
18, 35
18, 56
18, 58
18, 64
15, 69
15, 60
15, 70
15, 55
15, 59
15, 67
29, 30
29, 34
29, 31
29, 72
29, 33
29, 32
29, 3
29, 68
29, 1
1, 58
1, 59
1, 65
1, 2
1, 48
1, 28
1, 77
1, 38
1, 6
1, 20
58, 65
58, 59
58, 77
58, 75
58, 76
58, 87
58, 88
58, 74
58, 70
59, 62
59, 64
59, 89
59, 95
59, 60
59, 63
59, 92
59, 61
59, 93
65, 70
65, 73
65, 90
65, 66
65, 67
65, 69
65, 68
65, 72
65, 71
2, 6
2, 5
2, 13
2, 17
2, 18
2, 3
2, 19
2, 16
2, 4
48, 56
48, 55
48, 57
48, 50
48, 53
48, 49
48, 54
48, 51
48, 52
28, 36
28, 32
28, 34
28, 30
28, 29
28, 31
28, 35
28, 33
28, 37
77, 80
77, 83
77, 84
77, 81
77, 78
77, 82
77, 85
77, 86
77, 79
38, 44
38, 41
38, 42
38, 43
38, 39
38, 46
38, 40
38, 45
38, 47
6, 13
6, 9
6, 10
6, 11
6, 14
6, 8
6, 12
6, 7
6, 15
20, 94
20, 27
20, 22
20, 24
20, 21
20, 26
20, 91
20, 25
20, 23
1, 62
1, 82
1, 52
1, 12
1, 2
1, 32
1, 22
1, 72
1, 42
62, 69
62, 64
62, 63
62, 66
62, 67
62, 65
62, 71
62, 70
62, 68
82, 89
82, 84
82, 90
82, 85
82, 87
82, 86
82, 83
82, 91
82, 88
52, 55
52, 57
52, 58
52, 53
52, 59
52, 61
52, 56
52, 60
52, 54
12, 18
12, 21
12, 13
12, 20
12, 14
12, 16
12, 15
12, 17
12, 19
2, 10
2, 4
2, 6
2, 9
2, 7
2, 5
2, 11
2, 8
2, 3
32, 41
32, 33
32, 34
32, 37
32, 39
32, 38
32, 40
32, 35
32, 36
22, 29
22, 31
22, 24
22, 25
22, 28
22, 23
22, 30
22, 26
22, 27
72, 76
72, 74
72, 80
72, 81
72, 77
72, 73
72, 79
72, 75
72, 78
42, 46
42, 47
42, 48
42, 44
42, 49
42, 50
42, 51
42, 43
42, 45
2, 13
2, 61
2, 48
2, 18
2, 41
2, 3
2, 67
2, 29
2, 56
13, 18
13, 29
13, 28
13, 15
13, 17
13, 14
13, 39
13, 40
13, 16
61, 62
61, 67
61, 80
61, 65
61, 79
61, 69
61, 66
61, 63
61, 64
48, 56
48, 53
48, 58
48, 50
48, 49
48, 54
48, 51
48, 52
48, 55
18, 26
18, 27
18, 24
18, 25
18, 22
18, 23
18, 19
18, 21
18, 20
41, 76
41, 46
41, 47
41, 77
41, 42
41, 43
41, 44
41, 45
41, 74
3, 10
3, 9
3, 6
3, 5
3, 11
3, 4
3, 7
3, 8
3, 12
67, 69
67, 82
67, 71
67, 75
67, 70
67, 81
67, 72
67, 68
67, 73
29, 35
29, 34
29, 38
29, 31
29, 30
29, 32
29, 36
29, 37
29, 33
56, 58
56, 57
56, 78
56, 60
56, 59
56, 85
56, 84
56, 1
56, 83
3, 38
3, 22
3, 60
3, 42
3, 6
3, 31
3, 23
3, 52
3, 4
38, 60
38, 42
38, 52
38, 39
38, 41
38, 72
38, 59
38, 40
38, 71
22, 31
22, 23
22, 30
22, 28
22, 36
22, 33
22, 26
22, 37
22, 25
60, 67
60, 70
60, 62
60, 65
60, 61
60, 68
60, 63
60, 66
60, 64
42, 46
42, 45
42, 51
42, 50
42, 44
42, 47
42, 43
42, 48
42, 49
6, 9
6, 11
6, 15
6, 12
6, 14
6, 13
6, 7
6, 8
6, 10
31, 1
31, 32
31, 29
31, 27
31, 34
23, 24
23, 22
23, 58
23, 1
23, 35
52, 73
52, 55
52, 74
52, 69
52, 56
52, 54
52, 57
52, 53
52, 2
4, 6
4, 20
4, 18
4, 5
4, 17
4, 21
4, 16
4, 19
4, 9
1, 77
1, 2
1, 69
1, 12
1, 29
1, 88
1, 59
1, 49
1, 14
1, 39
77, 83
77, 80
77, 84
77, 82
77, 86
77, 81
77, 78
77, 85
77, 79
2, 6
2, 9
2, 8
2, 3
2, 11
2, 7
2, 10
2, 5
2, 4
69, 77
69, 73
69, 74
69, 76
69, 87
69, 70
69, 72
69, 75
69, 71
12, 14
12, 29
12, 28
12, 20
12, 25
12, 24
12, 13
12, 26
12, 27
29, 36
29, 38
29, 35
29, 34
29, 30
29, 31
29, 33
29, 37
29, 32
88, 95
88, 91
88, 89
88, 94
88, 93
88, 97
88, 92
88, 96
88, 90
59, 64
59, 60
59, 62
59, 63
59, 65
59, 67
59, 61
59, 66
59, 68
49, 55
49, 53
49, 50
49, 58
49, 52
49, 56
49, 57
49, 51
49, 54
14, 20
14, 23
14, 17
14, 19
14, 16
14, 15
14, 21
14, 22
14, 18
39, 40
39, 48
39, 47
39, 42
39, 41
39, 46
39, 43
39, 45
39, 44
17, 26
17, 30
17, 1
17, 18
17, 40
17, 32
17, 36
17, 34
17, 23
26, 27
26, 28
26, 15
26, 51
26, 57
26, 16
26, 52
26, 42
26, 49
30, 50
30, 31
30, 43
1, 7
1, 5
1, 3
1, 2
1, 4
1, 11
1, 6
1, 10
1, 8
18, 22
18, 20
18, 21
18, 19
18, 54
40, 41
40, 55
40, 12
32, 33
32, 29
36, 39
36, 53
36, 37
36, 58
36, 13
36, 38
36, 56
34, 35
34, 47
34, 59
23, 25
23, 14
23, 60
23, 45
23, 24
23, 9
23, 44
23, 46
23, 48
1, 72
1, 32
1, 2
1, 12
1, 82
1, 42
1, 62
1, 89
1, 52
1, 22
72, 77
72, 78
72, 74
72, 76
72, 80
72, 79
72, 75
72, 81
72, 73
32, 39
32, 33
32, 40
32, 34
32, 36
32, 37
32, 35
32, 38
32, 41
2, 8
2, 11
2, 6
2, 4
2, 5
2, 9
2, 7
2, 3
2, 10
12, 21
12, 15
12, 17
12, 14
12, 18
12, 20
12, 13
12, 19
12, 16
82, 88
82, 89
82, 83
82, 96
82, 86
82, 85
82, 99
82, 84
82, 87
42, 43
42, 51
42, 46
42, 44
42, 49
42, 47
42, 50
42, 48
42, 45
62, 71
62, 69
62, 70
62, 65
62, 64
62, 68
62, 67
62, 66
62, 63
89, 96
89, 94
89, 97
89, 92
89, 95
89, 90
89, 91
89, 93
89, 98
52, 53
52, 55
52, 58
52, 57
52, 59
52, 56
52, 61
52, 54
52, 60
22, 29
22, 30
22, 28
22, 27
22, 26
22, 24
22, 23
22, 31
22, 25
16, 31
16, 24
16, 33
16, 19
16, 21
16, 27
16, 18
16, 20
16, 22
31, 32
31, 23
31, 48
31, 40
31, 38
31, 43
31, 47
31, 37
31, 46
24, 27
24, 30
24, 25
24, 26
24, 28
24, 29
33, 15
33, 36
33, 34
33, 14
33, 41
33, 42
19, 11
19, 13
19, 12
21, 6
21, 5
21, 49
18, 9
18, 8
20, 44
20, 17
20, 3
20, 35
20, 2
20, 45
20, 46
20, 1
22, 50
22, 39
22, 10
22, 51
22, 4
22, 7
2, 15
2, 4
2, 5
2, 26
2, 51
2, 30
2, 3
2, 35
2, 40
15, 22
15, 19
15, 16
15, 17
15, 24
15, 18
15, 20
15, 25
15, 23
4, 59
4, 60
4, 1
4, 56
5, 7
5, 8
5, 6
5, 10
5, 14
5, 13
5, 12
5, 11
5, 9
26, 28
26, 27
26, 29
26, 47
26, 21
26, 37
51, 53
51, 15
51, 54
51, 52
51, 32
51, 31
51, 50
51, 28
51, 36
30, 31
30, 33
30, 34
30, 57
30, 38
30, 39
3, 4
3, 59
3, 58
3, 55
3, 56
35, 36
35, 33
35, 34
35, 48
40, 46
40, 44
40, 43
40, 45
40, 42
40, 47
40, 49
40, 41
40, 48
4, 77
4, 15
4, 48
4, 28
4, 62
4, 45
4, 19
4, 72
4, 38
4, 5
77, 79
77, 78
77, 83
77, 82
77, 85
77, 81
77, 86
77, 80
77, 84
15, 28
15, 19
15, 32
15, 37
15, 18
15, 35
15, 17
15, 36
15, 16
48, 56
48, 55
48, 49
48, 52
48, 57
48, 54
48, 50
48, 51
48, 53
28, 32
28, 37
28, 35
28, 36
28, 29
28, 34
28, 31
28, 30
28, 33
62, 64
62, 68
62, 67
62, 65
62, 71
62, 63
62, 69
62, 66
62, 70
45, 62
45, 48
45, 64
45, 61
45, 60
45, 59
45, 58
45, 46
45, 47
19, 27
19, 23
19, 24
19, 21
19, 22
19, 26
19, 25
19, 20
19, 3
72, 77
72, 76
72, 73
72, 79
72, 75
72, 82
72, 78
72, 83
72, 74
38, 41
38, 39
38, 42
38, 40
38, 43
38, 44
38, 2
38, 87
38, 1
38, 88
5, 13
5, 6
5, 14
5, 12
5, 9
5, 7
5, 8
5, 11
5, 10
12, 22
12, 45
12, 39
12, 16
12, 36
12, 20
12, 17
12, 35
12, 14
22, 24
22, 23
22, 25
22, 32
22, 34
45, 6
39, 41
39, 42
39, 44
39, 10
39, 36
39, 11
39, 43
39, 40
39, 8
16, 47
36, 37
36, 38
36, 8
36, 49
36, 2
36, 3
36, 7
36, 9
36, 1
20, 26
20, 29
20, 33
20, 27
20, 5
17, 22
17, 20
17, 31
17, 18
17, 30
17, 21
17, 19
17, 28
17, 27
14, 46
14, 13
14, 4
14, 15
14, 48
1, 52
1, 22
1, 2
1, 42
1, 76
1, 53
1, 66
1, 12
1, 32
52, 76
52, 66
52, 53
52, 65
52, 75
52, 62
52, 63
52, 85
52, 64
22, 26
22, 24
22, 29
22, 30
22, 28
22, 23
22, 31
22, 25
22, 27
2, 5
2, 6
2, 9
2, 7
2, 8
2, 4
2, 10
2, 11
2, 3
42, 45
42, 47
42, 51
42, 49
42, 50
42, 44
42, 46
42, 43
42, 48
76, 83
76, 78
76, 80
76, 88
76, 82
76, 77
76, 81
76, 79
76, 84
53, 60
53, 56
53, 86
53, 58
53, 57
53, 55
53, 59
53, 61
53, 54
66, 69
66, 87
66, 74
66, 73
66, 71
66, 70
66, 68
66, 67
66, 72
12, 16
12, 21
12, 20
12, 13
12, 15
12, 17
12, 14
12, 18
12, 19
32, 41
32, 39
32, 36
32, 40
32, 33
32, 35
32, 37
32, 34
32, 38
1, 67
1, 43
1, 74
1, 2
1, 44
1, 21
1, 41
1, 57
1, 31
1, 11
67, 74
67, 84
67, 70
67, 71
67, 69
67, 85
67, 72
67, 73
67, 68
43, 44
43, 57
43, 54
43, 53
43, 62
43, 55
43, 56
43, 61
43, 52
74, 83
74, 77
74, 82
74, 78
74, 76
74, 81
74, 75
74, 79
74, 80
2, 6
2, 10
2, 86
2, 7
2, 9
2, 5
2, 3
2, 4
2, 8
44, 53
44, 52
44, 47
44, 50
44, 49
44, 46
44, 45
44, 48
44, 51
21, 27
21, 25
21, 29
21, 23
21, 28
21, 30
21, 24
21, 22
21, 26
41, 43
41, 44
41, 57
41, 54
41, 53
41, 55
41, 62
41, 56
41, 42
57, 62
57, 61
57, 60
57, 64
57, 58
57, 65
57, 63
57, 59
57, 66
31, 36
31, 40
31, 35
31, 37
31, 38
31, 32
31, 34
31, 39
31, 33
11, 18
11, 19
11, 16
11, 20
11, 13
11, 15
11, 17
11, 14
11, 12
3, 24
3, 64
3, 34
3, 54
3, 4
3, 68
3, 83
3, 14
3, 44
24, 29
24, 30
24, 25
24, 32
24, 26
24, 27
24, 31
24, 33
24, 28
64, 68
64, 65
64, 79
64, 67
64, 80
64, 78
64, 66
64, 81
64, 82
34, 38
34, 35
34, 42
34, 41
34, 37
34, 40
34, 43
34, 36
34, 39
54, 62
54, 57
54, 59
54, 55
54, 63
54, 58
54, 61
54, 56
54, 60
4, 10
4, 11
4, 8
4, 7
4, 5
4, 6
4, 12
4, 13
4, 9
68, 76
68, 70
68, 77
68, 73
68, 69
68, 74
68, 75
68, 72
68, 71
83, 87
83, 2
83, 89
83, 90
83, 1
83, 88
83, 84
83, 86
83, 85
14, 23
14, 22
14, 21
14, 20
14, 15
14, 17
14, 16
14, 18
14, 19
44, 52
44, 50
44, 51
44, 48
44, 45
44, 53
44, 47
44, 49
44, 46
1, 36
1, 78
1, 32
1, 12
1, 48
1, 58
1, 22
1, 68
1, 2
36, 41
36, 43
36, 39
36, 42
36, 38
36, 40
36, 45
36, 44
36, 37
78, 84
78, 81
78, 80
78, 87
78, 85
78, 86
78, 82
78, 83
78, 79
32, 36
32, 47
32, 39
32, 35
32, 33
32, 41
32, 43
32, 34
32, 46
12, 13
12, 17
12, 16
12, 14
12, 20
12, 15
12, 18
12, 21
12, 19
48, 52
48, 51
48, 56
48, 55
48, 54
48, 49
48, 53
48, 57
48, 50
58, 64
58, 65
58, 60
58, 67
58, 61
58, 66
58, 59
58, 62
58, 63
22, 23
22, 24
22, 30
22, 26
22, 27
22, 29
22, 31
22, 25
22, 28
68, 73
68, 74
68, 76
68, 72
68, 71
68, 69
68, 75
68, 77
68, 70
2, 3
2, 8
2, 10
2, 5
2, 11
2, 6
2, 9
2, 7
2, 4
4, 68
4, 34
4, 5
4, 14
4, 25
4, 49
4, 63
4, 78
4, 57
4, 40
68, 76
68, 75
68, 69
68, 73
68, 72
68, 71
68, 70
68, 77
68, 74
34, 40
34, 37
34, 48
34, 45
34, 39
34, 35
34, 47
34, 36
34, 38
5, 8
5, 10
5, 9
5, 6
5, 7
5, 12
5, 11
5, 92
5, 2
14, 23
14, 22
14, 16
14, 21
14, 15
14, 19
14, 18
14, 20
14, 17
25, 28
25, 29
25, 27
25, 33
25, 84
25, 30
25, 31
25, 26
25, 32
49, 51
49, 53
49, 50
49, 55
49, 54
49, 52
49, 90
49, 56
49, 24
63, 65
63, 67
63, 66
63, 64
63, 91
78, 88
78, 79
78, 87
78, 1
78, 90
78, 89
78, 62
57, 59
57, 61
57, 58
57, 60
57, 81
57, 83
57, 3
57, 86
57, 80
40, 45
40, 42
40, 44
40, 41
40, 43
40, 46
40, 13
40, 85
40, 82
1, 42
1, 55
1, 2
1, 41
1, 12
1, 65
1, 14
1, 31
1, 44
42, 55
42, 65
42, 44
42, 64
42, 54
42, 73
42, 58
42, 43
42, 63
55, 61
55, 56
55, 63
55, 58
55, 57
55, 62
55, 75
55, 59
55, 60
2, 10
2, 8
2, 3
2, 11
2, 4
2, 6
2, 7
2, 5
2, 9
41, 42
41, 55
41, 65
41, 44
41, 64
41, 54
41, 73
41, 58
41, 43
12, 14
12, 25
12, 13
12, 29
12, 28
12, 24
12, 27
12, 26
12, 30
65, 73
65, 71
65, 74
65, 70
65, 72
65, 69
65, 66
65, 67
65, 68
14, 17
14, 21
14, 15
14, 18
14, 19
14, 20
14, 22
14, 23
14, 16
31, 35
31, 38
31, 33
31, 37
31, 40
31, 39
31, 34
31, 32
31, 36
44, 45
44, 46
44, 49
44, 48
44, 47
44, 53
44, 51
44, 52
44, 50
2, 55
2, 63
2, 3
2, 18
2, 45
2, 31
2, 7
2, 83
2, 28
2, 73
55, 63
55, 62
55, 57
55, 61
55, 58
55, 60
55, 67
55, 56
55, 59
63, 67
63, 69
63, 68
63, 70
63, 72
63, 64
63, 71
63, 65
63, 66
3, 7
3, 5
3, 6
3, 17
3, 10
3, 4
3, 9
3, 1
3, 12
18, 25
18, 23
18, 19
18, 27
18, 26
18, 20
18, 22
18, 24
18, 21
45, 49
45, 46
45, 51
45, 50
45, 47
45, 52
45, 54
45, 48
45, 53
31, 32
31, 37
31, 38
31, 36
31, 33
31, 39
31, 35
31, 40
31, 34
7, 12
7, 16
7, 9
7, 10
7, 14
7, 11
7, 15
7, 8
7, 13
83, 86
83, 89
83, 84
83, 92
83, 90
83, 87
83, 85
83, 91
83, 88
28, 31
28, 43
28, 32
28, 29
28, 41
28, 40
28, 30
28, 42
28, 44
73, 78
73, 77
73, 75
73, 82
73, 80
73, 76
73, 79
73, 74
73, 81
4, 63
4, 22
4, 5
4, 73
4, 50
4, 14
4, 39
4, 83
4, 60
4, 29
63, 67
63, 68
63, 65
63, 72
63, 66
63, 64
63, 71
63, 70
63, 69
22, 27
22, 29
22, 28
22, 39
22, 24
22, 26
22, 23
22, 25
22, 49
5, 14
5, 12
5, 8
5, 13
5, 11
5, 9
5, 6
5, 10
5, 7
73, 76
73, 74
73, 75
73, 82
73, 77
73, 80
73, 78
73, 79
73, 81
50, 52
50, 54
50, 56
50, 51
50, 53
50, 59
50, 57
50, 58
50, 55
14, 20
14, 2
14, 1
14, 17
14, 18
14, 15
14, 19
14, 16
14, 21
39, 44
39, 42
39, 41
39, 48
39, 43
39, 40
39, 45
39, 46
39, 47
83, 87
83, 91
83, 86
83, 84
83, 90
83, 89
83, 88
83, 85
83, 92
60, 61
60, 62
60, 3
29, 32
29, 35
29, 37
29, 34
29, 31
29, 30
29, 36
29, 33
29, 38
1, 44
1, 2
1, 74
1, 33
1, 54
1, 64
1, 22
1, 84
1, 32
1, 12
44, 47
44, 53
44, 52
44, 49
44, 46
44, 51
44, 50
44, 48
44, 45
2, 4
2, 6
2, 3
2, 5
2, 11
2, 7
2, 9
2, 8
2, 10
74, 78
74, 79
74, 76
74, 75
74, 80
74, 82
74, 83
74, 77
74, 81
33, 36
33, 39
33, 34
33, 40
33, 35
33, 38
33, 41
33, 37
33, 42
54, 60
54, 61
54, 58
54, 63
54, 59
54, 62
54, 57
54, 55
54, 56
64, 71
64, 69
64, 66
64, 68
64, 72
64, 70
64, 65
64, 67
64, 73
22, 31
22, 30
22, 27
22, 26
22, 24
22, 23
22, 25
22, 29
22, 28
84, 87
84, 90
84, 89
84, 91
84, 86
84, 85
84, 92
84, 88
84, 93
32, 44
32, 33
32, 47
32, 53
32, 52
32, 36
32, 43
32, 49
32, 39
12, 20
12, 18
12, 21
12, 14
12, 16
12, 19
12, 13
12, 17
12, 15
1, 42
1, 22
1, 12
1, 32
1, 80
1, 50
1, 86
1, 2
1, 60
1, 70
42, 50
42, 45
42, 44
42, 49
42, 46
42, 48
42, 59
42, 43
42, 47
22, 31
22, 25
22, 24
22, 26
22, 29
22, 28
22, 30
22, 27
22, 23
12, 14
12, 17
12, 20
12, 19
12, 16
12, 18
12, 15
12, 13
12, 21
32, 35
32, 37
32, 38
32, 33
32, 41
32, 34
32, 40
32, 39
32, 36
80, 86
80, 87
80, 96
80, 81
80, 97
80, 82
80, 84
80, 85
80, 83
50, 52
50, 57
50, 58
50, 98
50, 55
50, 54
50, 51
50, 56
50, 53
86, 87
86, 88
86, 95
86, 90
86, 93
86, 89
86, 94
86, 92
86, 91
2, 9
2, 11
2, 4
2, 5
2, 6
2, 3
2, 8
2, 10
2, 7
60, 64
60, 63
60, 65
60, 61
60, 69
60, 66
60, 67
60, 68
60, 62
70, 76
70, 74
70, 75
70, 79
70, 72
70, 77
70, 73
70, 71
70, 78
2, 3
2, 85
2, 51
2, 61
2, 21
2, 75
2, 7
2, 31
2, 72
2, 41
3, 7
3, 20
3, 5
3, 15
3, 4
3, 19
3, 17
3, 6
3, 18
85, 89
85, 88
85, 91
85, 86
85, 87
85, 90
85, 93
85, 92
85, 94
51, 52
51, 53
51, 56
51, 55
51, 60
51, 57
51, 54
51, 58
51, 59
61, 72
61, 65
61, 71
61, 67
61, 69
61, 64
61, 70
61, 62
61, 68
21, 24
21, 30
21, 23
21, 25
21, 22
21, 29
21, 27
21, 28
21, 26
75, 80
75, 79
75, 82
75, 76
75, 83
75, 78
75, 81
75, 84
75, 77
7, 15
7, 11
7, 8
7, 13
7, 12
7, 14
7, 16
7, 10
7, 9
31, 39
31, 34
31, 36
31, 33
31, 37
31, 35
31, 40
31, 32
31, 38
72, 73
72, 74
72, 1
72, 66
72, 95
72, 63
41, 49
41, 46
41, 48
41, 47
41, 45
41, 43
41, 44
41, 42
41, 50
5, 42
5, 41
5, 39
5, 58
5, 21
5, 11
5, 26
5, 51
5, 34
5, 6
42, 51
42, 50
42, 57
42, 44
42, 47
42, 49
42, 45
42, 56
42, 48
41, 42
41, 58
41, 51
41, 62
41, 50
41, 46
41, 64
41, 63
41, 49
39, 40
39, 25
39, 79
39, 75
39, 2
39, 70
58, 60
58, 61
58, 59
58, 3
58, 65
58, 81
58, 82
58, 43
58, 72
21, 23
21, 24
21, 22
21, 80
21, 74
11, 13
11, 15
11, 16
11, 18
11, 19
11, 17
11, 20
11, 12
11, 14
26, 68
26, 31
26, 67
26, 28
26, 32
26, 27
26, 30
26, 29
26, 66
51, 54
51, 52
51, 53
51, 55
51, 57
51, 1
34, 36
34, 35
34, 38
34, 37
34, 77
34, 76
34, 69
34, 78
34, 33
6, 10
6, 8
6, 7
6, 9
6, 73
6, 71
6, 4
8, 68
8, 37
8, 24
8, 49
8, 58
8, 25
8, 14
8, 9
8, 67
68, 75
68, 72
68, 73
68, 71
68, 7
68, 69
68, 74
68, 70
68, 76
37, 46
37, 43
37, 40
37, 45
37, 41
37, 44
37, 39
37, 42
37, 38
24, 25
24, 37
24, 36
24, 48
24, 35
24, 46
24, 47
24, 32
24, 43
49, 57
49, 53
49, 52
49, 51
49, 56
49, 55
49, 4
49, 54
49, 50
58, 66
58, 62
58, 64
58, 63
58, 60
58, 59
58, 61
58, 65
58, 6
25, 32
25, 31
25, 27
25, 30
25, 34
25, 33
25, 26
25, 28
25, 29
14, 21
14, 20
14, 17
14, 15
14, 16
14, 23
14, 19
14, 22
14, 18
9, 1
9, 25
9, 5
9, 2
9, 13
9, 12
9, 3
9, 11
9, 10
67, 68
67, 75
67, 78
67, 79
67, 72
67, 73
67, 7
67, 71
67, 77
1, 28
1, 11
1, 26
1, 13
1, 41
1, 22
1, 49
1, 2
1, 55
28, 33
28, 32
28, 36
28, 37
28, 31
28, 34
28, 35
28, 30
28, 29
11, 13
11, 59
11, 16
11, 21
11, 20
11, 12
11, 58
11, 19
11, 17
26, 28
26, 33
26, 32
26, 36
26, 40
26, 39
26, 34
26, 38
26, 27
26, 31
13, 16
13, 59
13, 58
13, 19
13, 15
13, 60
13, 18
13, 17
13, 14
41, 49
41, 52
41, 53
41, 44
41, 46
41, 42
41, 43
41, 47
41, 45
22, 28
22, 26
22, 33
22, 25
22, 32
22, 23
22, 40
22, 36
22, 24
49, 51
49, 53
49, 50
49, 52
49, 48
2, 10
2, 7
2, 3
2, 61
2, 5
2, 9
2, 4
2, 6
2, 8
55, 56
55, 54
55, 57
1, 36
1, 55
1, 61
1, 18
1, 65
1, 26
1, 2
1, 44
1, 8
36, 44
36, 39
36, 40
36, 37
36, 41
36, 43
36, 54
36, 42
36, 38
55, 61
55, 65
55, 75
55, 58
55, 59
55, 76
55, 56
55, 57
55, 60
61, 65
61, 62
61, 69
61, 64
61, 71
61, 67
61, 63
61, 68
61, 66
18, 20
18, 22
18, 21
18, 25
18, 24
18, 80
18, 23
18, 19
18, 81
65, 69
65, 71
65, 66
65, 67
65, 68
65, 73
65, 72
65, 70
65, 74
26, 31
26, 32
26, 33
26, 30
26, 28
26, 29
26, 34
26, 27
26, 35
2, 79
2, 78
2, 6
2, 5
2, 77
2, 4
2, 7
2, 3
2, 82
44, 51
44, 45
44, 46
44, 48
44, 52
44, 49
44, 47
44, 53
44, 50
8, 13
8, 15
8, 11
8, 14
8, 12
8, 17
8, 9
8, 10
8, 16
10, 46
10, 18
10, 41
10, 30
10, 16
10, 12
10, 11
10, 27
10, 36
46, 48
46, 53
46, 50
46, 47
46, 49
46, 52
46, 54
46, 2
46, 51
18, 26
18, 21
18, 27
18, 19
18, 20
18, 24
18, 22
18, 23
18, 25
30, 34
30, 33
30, 32
30, 31
30, 8
30, 6
30, 35
30, 5
30, 9
16, 18
16, 27
16, 28
16, 21
16, 26
16, 19
16, 20
16, 29
16, 17
12, 13
12, 14
12, 15
12, 3
12, 7
27, 18
27, 30
27, 4
27, 33
27, 1
27, 35
36, 41
36, 43
36, 37
36, 45
36, 42
36, 44
36, 38
36, 40
36, 39
10, 13
10, 16
10, 52
10, 11
10, 68
10, 37
10, 26
10, 57
10, 45
13, 16
13, 26
13, 36
13, 1
13, 22
13, 15
13, 14
13, 23
13, 17
16, 22
16, 23
16, 17
16, 25
16, 20
16, 18
16, 19
16, 21
16, 24
52, 57
52, 54
52, 61
52, 66
52, 55
52, 67
52, 56
52, 53
52, 59
11, 13
11, 16
11, 26
11, 36
11, 22
11, 1
11, 15
11, 12
11, 14
68, 71
68, 74
68, 7
68, 69
68, 73
68, 75
68, 72
68, 6
68, 70
37, 44
37, 43
37, 41
37, 39
37, 9
37, 40
37, 42
37, 2
37, 38
26, 27
26, 32
26, 31
26, 33
26, 35
26, 29
26, 28
26, 34
26, 30
57, 61
57, 62
57, 59
57, 65
57, 63
57, 64
57, 8
57, 58
57, 60
45, 46
45, 48
45, 4
45, 3
45, 49
45, 47
45, 51
45, 5
45, 50
2, 23
2, 50
2, 70
2, 13
2, 60
2, 26
2, 3
2, 40
2, 73
23, 26
23, 35
23, 34
23, 38
23, 37
23, 36
23, 25
23, 24
23, 39
50, 55
50, 53
50, 58
50, 59
50, 52
50, 54
50, 51
50, 56
50, 57
70, 73
70, 83
70, 87
70, 86
70, 82
70, 84
70, 71
70, 72
70, 85
13, 20
13, 21
13, 16
13, 18
13, 17
13, 19
13, 22
13, 14
13, 15
60, 61
60, 69
60, 67
60, 64
60, 65
60, 66
60, 62
60, 68
60, 63
26, 33
26, 32
26, 31
26, 88
26, 29
26, 27
26, 28
26, 30
26, 1
3, 6
3, 10
3, 8
3, 5
3, 4
3, 12
3, 7
3, 11
3, 9
40, 49
40, 46
40, 47
40, 45
40, 42
40, 48
40, 44
40, 43
40, 41
73, 82
73, 78
73, 75
73, 76
73, 81
73, 74
73, 77
73, 79
73, 80
33, 41
33, 38
33, 54
33, 34
33, 65
33, 23
33, 51
33, 36
33, 39
33, 50
41, 47
41, 43
41, 46
41, 49
41, 42
41, 45
41, 48
41, 44
41, 22
38, 19
38, 18
38, 20
38, 21
38, 9
38, 2
38, 75
38, 11
38, 10
54, 59
54, 60
54, 56
54, 57
54, 55
54, 58
54, 16
54, 76
54, 7
34, 35
65, 69
65, 66
65, 72
65, 68
65, 70
65, 67
65, 3
65, 71
65, 4
23, 28
23, 30
23, 27
23, 31
23, 24
23, 32
23, 26
23, 25
23, 29
51, 54
51, 63
51, 53
51, 59
51, 62
51, 64
51, 61
51, 52
51, 60
36, 17
36, 37
36, 5
36, 6
36, 73
36, 8
36, 74
36, 13
36, 12
39, 40
50, 15
50, 14
50, 1
13, 40
13, 66
13, 30
13, 81
13, 76
13, 58
13, 20
13, 14
13, 50
40, 45
40, 47
40, 46
40, 43
40, 41
40, 42
40, 44
40, 49
40, 48
66, 74
66, 71
66, 72
66, 69
66, 67
66, 70
66, 75
66, 68
66, 73
30, 39
30, 38
30, 32
30, 31
30, 33
30, 36
30, 34
30, 35
30, 37
81, 85
81, 86
81, 83
81, 89
81, 84
81, 82
81, 88
81, 87
81, 12
76, 80
76, 78
76, 77
76, 79
76, 2
76, 10
76, 3
76, 1
76, 11
58, 62
58, 64
58, 65
58, 61
58, 59
58, 60
58, 63
58, 5
58, 90
20, 24
20, 23
20, 29
20, 27
20, 26
20, 28
20, 25
20, 22
20, 21
14, 15
14, 16
14, 17
14, 9
14, 19
14, 18
14, 6
14, 7
14, 8
50, 53
50, 52
50, 4
50, 55
50, 51
50, 57
50, 54
50, 56
50, 91
1, 49
1, 70
1, 81
1, 44
1, 2
1, 42
1, 22
1, 32
1, 60
1, 12
49, 57
49, 52
49, 50
49, 56
49, 51
49, 58
49, 55
49, 53
49, 54
70, 77
70, 91
70, 75
70, 71
70, 76
70, 74
70, 78
70, 72
70, 73
81, 83
81, 85
81, 87
81, 82
81, 86
81, 89
81, 88
81, 84
81, 90
44, 49
44, 59
44, 57
44, 47
44, 46
44, 45
44, 52
44, 48
44, 50
2, 4
2, 7
2, 6
2, 11
2, 8
2, 5
2, 3
2, 10
2, 9
42, 49
42, 70
42, 81
42, 44
42, 60
42, 43
42, 80
42, 59
42, 79
22, 31
22, 27
22, 24
22, 26
22, 29
22, 28
22, 23
22, 30
22, 25
32, 35
32, 36
32, 41
32, 40
32, 34
32, 38
32, 39
32, 37
32, 33
60, 64
60, 65
60, 61
60, 63
60, 66
60, 68
60, 69
60, 62
60, 67
12, 16
12, 21
12, 13
12, 19
12, 20
12, 15
12, 14
12, 17
12, 18
3, 47
3, 4
3, 44
3, 62
3, 23
3, 67
3, 13
3, 34
3, 9
3, 81
47, 51
47, 56
47, 54
47, 49
47, 48
47, 53
47, 52
47, 50
47, 55
4, 13
4, 9
4, 23
4, 7
4, 35
4, 6
4, 33
4, 34
4, 8
44, 47
44, 51
44, 46
44, 58
44, 60
44, 61
44, 45
44, 57
44, 59
62, 67
62, 80
62, 77
62, 63
62, 78
62, 65
62, 79
62, 64
62, 66
23, 26
23, 31
23, 32
23, 27
23, 25
23, 28
23, 24
23, 30
23, 29
67, 71
67, 69
67, 68
67, 72
67, 70
67, 73
67, 75
67, 76
67, 74
13, 16
13, 22
13, 17
13, 21
13, 18
13, 15
13, 14
13, 20
13, 19
34, 35
34, 40
34, 38
34, 41
34, 37
34, 42
34, 36
34, 43
34, 39
9, 11
9, 10
9, 12
9, 5
81, 85
81, 82
81, 84
81, 88
81, 87
81, 83
81, 86
81, 2
81, 1
2, 39
2, 3
2, 66
2, 56
2, 21
2, 83
2, 42
2, 8
2, 72
2, 28
39, 56
39, 42
39, 55
39, 52
39, 54
39, 40
39, 41
39, 53
39, 61
3, 8
3, 17
3, 6
3, 4
3, 5
3, 20
3, 18
3, 19
3, 7
66, 83
66, 72
66, 68
66, 69
66, 93
66, 67
66, 82
66, 70
66, 71
56, 61
56, 60
56, 62
56, 64
56, 59
56, 58
56, 57
56, 65
56, 63
21, 28
21, 27
21, 22
21, 24
21, 25
21, 23
21, 38
21, 34
21, 26
83, 88
83, 86
83, 90
83, 85
83, 89
83, 92
83, 91
83, 87
83, 84
42, 46
42, 47
42, 44
42, 43
42, 48
42, 51
42, 49
42, 50
42, 45
8, 13
8, 16
8, 9
8, 1
8, 15
8, 10
8, 12
8, 11
8, 14
72, 81
72, 77
72, 75
72, 73
72, 76
72, 80
72, 74
72, 78
72, 79
28, 34
28, 33
28, 32
28, 29
28, 31
28, 35
28, 36
28, 37
28, 30
63, 65
63, 76
63, 1
63, 43
63, 84
63, 33
63, 23
63, 53
63, 12
65, 73
65, 72
65, 68
65, 71
65, 70
65, 69
65, 67
65, 74
65, 66
76, 79
76, 9
76, 77
76, 78
76, 80
76, 22
76, 82
76, 83
76, 81
1, 2
1, 6
1, 5
1, 3
1, 9
1, 4
1, 7
1, 10
1, 8
43, 45
43, 48
43, 47
43, 46
43, 44
43, 51
43, 50
43, 52
43, 49
84, 86
84, 85
84, 89
84, 64
84, 75
84, 74
84, 87
84, 88
84, 11
33, 35
33, 37
33, 34
33, 41
33, 39
33, 38
33, 36
33, 40
33, 42
23, 26
23, 29
23, 25
23, 24
23, 31
23, 30
23, 32
23, 27
23, 28
53, 57
53, 60
53, 58
53, 55
53, 59
53, 54
53, 56
53, 61
53, 62
12, 15
12, 16
12, 18
12, 20
12, 21
12, 17
12, 14
12, 19
12, 13
1, 62
1, 73
1, 50
1, 22
1, 24
1, 2
1, 74
1, 12
1, 51
1, 40
62, 66
62, 68
62, 69
62, 65
62, 71
62, 64
62, 70
62, 63
62, 67
73, 74
73, 76
73, 85
73, 89
73, 88
73, 87
73, 86
73, 84
73, 81
50, 62
50, 73
50, 74
50, 66
50, 61
50, 51
50, 85
50, 72
50, 76
22, 24
22, 40
22, 38
22, 34
22, 35
22, 23
22, 36
22, 37
22, 39
24, 31
24, 33
24, 26
24, 28
24, 25
24, 32
24, 27
24, 30
24, 29
2, 6
2, 5
2, 3
2, 11
2, 8
2, 4
2, 9
2, 10
2, 7
74, 76
74, 81
74, 75
74, 83
74, 82
74, 78
74, 80
74, 77
74, 79
12, 20
12, 15
12, 14
12, 21
12, 13
12, 16
12, 17
12, 19
12, 18
51, 59
51, 54
51, 55
51, 53
51, 58
51, 60
51, 57
51, 52
51, 56
40, 44
40, 46
40, 42
40, 43
40, 41
40, 48
40, 47
40, 49
40, 45
4, 28
4, 31
4, 69
4, 59
4, 25
4, 29
4, 5
4, 15
4, 74
4, 49
28, 31
28, 29
28, 45
28, 43
28, 41
28, 44
28, 46
28, 39
28, 42
31, 39
31, 32
31, 34
31, 37
31, 38
31, 33
31, 2
31, 36
31, 35
69, 74
69, 72
69, 70
69, 73
69, 82
69, 71
69, 84
69, 83
69, 85
59, 63
59, 64
59, 60
59, 61
59, 67
59, 65
59, 62
59, 68
59, 66
25, 28
25, 31
25, 29
25, 26
25, 43
25, 41
25, 48
25, 47
25, 27
29, 31
29, 39
29, 40
29, 30
29, 34
29, 32
29, 37
29, 38
29, 2
5, 6
5, 10
5, 8
5, 7
5, 11
5, 9
5, 14
5, 13
5, 12
15, 24
15, 18
15, 19
15, 22
15, 16
15, 23
15, 20
15, 17
15, 21
74, 75
74, 81
74, 76
74, 1
74, 77
74, 3
74, 79
74, 78
74, 80
49, 55
49, 52
49, 57
49, 54
49, 53
49, 56
49, 50
49, 58
49, 51
23, 47
23, 41
23, 37
23, 2
23, 32
23, 30
23, 26
23, 27
23, 34
23, 24
47, 39
47, 53
47, 48
47, 43
47, 51
41, 42
41, 16
41, 37
41, 46
41, 17
41, 44
41, 38
41, 35
41, 36
37, 16
2, 3
2, 7
2, 6
2, 8
2, 9
2, 4
2, 5
2, 11
2, 10
32, 47
32, 41
32, 37
32, 34
32, 33
32, 42
32, 44
32, 40
32, 45
30, 31
30, 27
26, 50
26, 58
26, 55
26, 57
26, 49
26, 56
26, 1
26, 59
26, 22
27, 29
27, 28
34, 12
34, 54
34, 21
34, 52
24, 20
24, 25
24, 60
24, 14
24, 19
24, 15
24, 13
24, 61
24, 18
42, 12
42, 45
42, 43
42, 46
42, 22
42, 51
42, 65
42, 1
42, 32
42, 49
12, 14
12, 16
12, 15
12, 20
12, 13
12, 19
12, 21
12, 18
12, 17
45, 49
45, 51
45, 46
45, 57
45, 61
45, 60
45, 54
45, 58
45, 59
43, 45
43, 46
43, 51
43, 49
43, 65
43, 63
43, 62
43, 44
43, 57
46, 49
46, 47
46, 75
46, 74
22, 28
22, 27
22, 25
22, 26
22, 23
22, 24
22, 30
22, 31
22, 29
51, 49
51, 52
51, 53
51, 11
51, 48
65, 67
65, 69
65, 66
65, 68
65, 70
65, 71
65, 73
65, 76
65, 64
1, 10
1, 4
1, 9
1, 2
1, 5
1, 6
1, 3
1, 7
1, 8
32, 36
32, 35
32, 34
32, 38
32, 37
32, 33
32, 41
32, 39
32, 40
49, 51
49, 54
49, 52
49, 50
49, 53
49, 56
49, 55
49, 77
49, 72
1, 12
1, 19
1, 26
1, 6
1, 24
1, 11
1, 10
1, 21
1, 2
12, 13
12, 14
12, 15
12, 2
12, 17
12, 16
12, 37
12, 39
12, 11
26, 18
26, 20
26, 48
26, 40
26, 28
26, 61
6, 8
6, 9
6, 29
6, 7
6, 36
6, 30
6, 60
6, 50
6, 55
24, 25
24, 42
24, 44
24, 41
24, 35
24, 45
24, 34
24, 43
24, 51
11, 22
11, 5
11, 23
10, 33
10, 32
10, 52
10, 46
10, 62
10, 47
10, 38
10, 56
10, 31
2, 3
2, 4
2, 53
2, 59
2, 49
2, 58
2, 57
2, 54
2, 27
1, 71
1, 41
1, 31
1, 2
1, 91
1, 22
1, 61
1, 51
1, 12
1, 81
71, 78
71, 80
71, 76
71, 75
71, 74
71, 79
71, 77
71, 73
71, 72
41, 49
41, 42
41, 43
41, 48
41, 45
41, 46
41, 44
41, 47
41, 50
31, 34
31, 32
31, 36
31, 39
31, 35
31, 40
31, 33
31, 37
31, 38
2, 10
2, 11
2, 8
2, 9
2, 6
2, 4
2, 7
2, 3
2, 5
91, 92
91, 101
91, 97
91, 98
91, 94
91, 96
91, 95
91, 99
91, 93
22, 29
22, 25
22, 24
22, 23
22, 30
22, 27
22, 100
22, 28
22, 26
61, 67
61, 64
61, 65
61, 66
61, 68
61, 63
61, 70
61, 62
61, 69
51, 60
51, 53
51, 54
51, 59
51, 57
51, 56
51, 58
51, 52
51, 55
12, 15
12, 13
12, 19
12, 18
12, 16
12, 21
12, 14
12, 17
12, 20
81, 88
81, 85
81, 87
81, 89
81, 86
81, 83
81, 90
81, 84
81, 82
4, 8
4, 5
4, 47
4, 7
4, 35
4, 45
4, 25
4, 62
4, 14
4, 23
8, 18
8, 9
8, 14
8, 12
8, 19
8, 17
8, 10
8, 11
8, 13
5, 8
5, 7
5, 23
5, 14
5, 12
5, 24
5, 21
5, 18
5, 9
47, 53
47, 52
47, 50
47, 56
47, 51
47, 48
47, 49
47, 55
47, 54
7, 8
7, 14
7, 18
7, 12
7, 9
7, 19
7, 20
7, 17
7, 10
35, 44
35, 42
35, 39
35, 40
35, 43
35, 37
35, 41
35, 36
35, 38
45, 47
45, 53
45, 46
45, 60
45, 61
45, 59
45, 58
45, 57
45, 50
25, 28
25, 29
25, 26
25, 33
25, 30
25, 34
25, 32
25, 27
25, 31
62, 70
62, 65
62, 67
62, 63
62, 66
62, 68
62, 71
62, 64
62, 69
14, 75
14, 16
14, 3
14, 15
14, 73
14, 6
14, 74
14, 72
14, 2
23, 80
23, 6
23, 78
23, 77
23, 74
23, 22
23, 1
23, 79
23, 76
1, 21
1, 13
1, 10
1, 31
1, 2
1, 4
1, 34
1, 22
1, 14
1, 20
21, 22
21, 23
21, 27
21, 24
21, 25
21, 30
21, 28
21, 29
21, 26
13, 52
10, 13
10, 19
10, 15
10, 14
10, 18
10, 12
10, 17
10, 11
10, 16
31, 36
31, 34
31, 35
31, 32
31, 37
31, 38
31, 39
31, 33
31, 44
2, 3
4, 9
4, 6
4, 8
4, 5
4, 7
4, 48
4, 43
4, 47
4, 56
34, 53
34, 40
34, 25
22, 23
22, 46
22, 49
22, 54
22, 28
22, 55
22, 51
22, 50
22, 45
20, 41
20, 42
20, 25
1, 50
1, 23
1, 70
1, 80
1, 22
1, 35
1, 2
1, 60
1, 12
50, 54
50, 51
50, 57
50, 52
50, 56
50, 53
50, 55
50, 59
50, 58
23, 28
23, 30
23, 26
23, 27
23, 25
23, 24
23, 29
23, 32
23, 31
70, 73
70, 79
70, 74
70, 76
70, 72
70, 78
70, 75
70, 77
70, 71
80, 85
80, 86
80, 88
80, 84
80, 81
80, 89
80, 82
80, 83
80, 87
22, 23
22, 35
22, 34
22, 33
22, 48
22, 47
22, 46
22, 45
22, 49
35, 39
35, 37
35, 42
35, 41
35, 40
35, 38
35, 36
35, 43
35, 44
2, 6
2, 11
2, 9
2, 8
2, 3
2, 5
2, 4
2, 7
2, 10
60, 62
60, 69
60, 61
60, 66
60, 64
60, 67
60, 68
60, 63
60, 65
12, 16
12, 14
12, 15
12, 19
12, 17
12, 18
12, 20
12, 21
12, 13
2, 7
2, 9
2, 6
2, 12
2, 8
2, 4
2, 5
2, 11
2, 13
9, 10
9, 1
9, 35
9, 28
9, 14
9, 34
9, 24
9, 21
9, 15
6, 41
6, 33
6, 23
6, 29
6, 16
6, 20
6, 25
6, 32
6, 36
12, 44
12, 43
12, 45
4, 14
4, 47
4, 40
4, 17
4, 31
4, 46
4, 30
4, 18
4, 19
5, 37
5, 26
5, 39
5, 22
5, 29
5, 27
5, 16
5, 25
5, 38
11, 3
11, 42
3, 56
3, 33
3, 38
3, 7
3, 17
3, 63
3, 5
3, 49
3, 27
56, 63
56, 60
56, 71
56, 57
56, 61
56, 59
56, 70
56, 62
56, 58
33, 38
33, 35
33, 46
33, 47
33, 48
33, 37
33, 34
33, 45
33, 36
38, 41
38, 43
38, 42
38, 40
38, 44
38, 39
38, 63
38, 6
38, 80
7, 13
7, 14
7, 9
7, 10
7, 8
7, 11
7, 16
7, 12
7, 15
17, 19
17, 26
17, 25
17, 22
17, 20
17, 24
17, 18
17, 23
17, 21
63, 69
63, 64
63, 68
63, 67
63, 66
63, 65
63, 1
63, 13
63, 76
5, 74
5, 49
5, 4
5, 73
5, 26
5, 75
5, 72
5, 81
5, 82
49, 54
49, 51
49, 73
49, 55
49, 52
49, 50
49, 53
49, 75
49, 81
27, 28
27, 31
27, 29
27, 30
27, 32
27, 77
27, 79
27, 2
27, 78
1, 57
1, 16
1, 6
1, 2
1, 50
1, 63
1, 26
1, 28
1, 42
1, 76
57, 63
57, 75
57, 73
57, 62
57, 59
57, 74
57, 60
57, 58
57, 61
16, 21
16, 20
16, 25
16, 19
16, 24
16, 23
16, 18
16, 22
16, 17
6, 13
6, 11
6, 8
6, 15
6, 9
6, 14
6, 10
6, 7
6, 12
2, 3
2, 5
2, 4
2, 86
50, 53
50, 52
50, 55
50, 51
50, 54
50, 34
50, 27
50, 35
50, 41
63, 67
63, 71
63, 70
63, 65
63, 69
63, 72
63, 64
63, 66
63, 68
26, 50
26, 42
26, 28
26, 40
26, 37
26, 32
26, 31
26, 47
26, 38
28, 30
28, 29
28, 33
42, 45
42, 44
42, 46
42, 43
42, 48
42, 49
42, 56
42, 36
42, 39
76, 79
76, 81
76, 77
76, 84
76, 85
76, 83
76, 80
76, 82
76, 78
3, 7
3, 21
3, 38
3, 40
3, 10
3, 49
3, 12
3, 31
3, 5
3, 35
7, 38
7, 21
7, 40
7, 10
7, 49
7, 12
7, 31
7, 2
7, 35
21, 26
21, 27
21, 22
21, 25
21, 23
21, 29
21, 24
21, 28
21, 30
38, 39
38, 12
38, 23
38, 9
38, 43
38, 45
38, 51
38, 8
38, 34
40, 41
40, 42
40, 16
40, 53
40, 24
40, 35
40, 54
40, 46
40, 52
10, 12
10, 16
10, 11
10, 13
10, 18
10, 17
10, 15
10, 20
10, 14
49, 47
49, 50
49, 37
49, 19
49, 36
49, 59
49, 48
49, 58
49, 60
12, 8
12, 38
12, 65
31, 32
31, 11
31, 64
31, 56
31, 55
31, 22
31, 44
5, 6
5, 62
5, 66
5, 57
5, 1
5, 61
5, 4
5, 63
35, 40
35, 16
35, 33
10, 23
10, 28
10, 20
10, 12
10, 19
10, 31
10, 14
10, 11
10, 16
23, 24
23, 45
23, 46
28, 52
28, 42
28, 49
28, 29
28, 44
28, 53
20, 23
20, 28
20, 25
20, 29
20, 26
20, 22
20, 30
20, 21
20, 27
12, 54
19, 38
19, 9
19, 7
31, 32
31, 36
31, 34
31, 37
31, 33
31, 35
31, 5
31, 51
31, 1
14, 15
14, 39
14, 6
14, 40
14, 18
11, 2
11, 13
11, 4
11, 17
11, 50
11, 3
11, 48
11, 55
11, 47
16, 41
16, 43
16, 8
8, 29
8, 39
8, 73
8, 49
8, 9
8, 19
8, 59
8, 83
8, 63
29, 38
29, 35
29, 32
29, 36
29, 37
29, 34
29, 31
29, 33
29, 30
39, 41
39, 45
39, 47
39, 46
39, 43
39, 44
39, 40
39, 42
39, 48
73, 78
73, 79
73, 80
73, 81
73, 77
73, 82
73, 74
73, 76
73, 75
49, 55
49, 54
49, 56
49, 51
49, 50
49, 52
49, 53
49, 57
49, 58
9, 18
9, 10
9, 15
9, 14
9, 13
9, 12
9, 17
9, 11
9, 16
19, 22
19, 20
19, 23
19, 25
19, 26
19, 24
19, 28
19, 27
19, 21
59, 3
59, 60
59, 61
59, 62
59, 5
59, 2
59, 4
59, 6
59, 1
83, 86
83, 89
83, 84
83, 85
83, 90
83, 88
83, 87
83, 91
83, 7
63, 66
63, 65
63, 72
63, 69
63, 70
63, 71
63, 68
63, 64
63, 67
1, 32
1, 89
1, 12
1, 44
1, 79
1, 34
1, 2
1, 22
1, 59
1, 69
32, 34
32, 44
32, 57
32, 58
32, 56
32, 54
32, 43
32, 55
32, 33
89, 91
89, 97
89, 95
89, 96
89, 98
89, 93
89, 94
89, 92
89, 90
12, 21
12, 18
12, 17
12, 20
12, 13
12, 14
12, 15
12, 19
12, 16
44, 53
44, 46
44, 49
44, 50
44, 45
44, 48
44, 47
44, 52
44, 51
79, 83
79, 82
79, 81
79, 86
79, 85
79, 88
79, 84
79, 87
79, 80
34, 43
34, 38
34, 39
34, 41
34, 42
34, 35
34, 37
34, 40
34, 36
2, 7
2, 8
2, 11
2, 6
2, 9
2, 5
2, 3
2, 10
2, 4
22, 25
22, 30
22, 28
22, 24
22, 31
22, 26
22, 27
22, 23
22, 29
59, 64
59, 67
59, 68
59, 62
59, 61
59, 65
59, 60
59, 63
59, 66
69, 74
69, 72
69, 77
69, 76
69, 75
69, 71
69, 73
69, 70
69, 78
2, 73
2, 42
2, 68
2, 43
2, 22
2, 3
2, 32
2, 58
2, 75
2, 12
73, 75
73, 86
73, 88
73, 85
73, 87
73, 91
73, 74
73, 89
73, 90
42, 43
42, 53
42, 55
42, 46
42, 57
42, 54
42, 47
42, 56
42, 51
68, 73
68, 75
68, 72
68, 92
68, 69
68, 70
68, 71
68, 93
68, 94
43, 46
43, 51
43, 47
43, 44
43, 52
43, 49
43, 45
43, 48
43, 50
22, 25
22, 24
22, 28
22, 23
22, 26
22, 29
22, 30
22, 27
22, 31
3, 8
3, 6
3, 11
3, 1
3, 5
3, 4
3, 7
3, 9
3, 10
32, 38
32, 36
32, 33
32, 34
32, 40
32, 41
32, 35
32, 39
32, 37
58, 60
58, 63
58, 64
58, 66
58, 61
58, 65
58, 59
58, 62
58, 67
75, 82
75, 83
75, 78
75, 77
75, 76
75, 79
75, 80
75, 81
75, 84
12, 17
12, 21
12, 13
12, 14
12, 18
12, 19
12, 16
12, 15
12, 20
18, 54
18, 25
18, 38
18, 35
18, 19
18, 52
18, 73
18, 62
18, 66
18, 21
54, 58
54, 57
54, 60
54, 55
54, 56
54, 59
54, 9
25, 30
25, 33
25, 34
25, 32
25, 27
25, 28
25, 26
25, 31
25, 29
38, 45
38, 41
38, 40
38, 8
38, 44
38, 46
38, 43
38, 42
38, 39
35, 38
35, 45
35, 40
35, 36
35, 8
35, 49
35, 47
35, 48
35, 37
19, 21
19, 20
19, 24
19, 23
19, 22
19, 51
19, 64
19, 65
19, 50
52, 11
52, 53
52, 10
52, 12
52, 13
73, 17
73, 14
73, 69
62, 4
62, 63
62, 3
62, 2
62, 6
62, 61
62, 5
62, 16
62, 7
66, 70
66, 72
66, 67
66, 71
66, 68
21, 23
21, 22
21, 15
21, 20
21, 1
12, 44
12, 27
12, 37
12, 23
12, 52
12, 57
12, 14
12, 19
12, 55
44, 45
44, 43
44, 47
44, 48
44, 46
44, 7
44, 9
44, 49
44, 59
27, 28
27, 32
27, 34
27, 29
27, 31
27, 33
27, 30
27, 26
27, 43
37, 40
37, 39
37, 41
37, 38
37, 2
37, 50
37, 13
37, 62
37, 36
23, 10
23, 19
23, 35
23, 42
52, 3
52, 8
52, 63
52, 54
52, 51
52, 53
57, 56
14, 18
14, 15
14, 16
14, 60
14, 17
14, 58
14, 25
14, 6
14, 5
19, 23
19, 61
19, 20
19, 21
19, 1
19, 24
19, 22
19, 64
19, 11
55, 4
55, 65
9, 29
9, 53
9, 42
9, 11
9, 10
9, 56
9, 67
9, 17
9, 26
29, 38
29, 37
29, 35
29, 30
29, 32
29, 36
29, 31
29, 34
29, 33
53, 56
53, 60
53, 59
53, 54
53, 61
53, 55
53, 62
53, 57
53, 58
42, 49
42, 48
42, 51
42, 50
42, 45
42, 47
42, 44
42, 43
42, 46
11, 12
11, 52
11, 64
11, 14
11, 13
11, 1
10, 66
10, 6
10, 63
10, 16
10, 78
10, 79
10, 25
10, 83
10, 8
56, 59
56, 58
56, 57
56, 5
56, 3
56, 7
56, 4
56, 81
56, 2
67, 75
67, 74
67, 69
67, 71
67, 68
67, 73
67, 70
67, 76
67, 72
17, 22
17, 19
17, 24
17, 23
17, 18
17, 20
17, 21
17, 82
17, 15
26, 77
26, 27
26, 28
26, 39
26, 41
26, 40
26, 80
26, 65
8, 16
8, 36
8, 86
8, 74
8, 26
8, 54
8, 46
8, 9
8, 64
8, 51
16, 17
16, 19
16, 22
16, 24
16, 21
16, 25
16, 20
16, 23
16, 18
36, 42
36, 40
36, 39
36, 41
36, 37
36, 38
36, 43
36, 44
36, 45
86, 89
86, 87
86, 94
86, 95
86, 90
86, 92
86, 88
86, 91
86, 93
74, 75
74, 78
74, 80
74, 76
74, 77
74, 83
74, 81
74, 79
74, 82
26, 29
26, 27
26, 32
26, 28
26, 34
26, 35
26, 33
26, 30
26, 31
54, 58
54, 60
54, 59
54, 55
54, 61
54, 63
54, 57
54, 62
54, 56
46, 48
46, 49
46, 2
46, 50
46, 47
46, 4
46, 5
46, 1
46, 3
9, 10
9, 11
9, 15
9, 13
9, 12
9, 14
9, 97
9, 6
9, 7
64, 71
64, 69
64, 70
64, 65
64, 68
64, 67
64, 73
64, 66
64, 72
51, 54
51, 86
51, 74
51, 64
51, 85
51, 96
51, 52
51, 53
51, 84
8, 19
8, 33
8, 59
8, 88
8, 49
8, 78
8, 68
8, 44
8, 23
8, 9
19, 33
19, 44
19, 23
19, 21
19, 43
19, 22
19, 42
19, 4
19, 20
33, 36
33, 40
33, 38
33, 98
33, 39
33, 35
33, 37
33, 34
33, 3
59, 67
59, 64
59, 63
59, 1
59, 60
59, 66
59, 62
59, 65
59, 61
88, 90
88, 97
88, 94
88, 92
88, 95
88, 93
88, 96
88, 91
88, 89
49, 56
49, 57
49, 58
49, 53
49, 51
49, 54
49, 52
49, 55
49, 50
78, 80
78, 83
78, 85
78, 81
78, 87
78, 86
78, 82
78, 79
78, 84
68, 74
68, 71
68, 69
68, 77
68, 75
68, 73
68, 72
68, 76
68, 70
44, 48
44, 45
44, 5
44, 2
44, 47
44, 7
44, 46
44, 6
44, 41
23, 27
23, 28
23, 31
23, 29
23, 30
23, 26
23, 25
23, 24
23, 32
9, 17
9, 16
9, 18
9, 14
9, 12
9, 13
9, 11
9, 10
9, 15
16, 66
16, 75
16, 37
16, 1
16, 45
16, 68
16, 56
16, 17
16, 19
16, 27
66, 75
66, 1
66, 68
66, 87
66, 3
66, 67
66, 5
66, 86
66, 85
75, 5
75, 79
75, 76
75, 81
75, 78
75, 82
75, 80
75, 77
75, 83
37, 45
37, 41
37, 11
37, 42
37, 38
37, 43
37, 40
37, 44
37, 39
1, 3
1, 5
1, 2
1, 7
1, 6
1, 8
1, 9
1, 10
1, 4
45, 53
45, 52
45, 54
45, 46
45, 50
45, 51
45, 49
45, 48
45, 47
68, 14
68, 71
68, 73
68, 69
68, 72
68, 15
68, 74
68, 70
68, 84
56, 60
56, 58
56, 65
56, 63
56, 64
56, 59
56, 62
56, 57
56, 61
17, 19
17, 24
17, 25
17, 18
17, 21
17, 23
17, 26
17, 22
17, 20
19, 20
19, 25
19, 12
19, 13
19, 55
27, 28
27, 30
27, 31
27, 35
27, 29
27, 33
27, 32
27, 36
27, 34
6, 25
6, 84
6, 76
6, 8
6, 41
6, 53
6, 66
6, 82
6, 19
6, 30
25, 30
25, 40
25, 41
25, 51
25, 26
25, 27
25, 28
25, 29
25, 39
84, 85
84, 93
84, 92
84, 89
84, 91
84, 88
84, 90
84, 86
84, 87
76, 84
76, 82
76, 78
76, 79
76, 77
76, 80
76, 94
76, 83
76, 81
8, 12
8, 14
8, 16
8, 11
8, 10
8, 17
8, 15
8, 13
8, 9
41, 48
41, 47
41, 45
41, 44
41, 50
41, 42
41, 43
41, 46
41, 49
53, 62
53, 59
53, 56
53, 61
53, 54
53, 60
53, 55
53, 58
53, 57
66, 74
66, 71
66, 67
66, 69
66, 73
66, 70
66, 68
66, 4
66, 72
82, 22
82, 96
82, 52
82, 5
82, 24
82, 97
82, 63
82, 23
82, 3
19, 21
19, 1
19, 65
19, 20
19, 2
19, 75
19, 18
19, 64
19, 7
30, 33
30, 34
30, 31
30, 38
30, 95
30, 36
30, 37
30, 32
30, 35
1, 49
1, 39
1, 2
1, 65
1, 50
1, 32
1, 22
1, 75
1, 12
49, 65
49, 50
49, 75
49, 61
49, 84
49, 62
49, 63
49, 60
49, 64
39, 46
39, 44
39, 45
39, 40
39, 47
39, 43
39, 42
39, 41
39, 48
2, 7
2, 3
2, 4
2, 8
2, 10
2, 9
2, 11
2, 6
2, 5
65, 73
65, 71
65, 70
65, 68
65, 66
65, 69
65, 74
65, 72
65, 67
50, 52
50, 58
50, 51
50, 56
50, 59
50, 55
50, 53
50, 54
50, 57
32, 39
32, 34
32, 36
32, 35
32, 33
32, 46
32, 37
32, 38
32, 44
22, 30
22, 26
22, 28
22, 24
22, 25
22, 31
22, 23
22, 29
22, 27
75, 80
75, 79
75, 78
75, 81
75, 83
75, 82
75, 77
75, 76
12, 19
12, 21
12, 18
12, 13
12, 15
12, 14
12, 16
12, 17
12, 20
1, 23
1, 21
1, 34
1, 76
1, 71
1, 2
1, 12
1, 51
1, 61
1, 37
23, 28
23, 29
23, 26
23, 30
23, 32
23, 25
23, 24
23, 31
23, 27
21, 23
21, 34
21, 37
21, 49
21, 33
21, 22
21, 28
21, 50
21, 30
34, 44
34, 41
34, 47
34, 43
34, 39
34, 37
34, 36
34, 35
34, 85
76, 77
76, 78
76, 79
76, 80
71, 76
71, 83
71, 72
71, 84
71, 82
71, 74
71, 81
71, 73
71, 75
2, 7
2, 3
2, 11
2, 9
2, 6
2, 4
2, 8
2, 10
2, 5
12, 18
12, 20
12, 15
12, 13
12, 19
12, 17
12, 16
12, 14
51, 54
51, 52
51, 59
51, 55
51, 58
51, 57
51, 53
51, 60
51, 56
61, 65
61, 69
61, 66
61, 68
61, 62
61, 63
61, 70
61, 64
61, 67
37, 46
37, 44
37, 47
37, 45
37, 39
37, 40
37, 38
37, 48
37, 42
8, 14
8, 9
8, 37
8, 36
8, 30
8, 29
8, 26
8, 32
8, 43
8, 21
14, 18
14, 17
14, 16
14, 15
14, 19
14, 54
14, 25
9, 11
9, 13
9, 12
9, 10
9, 53
9, 3
9, 56
37, 43
37, 46
37, 45
37, 42
37, 44
37, 40
37, 41
37, 47
37, 39
36, 71
30, 32
30, 31
30, 34
30, 35
30, 33
30, 52
30, 70
30, 59
30, 69
29, 68
29, 62
29, 64
26, 27
26, 67
26, 66
26, 55
26, 5
26, 50
26, 63
26, 58
43, 51
43, 61
43, 49
43, 38
43, 7
43, 4
43, 60
43, 48
43, 6
21, 24
21, 22
21, 23
21, 20
21, 2
21, 1
21, 28
21, 65
21, 57
3, 32
3, 41
3, 15
3, 33
3, 4
3, 52
3, 62
3, 75
3, 22
3, 85
32, 41
32, 33
32, 52
32, 75
32, 62
32, 72
32, 74
32, 51
32, 73
41, 46
41, 45
41, 49
41, 44
41, 50
41, 42
41, 48
41, 47
41, 43
15, 22
15, 18
15, 21
15, 31
15, 17
15, 16
15, 19
15, 28
15, 20
33, 36
33, 38
33, 2
33, 34
33, 35
33, 40
33, 37
33, 39
33, 1
4, 5
4, 6
4, 11
4, 8
4, 12
4, 9
4, 10
4, 7
4, 13
52, 53
52, 56
52, 57
52, 59
52, 61
52, 58
52, 60
52, 54
52, 55
62, 64
62, 71
62, 67
62, 70
62, 65
62, 68
62, 66
62, 63
62, 69
75, 83
75, 80
75, 76
75, 82
75, 78
75, 79
75, 84
75, 81
75, 77
22, 28
22, 23
22, 24
22, 25
22, 30
22, 27
22, 29
22, 26
22, 14
85, 89
85, 87
85, 92
85, 91
85, 93
85, 88
85, 90
85, 94
85, 86
1, 32
1, 2
1, 8
1, 61
1, 45
1, 30
1, 48
1, 71
1, 20
32, 38
32, 36
32, 40
32, 34
32, 35
32, 41
32, 33
32, 37
32, 39
2, 8
2, 4
2, 18
2, 19
2, 12
2, 3
2, 5
2, 7
2, 6
8, 12
8, 17
8, 11
8, 13
8, 9
8, 15
8, 16
8, 14
8, 10
61, 68
61, 62
61, 66
61, 65
61, 69
61, 70
61, 63
61, 67
61, 64
45, 48
45, 47
45, 60
45, 59
45, 53
45, 58
45, 57
45, 50
45, 46
30, 32
30, 44
30, 42
30, 38
30, 36
30, 34
30, 43
30, 40
30, 31
48, 50
48, 57
48, 53
48, 51
48, 52
48, 55
48, 49
48, 56
48, 54
71, 74
71, 73
71, 78
71, 75
71, 76
71, 77
71, 79
71, 72
71, 80
20, 24
20, 26
20, 21
20, 22
20, 25
20, 23
20, 27
20, 29
20, 28
1, 2
1, 53
1, 63
1, 73
1, 13
1, 23
1, 83
1, 44
1, 3
1, 34
2, 53
2, 73
2, 63
2, 13
2, 23
2, 44
2, 34
2, 33
2, 3
53, 55
53, 56
53, 59
53, 62
53, 60
53, 54
53, 58
53, 57
53, 61
63, 64
63, 66
63, 71
63, 70
63, 65
63, 68
63, 69
63, 72
63, 67
73, 76
73, 78
73, 77
73, 79
73, 82
73, 74
73, 75
73, 80
73, 81
13, 20
13, 16
13, 18
13, 15
13, 19
13, 17
13, 22
13, 14
13, 21
23, 30
23, 28
23, 29
23, 27
23, 32
23, 24
23, 31
23, 26
23, 25
83, 87
83, 91
83, 85
83, 89
83, 90
83, 84
83, 86
83, 92
83, 88
44, 45
44, 52
44, 46
44, 47
44, 49
44, 51
44, 93
44, 50
44, 48
3, 11
3, 12
3, 10
3, 6
3, 9
3, 5
3, 7
3, 4
3, 8
34, 41
34, 40
34, 36
34, 39
34, 35
34, 42
34, 38
34, 43
34, 37
3, 58
3, 38
3, 14
3, 54
3, 4
3, 61
3, 41
3, 26
3, 32
3, 66
58, 66
58, 65
58, 61
58, 60
58, 62
58, 59
58, 64
58, 67
58, 68
38, 41
38, 48
38, 49
38, 50
38, 39
38, 40
38, 52
38, 51
38, 53
14, 15
14, 23
14, 17
14, 16
14, 18
14, 21
14, 20
14, 19
14, 22
54, 58
54, 61
54, 66
54, 60
54, 65
54, 62
54, 56
54, 55
54, 57
4, 7
4, 11
4, 5
4, 8
4, 10
4, 12
4, 6
4, 13
4, 9
61, 63
41, 42
41, 45
41, 44
41, 47
41, 46
41, 25
41, 1
41, 43
41, 24
26, 32
26, 29
26, 27
26, 35
26, 28
26, 34
26, 33
26, 30
26, 31
32, 37
32, 2
32, 36
32, 70
66, 71
66, 58
66, 72
66, 69
23, 43
23, 25
23, 47
23, 38
23, 55
23, 34
23, 53
23, 44
23, 36
43, 47
43, 44
43, 45
43, 50
43, 13
43, 46
43, 60
43, 22
43, 64
25, 32
25, 33
25, 61
25, 26
25, 30
25, 29
25, 27
25, 31
25, 28
47, 62
47, 48
47, 49
47, 5
47, 14
47, 3
47, 9
47, 8
47, 2
38, 41
38, 42
38, 39
38, 40
55, 56
55, 10
55, 58
34, 45
34, 63
34, 6
34, 4
34, 59
34, 11
34, 7
34, 12
34, 1
53, 54
53, 16
53, 57
53, 17
44, 15
36, 37
36, 51
36, 52
36, 19
36, 18
36, 24
36, 20
36, 35
36, 21
1, 21
1, 78
1, 64
1, 88
1, 31
1, 41
1, 51
1, 12
1, 53
1, 2
21, 28
21, 27
21, 29
21, 24
21, 30
21, 26
21, 22
21, 25
21, 23
78, 79
78, 87
78, 82
78, 84
78, 85
78, 83
78, 86
78, 80
78, 81
64, 73
64, 65
64, 69
64, 71
64, 67
64, 68
64, 70
64, 72
64, 66
88, 93
88, 92
88, 89
88, 96
88, 91
88, 97
88, 95
88, 90
88, 94
31, 34
31, 39
31, 37
31, 33
31, 35
31, 32
31, 40
31, 38
31, 36
41, 48
41, 42
41, 47
41, 50
41, 46
41, 43
41, 49
41, 44
41, 45
51, 78
51, 64
51, 53
51, 52
51, 74
51, 75
51, 63
51, 77
51, 76
12, 13
12, 15
12, 20
12, 18
12, 16
12, 14
12, 17
12, 19
12, 98
53, 57
53, 54
53, 55
53, 59
53, 62
53, 56
53, 61
53, 58
53, 60
2, 9
2, 6
2, 4
2, 8
2, 3
2, 11
2, 5
2, 10
2, 7
1, 52
1, 82
1, 92
1, 72
1, 42
1, 62
1, 22
1, 2
1, 32
1, 12
52, 57
52, 59
52, 61
52, 54
52, 58
52, 56
52, 60
52, 53
52, 55
82, 89
82, 83
82, 91
82, 87
82, 88
82, 84
82, 86
82, 90
82, 85
92, 101
92, 94
92, 99
92, 93
92, 97
92, 95
92, 96
92, 100
92, 98
72, 75
72, 78
72, 73
72, 77
72, 80
72, 81
72, 76
72, 74
72, 79
42, 49
42, 50
42, 48
42, 46
42, 45
42, 43
42, 51
42, 47
42, 44
62, 66
62, 71
62, 64
62, 65
62, 67
62, 70
62, 63
62, 69
62, 68
22, 29
22, 25
22, 31
22, 24
22, 23
22, 26
22, 28
22, 27
22, 30
2, 6
2, 8
2, 9
2, 3
2, 7
2, 11
2, 5
2, 10
2, 4
32, 34
32, 40
32, 37
32, 35
32, 38
32, 39
32, 33
32, 36
32, 41
12, 20
12, 16
12, 18
12, 13
12, 14
12, 15
12, 17
12, 19
12, 21
1, 39
1, 22
1, 58
1, 88
1, 29
1, 68
1, 12
1, 2
1, 78
1, 48
39, 45
39, 40
39, 98
39, 42
39, 46
39, 43
39, 41
39, 47
39, 44
22, 29
22, 23
22, 25
22, 32
22, 34
22, 26
22, 24
22, 28
22, 27
58, 63
58, 60
58, 66
58, 59
58, 61
58, 67
58, 64
58, 65
58, 62
88, 89
88, 95
88, 94
88, 97
88, 92
88, 91
88, 90
88, 93
88, 96
29, 34
29, 32
29, 37
29, 36
29, 31
29, 35
29, 30
29, 38
29, 33
68, 70
68, 73
68, 77
68, 72
68, 76
68, 75
68, 69
68, 71
68, 74
12, 16
12, 13
12, 14
12, 18
12, 21
12, 15
12, 17
12, 20
12, 19
2, 3
2, 10
2, 4
2, 7
2, 5
2, 8
2, 11
2, 6
2, 9
78, 82
78, 81
78, 83
78, 79
78, 87
78, 80
78, 86
78, 84
78, 85
48, 57
48, 56
48, 51
48, 49
48, 55
48, 53
48, 52
48, 50
48, 54
2, 33
2, 65
2, 13
2, 43
2, 62
2, 23
2, 3
2, 81
2, 52
33, 38
33, 36
33, 42
33, 41
33, 34
33, 39
33, 40
33, 37
33, 35
65, 73
65, 66
65, 69
65, 74
65, 67
65, 72
65, 71
65, 70
65, 68
13, 22
13, 18
13, 16
13, 20
13, 19
13, 15
13, 17
13, 14
13, 21
43, 46
43, 49
43, 47
43, 45
43, 51
43, 48
43, 50
43, 44
43, 1
62, 65
62, 73
62, 77
62, 63
62, 75
62, 64
62, 76
62, 66
62, 74
23, 31
23, 24
23, 30
23, 25
23, 27
23, 32
23, 29
23, 28
23, 26
3, 10
3, 8
3, 4
3, 5
3, 12
3, 9
3, 11
3, 6
3, 7
81, 85
81, 84
81, 83
81, 87
81, 82
81, 78
81, 86
81, 79
81, 80
52, 53
52, 59
52, 60
52, 55
52, 56
52, 61
52, 54
52, 57
52, 58
4, 39
4, 5
4, 44
4, 34
4, 67
4, 76
4, 14
4, 25
4, 57
39, 44
39, 56
39, 43
39, 40
39, 55
39, 42
39, 54
39, 50
39, 41
5, 10
5, 7
5, 11
5, 12
5, 3
5, 13
5, 6
5, 8
5, 9
44, 50
44, 46
44, 51
44, 47
44, 53
44, 49
44, 52
44, 48
44, 45
34, 37
34, 38
34, 36
34, 1
34, 79
34, 7
34, 75
34, 35
34, 24
67, 81
67, 71
67, 69
67, 2
67, 74
67, 73
67, 70
67, 68
67, 72
76, 85
76, 84
76, 81
76, 86
76, 80
76, 82
76, 83
76, 77
76, 78
14, 22
14, 23
14, 18
14, 15
14, 16
14, 17
14, 21
14, 20
14, 19
25, 30
25, 28
25, 32
25, 33
25, 78
25, 27
25, 26
25, 29
25, 31
57, 60
57, 61
57, 62
57, 59
57, 66
57, 64
57, 65
57, 58
57, 63
1, 45
1, 2
1, 14
1, 3
1, 35
1, 23
1, 13
1, 65
1, 55
1, 76
45, 46
45, 51
45, 47
45, 54
45, 50
45, 52
45, 53
45, 48
45, 49
2, 45
2, 3
2, 14
2, 35
2, 13
2, 23
2, 55
2, 65
2, 75
14, 87
14, 86
14, 20
14, 18
14, 22
14, 17
14, 21
14, 19
14, 15
3, 11
3, 8
3, 5
3, 4
3, 12
3, 10
3, 6
3, 7
3, 9
35, 39
35, 36
35, 44
35, 40
35, 37
35, 38
35, 41
35, 42
35, 43
23, 32
23, 24
23, 28
23, 25
23, 29
23, 26
23, 27
23, 31
23, 30
13, 45
13, 14
13, 23
13, 35
13, 33
13, 51
13, 46
13, 16
13, 34
65, 69
65, 71
65, 67
65, 72
65, 70
65, 68
65, 73
65, 74
65, 66
55, 59
55, 58
55, 61
55, 64
55, 60
55, 62
55, 57
55, 63
55, 56
76, 77
76, 79
76, 81
76, 82
76, 84
76, 78
76, 85
76, 80
76, 83
2, 21
2, 55
2, 66
2, 3
2, 41
2, 64
2, 31
2, 50
2, 77
2, 12
21, 24
21, 27
21, 30
21, 28
21, 22
21, 26
21, 23
21, 29
21, 25
55, 61
55, 63
55, 88
55, 60
55, 56
55, 58
55, 59
55, 57
55, 62
66, 71
66, 70
66, 74
66, 89
66, 73
66, 72
66, 68
66, 67
66, 69
3, 11
3, 10
3, 8
3, 6
3, 4
3, 5
3, 9
3, 1
3, 7
41, 45
41, 43
41, 42
41, 46
41, 47
41, 90
41, 48
41, 44
41, 49
64, 66
64, 71
64, 76
64, 65
64, 70
64, 75
64, 89
64, 74
64, 73
31, 37
31, 35
31, 40
31, 36
31, 38
31, 33
31, 39
31, 34
31, 32
50, 55
50, 52
50, 61
50, 63
50, 88
50, 51
50, 60
50, 53
50, 54
77, 85
77, 84
77, 78
77, 82
77, 79
77, 80
77, 81
77, 86
77, 83
12, 15
12, 19
12, 20
12, 13
12, 16
12, 17
12, 14
12, 87
12, 18
2, 24
2, 17
2, 34
2, 5
2, 45
2, 41
2, 3
2, 38
2, 46
24, 26
24, 32
24, 33
24, 29
24, 28
24, 25
24, 27
24, 31
24, 30
17, 21
17, 19
17, 18
17, 20
17, 22
17, 23
17, 9
17, 7
17, 10
34, 35
34, 37
34, 36
34, 60
34, 4
34, 70
34, 68
34, 61
34, 59
5, 17
5, 16
5, 13
5, 14
5, 6
5, 21
5, 11
5, 12
5, 15
45, 17
45, 63
45, 64
45, 62
45, 21
45, 9
45, 7
45, 10
45, 8
41, 67
41, 44
41, 11
41, 21
41, 22
3, 57
3, 58
38, 65
38, 43
38, 69
38, 39
38, 66
38, 1
38, 40
38, 56
38, 42
46, 47
46, 55
46, 48
46, 49
46, 51
46, 54
46, 52
46, 50
46, 53
21, 26
21, 23
21, 25
21, 32
21, 31
21, 49
21, 29
21, 24
21, 33
26, 28
26, 27
26, 4
26, 5
26, 11
26, 6
26, 10
26, 8
26, 9
23, 51
23, 16
23, 34
23, 45
23, 35
23, 38
23, 36
23, 37
23, 40
25, 1
25, 17
25, 42
25, 46
25, 3
25, 48
25, 2
25, 20
25, 47
49, 55
49, 59
49, 57
49, 53
49, 52
49, 51
49, 54
49, 58
49, 50
29, 43
29, 22
29, 30
24, 39
24, 14
24, 13
24, 12
24, 19
24, 15
24, 7
24, 18
24, 6
33, 44
33, 56
33, 41
1, 39
1, 2
1, 4
1, 28
1, 14
1, 42
1, 58
1, 68
1, 78
1, 88
39, 42
39, 40
39, 53
39, 55
39, 54
39, 41
39, 52
39, 56
39, 57
2, 4
2, 28
2, 14
2, 27
2, 3
2, 25
2, 26
2, 24
2, 38
4, 13
4, 9
4, 8
4, 11
4, 5
4, 6
4, 10
4, 12
4, 7
28, 36
28, 35
28, 29
28, 34
28, 30
28, 37
28, 33
28, 32
28, 31
14, 21
14, 19
14, 18
14, 23
14, 16
14, 17
14, 20
14, 15
14, 22
42, 50
42, 51
42, 47
42, 44
42, 48
42, 49
42, 45
42, 46
42, 43
58, 64
58, 65
58, 61
58, 66
58, 62
58, 59
58, 63
58, 67
58, 60
68, 76
68, 69
68, 73
68, 72
68, 77
68, 74
68, 71
68, 70
68, 75
78, 80
78, 87
78, 86
78, 85
78, 84
78, 81
78, 82
78, 83
78, 79
88, 97
88, 90
88, 93
88, 94
88, 91
88, 89
88, 96
88, 95
88, 92
4, 42
4, 27
4, 72
4, 5
4, 37
4, 10
4, 52
4, 62
4, 17
42, 48
42, 45
42, 51
42, 43
42, 44
42, 50
42, 46
42, 49
42, 47
27, 31
27, 29
27, 33
27, 28
27, 35
27, 36
27, 34
27, 30
27, 32
72, 76
72, 79
72, 80
72, 78
72, 77
72, 81
72, 74
72, 73
72, 75
5, 10
5, 9
5, 7
5, 13
5, 15
5, 6
5, 16
5, 12
5, 14
37, 40
37, 41
37, 2
37, 39
37, 38
37, 1
37, 82
37, 3
10, 11
10, 8
52, 58
52, 57
52, 61
52, 56
52, 55
52, 53
52, 60
52, 59
52, 54
62, 63
62, 71
62, 64
62, 69
62, 70
62, 67
62, 65
62, 66
62, 68
17, 19
17, 23
17, 21
17, 24
17, 20
17, 18
17, 22
17, 26
17, 25
1, 69
1, 43
1, 46
1, 12
1, 79
1, 2
1, 32
1, 22
1, 33
1, 58
69, 76
69, 70
69, 73
69, 74
69, 72
69, 75
69, 71
69, 77
69, 78
43, 46
43, 58
43, 56
43, 45
43, 57
43, 44
43, 68
43, 62
43, 48
46, 52
46, 48
46, 53
46, 49
46, 50
46, 47
46, 55
46, 51
46, 54
12, 14
12, 13
12, 16
12, 21
12, 17
12, 18
12, 20
12, 15
12, 19
79, 82
79, 80
79, 86
79, 84
79, 87
79, 88
79, 81
79, 83
79, 85
2, 7
2, 10
2, 3
2, 8
2, 11
2, 6
2, 5
2, 4
2, 9
32, 69
32, 43
32, 46
32, 79
32, 58
32, 56
32, 33
32, 76
32, 36
22, 25
22, 27
22, 31
22, 26
22, 28
22, 24
22, 23
22, 30
22, 29
33, 36
33, 39
33, 38
33, 35
33, 42
33, 37
33, 41
33, 34
33, 40
58, 62
58, 63
58, 60
58, 65
58, 67
58, 66
58, 61
58, 64
58, 59
1, 51
1, 61
1, 89
1, 42
1, 22
1, 81
1, 2
1, 71
1, 12
1, 32
51, 57
51, 56
51, 58
51, 60
51, 54
51, 52
51, 59
51, 55
51, 53
61, 65
61, 64
61, 62
61, 63
61, 69
61, 68
61, 67
61, 70
61, 66
89, 92
89, 98
89, 94
89, 90
89, 95
89, 91
89, 96
89, 93
89, 97
42, 51
42, 43
42, 46
42, 45
42, 48
42, 44
42, 47
42, 50
42, 49
22, 29
22, 23
22, 31
22, 30
22, 24
22, 26
22, 25
22, 27
22, 28
81, 89
81, 88
81, 82
81, 84
81, 87
81, 85
81, 92
81, 86
81, 83
2, 7
2, 10
2, 4
2, 9
2, 8
2, 6
2, 11
2, 3
2, 5
71, 79
71, 74
71, 73
71, 80
71, 78
71, 75
71, 76
71, 72
71, 77
12, 19
12, 16
12, 13
12, 21
12, 18
12, 14
12, 15
12, 17
12, 20
32, 35
32, 40
32, 36
32, 33
32, 37
32, 39
32, 34
32, 41
32, 38
2, 33
2, 43
2, 3
2, 52
2, 32
2, 22
2, 76
2, 12
2, 72
2, 62
33, 37
33, 41
33, 42
33, 39
33, 40
33, 36
33, 34
33, 38
33, 35
43, 52
43, 50
43, 51
43, 48
43, 46
43, 49
43, 47
43, 45
43, 44
3, 6
3, 4
3, 5
3, 8
3, 7
3, 11
3, 1
3, 10
3, 9
52, 59
52, 58
52, 56
52, 55
52, 60
52, 57
52, 53
52, 61
52, 54
32, 33
32, 39
32, 41
32, 40
32, 37
32, 42
32, 34
32, 36
32, 38
22, 24
22, 31
22, 23
22, 28
22, 27
22, 26
22, 30
22, 29
22, 25
76, 77
76, 80
76, 84
76, 81
76, 82
76, 83
76, 79
76, 78
76, 85
12, 14
12, 16
12, 18
12, 13
12, 17
12, 20
12, 21
12, 19
12, 15
72, 76
72, 88
72, 73
72, 74
72, 89
72, 77
72, 87
72, 86
72, 75
62, 71
62, 67
62, 70
62, 64
62, 68
62, 63
62, 66
62, 65
62, 69
22, 35
22, 24
22, 37
22, 11
22, 36
22, 34
22, 23
22, 25
22, 26
22, 27
35, 21
35, 1
35, 2
24, 5
24, 10
24, 3
24, 40
24, 38
24, 4
24, 6
24, 49
24, 39
37, 45
37, 44
37, 42
37, 43
37, 46
11, 15
11, 16
11, 18
11, 17
11, 12
11, 19
11, 13
11, 14
11, 20
25, 47
25, 7
25, 8
25, 48
25, 41
26, 9
27, 32
27, 29
27, 28
27, 31
27, 30
27, 33
2, 3
2, 21
2, 70
2, 39
2, 49
2, 27
2, 80
2, 68
2, 7
2, 52
3, 7
3, 19
3, 17
3, 20
3, 16
3, 6
3, 4
3, 18
3, 5
21, 27
21, 23
21, 36
21, 38
21, 22
21, 25
21, 24
21, 26
21, 37
70, 75
70, 78
70, 79
70, 71
70, 73
70, 72
70, 76
70, 77
70, 74
39, 48
39, 41
39, 47
39, 44
39, 45
39, 40
39, 46
39, 42
39, 43
49, 52
49, 66
49, 62
49, 63
49, 51
49, 65
49, 64
49, 50
49, 67
27, 36
27, 28
27, 35
27, 29
27, 32
27, 30
27, 33
27, 34
27, 31
80, 82
80, 88
80, 81
80, 86
80, 85
80, 84
80, 87
80, 89
80, 83
68, 70
68, 80
68, 95
68, 93
68, 94
68, 69
68, 91
68, 90
68, 92
7, 14
7, 1
7, 13
7, 12
7, 11
7, 8
7, 15
7, 10
7, 9
52, 61
52, 58
52, 55
52, 57
52, 53
52, 54
52, 60
52, 59
52, 56
1, 47
1, 42
1, 91
1, 61
1, 32
1, 81
1, 71
1, 12
1, 2
1, 22
47, 54
47, 56
47, 49
47, 53
47, 55
47, 50
47, 48
47, 51
47, 52
42, 47
42, 46
42, 43
42, 60
42, 57
42, 45
42, 58
42, 59
42, 44
91, 96
91, 98
91, 99
91, 93
91, 95
91, 94
91, 92
91, 100
91, 97
61, 67
61, 63
61, 62
61, 69
61, 70
61, 66
61, 65
61, 68
61, 64
32, 38
32, 33
32, 41
32, 35
32, 34
32, 37
32, 40
32, 39
32, 36
81, 86
81, 88
81, 84
81, 82
81, 85
81, 89
81, 83
81, 90
81, 87
71, 75
71, 79
71, 77
71, 73
71, 78
71, 74
71, 80
71, 72
71, 76
12, 18
12, 14
12, 20
12, 13
12, 16
12, 17
12, 21
12, 15
12, 19
2, 8
2, 11
2, 3
2, 4
2, 9
2, 6
2, 5
2, 7
2, 10
22, 31
22, 23
22, 30
22, 24
22, 29
22, 26
22, 28
22, 27
22, 25
11, 37
11, 57
11, 76
11, 23
11, 61
11, 12
11, 33
11, 47
11, 29
37, 42
37, 45
37, 39
37, 3
37, 46
37, 41
37, 40
37, 43
37, 38
57, 61
57, 74
57, 59
57, 72
57, 73
57, 75
57, 60
57, 58
57, 71
76, 78
76, 82
76, 80
76, 79
76, 81
76, 77
76, 85
76, 10
76, 86
23, 29
23, 25
23, 30
23, 27
23, 31
23, 26
23, 24
23, 32
23, 28
61, 65
61, 66
61, 70
61, 63
61, 69
61, 68
61, 64
61, 67
61, 62
12, 16
12, 20
12, 18
12, 13
12, 21
12, 17
12, 15
12, 19
12, 14
33, 34
33, 35
33, 36
33, 2
33, 22
33, 1
33, 5
33, 4
33, 9
47, 49
47, 50
47, 52
47, 48
47, 53
47, 56
47, 54
47, 55
47, 51
29, 83
29, 44
29, 8
29, 6
29, 7
29, 89
29, 88
29, 87
29, 84
1, 31
1, 39
1, 2
1, 49
1, 57
1, 21
1, 87
1, 77
1, 67
1, 12
31, 39
31, 34
31, 35
31, 32
31, 36
31, 33
31, 37
31, 38
31, 48
39, 44
39, 48
39, 42
39, 45
39, 46
39, 40
39, 47
39, 41
39, 43
2, 10
2, 6
2, 7
2, 5
2, 11
2, 3
2, 4
2, 9
2, 8
49, 57
49, 67
49, 56
49, 51
49, 54
49, 55
49, 50
49, 52
49, 53
57, 58
57, 61
57, 65
57, 66
57, 60
57, 63
57, 64
57, 59
57, 62
21, 26
21, 29
21, 27
21, 28
21, 22
21, 24
21, 30
21, 23
21, 25
87, 96
87, 94
87, 95
87, 91
87, 88
87, 93
87, 92
87, 90
87, 89
77, 83
77, 82
77, 81
77, 85
77, 84
77, 80
77, 86
77, 78
77, 79
67, 71
67, 70
67, 74
67, 75
67, 73
67, 69
67, 72
67, 68
67, 76
12, 17
12, 16
12, 20
12, 97
12, 15
12, 19
12, 13
12, 18
12, 14
2, 43
2, 50
2, 3
2, 74
2, 13
2, 23
2, 69
2, 33
2, 82
2, 62
43, 50
43, 61
43, 49
43, 45
43, 44
43, 47
43, 46
43, 60
43, 48
50, 57
50, 52
50, 51
50, 54
50, 55
50, 53
50, 59
50, 58
50, 56
3, 11
3, 9
3, 5
3, 7
3, 12
3, 10
3, 6
3, 8
3, 4
74, 94
74, 96
74, 95
74, 92
74, 78
74, 79
74, 77
74, 75
74, 76
13, 22
13, 15
13, 20
13, 18
13, 17
13, 16
13, 14
13, 19
13, 21
23, 27
23, 25
23, 30
23, 31
23, 28
23, 24
23, 26
23, 32
23, 29
69, 74
69, 70
69, 73
69, 72
69, 80
69, 81
69, 79
69, 71
69, 94
33, 38
33, 36
33, 42
33, 34
33, 40
33, 41
33, 35
33, 39
33, 37
82, 88
82, 85
82, 84
82, 91
82, 90
82, 89
82, 87
82, 83
82, 86
62, 64
62, 68
62, 66
62, 93
62, 67
62, 97
62, 65
62, 63
62, 1
2, 3
2, 25
2, 54
2, 40
2, 50
2, 5
2, 76
2, 64
2, 22
3, 5
3, 19
3, 15
3, 16
3, 17
3, 21
3, 4
3, 18
3, 20
25, 33
25, 31
25, 32
25, 26
25, 34
25, 27
25, 28
25, 30
25, 29
54, 60
54, 61
54, 62
54, 56
54, 58
54, 59
54, 1
54, 57
54, 55
40, 43
40, 44
40, 48
40, 45
40, 42
40, 47
40, 49
40, 46
40, 41
50, 64
50, 54
50, 51
50, 74
50, 63
50, 52
50, 53
50, 60
50, 75
5, 9
5, 13
5, 14
5, 10
5, 11
5, 6
5, 12
5, 8
5, 7
76, 78
76, 82
76, 80
76, 79
76, 81
76, 85
76, 77
76, 83
76, 84
64, 72
64, 71
64, 67
64, 69
64, 66
64, 65
64, 68
64, 73
64, 70
22, 25
22, 36
22, 38
22, 37
22, 35
22, 23
22, 24
22, 33
22, 39
1, 2
1, 22
1, 58
1, 37
1, 68
1, 12
1, 32
1, 78
1, 48
2, 6
2, 5
2, 9
2, 3
2, 4
2, 7
2, 11
2, 8
2, 10
22, 29
22, 23
22, 31
22, 24
22, 25
22, 27
22, 26
22, 28
22, 30
58, 65
58, 63
58, 59
58, 62
58, 60
58, 67
58, 66
58, 64
58, 61
37, 42
37, 40
37, 38
37, 45
37, 41
37, 43
37, 46
37, 39
37, 44
68, 70
68, 76
68, 74
68, 71
68, 69
68, 75
68, 77
68, 73
68, 72
12, 19
12, 17
12, 15
12, 13
12, 14
12, 16
12, 21
12, 20
12, 18
32, 37
32, 47
32, 40
32, 89
32, 34
32, 36
32, 35
32, 33
32, 88
78, 85
78, 87
78, 81
78, 80
78, 86
78, 84
78, 82
78, 79
78, 83
48, 49
48, 54
48, 52
48, 50
48, 57
48, 53
48, 51
48, 56
48, 55
6, 33
6, 7
6, 44
6, 23
6, 36
6, 28
6, 34
6, 8
6, 25
6, 17
33, 44
33, 36
33, 34
33, 40
33, 55
33, 54
33, 43
33, 56
33, 57
7, 8
7, 10
7, 13
7, 11
7, 14
7, 15
7, 12
7, 9
7, 16
44, 54
44, 53
44, 45
44, 52
44, 48
44, 50
44, 46
44, 49
44, 47
23, 25
23, 28
23, 29
23, 24
23, 26
23, 27
23, 30
23, 32
23, 31
36, 40
36, 38
36, 37
36, 41
36, 39
36, 42
36, 63
36, 72
36, 71
28, 29
28, 59
28, 60
28, 58
28, 74
28, 69
34, 35
34, 70
34, 65
34, 62
34, 51
34, 77
34, 66
34, 61
34, 73
8, 10
8, 44
8, 9
8, 7
8, 76
25, 26
25, 67
25, 5
25, 3
25, 75
25, 68
25, 4
25, 2
25, 1
17, 18
17, 19
17, 20
17, 21
17, 22
17, 64
58, 67
58, 65
58, 59
58, 72
58, 60
58, 71
58, 66
58, 62
58, 70
58, 64
67, 68
67, 52
67, 69
67, 49
67, 53
67, 54
67, 50
67, 55
67, 51
65, 30
65, 11
65, 33
65, 34
65, 37
65, 36
65, 32
65, 35
65, 31
59, 17
59, 18
72, 57
72, 13
72, 38
72, 3
72, 10
72, 4
72, 12
60, 20
60, 19
60, 25
60, 24
60, 21
60, 23
60, 22
60, 27
60, 26
71, 28
71, 56
71, 1
66, 40
66, 47
66, 48
66, 45
66, 42
66, 41
66, 46
66, 44
66, 43
62, 63
62, 14
62, 7
62, 16
62, 9
62, 6
62, 5
62, 15
62, 8
64, 29
64, 39
64, 2
64, 61
5, 40
5, 6
5, 27
5, 26
5, 16
5, 41
5, 53
5, 37
5, 42
40, 41
40, 42
40, 51
40, 43
40, 48
40, 44
40, 47
40, 45
40, 50
6, 9
6, 12
6, 10
6, 8
6, 7
6, 11
6, 13
6, 15
6, 14
27, 35
27, 32
27, 29
27, 36
27, 33
27, 28
27, 30
27, 31
27, 34
26, 2
26, 4
26, 68
26, 1
16, 25
16, 17
16, 21
16, 23
16, 20
16, 24
16, 18
16, 22
16, 19
41, 46
53, 57
53, 54
53, 55
53, 58
53, 56
53, 59
53, 62
53, 60
53, 61
37, 66
37, 39
37, 38
37, 67
37, 64
42, 51
42, 52
42, 49
42, 63
42, 3
42, 65
5, 21
5, 32
5, 12
5, 24
5, 27
5, 29
5, 9
5, 6
5, 11
21, 22
21, 38
21, 37
21, 39
21, 35
21, 4
21, 34
21, 40
21, 23
32, 33
32, 37
32, 36
32, 38
32, 39
32, 35
32, 4
32, 34
32, 23
12, 15
12, 20
12, 14
12, 36
12, 17
12, 18
12, 13
12, 19
12, 16
24, 25
24, 45
24, 42
24, 46
24, 44
24, 43
24, 26
24, 2
24, 47
27, 29
27, 31
27, 28
27, 30
27, 52
27, 41
27, 48
27, 49
27, 51
29, 50
29, 42
29, 24
29, 3
9, 12
9, 6
6, 8
6, 7
6, 1
6, 10
7, 15
7, 10
7, 31
7, 61
7, 9
7, 17
7, 20
7, 8
7, 14
15, 16
15, 73
15, 18
15, 58
15, 75
10, 11
10, 61
10, 60
10, 12
10, 63
10, 45
10, 4
10, 43
10, 77
31, 33
31, 35
31, 38
31, 40
31, 34
31, 32
31, 39
31, 41
31, 36
61, 63
61, 64
61, 71
61, 62
61, 65
61, 66
61, 70
61, 69
61, 67
9, 57
9, 59
9, 44
9, 1
9, 75
17, 74
17, 72
17, 56
17, 54
17, 55
17, 46
17, 68
17, 19
17, 47
20, 30
20, 21
20, 22
20, 23
20, 25
20, 27
20, 28
20, 29
20, 24
8, 2
8, 5
8, 13
8, 51
8, 3
8, 6
14, 49
14, 26
14, 37
14, 76
14, 50
14, 48
14, 52
14, 53
14, 42
1, 54
1, 19
1, 22
1, 71
1, 43
1, 32
1, 2
1, 61
1, 5
54, 61
54, 55
54, 58
54, 59
54, 57
54, 60
54, 56
54, 62
54, 67
19, 22
19, 43
19, 32
19, 21
19, 42
19, 20
19, 53
19, 47
19, 24
22, 28
22, 24
22, 29
22, 25
22, 26
22, 23
22, 31
22, 27
22, 30
71, 74
71, 72
71, 78
71, 76
71, 79
71, 80
71, 73
71, 75
71, 77
43, 47
43, 48
43, 45
43, 50
43, 52
43, 51
43, 46
43, 49
43, 44
32, 38
32, 36
32, 39
32, 33
32, 35
32, 34
32, 40
32, 37
32, 41
2, 5
2, 15
2, 14
2, 4
2, 18
2, 7
2, 17
2, 3
2, 16
61, 62
61, 67
61, 68
61, 66
61, 70
61, 64
61, 69
61, 65
61, 63
5, 14
5, 7
5, 6
5, 11
5, 10
5, 9
5, 12
5, 13
5, 8
11, 19
11, 66
11, 50
11, 40
11, 27
11, 2
11, 12
11, 30
11, 34
19, 20
19, 24
19, 60
19, 21
19, 57
19, 25
19, 22
19, 26
19, 79
19, 23
66, 68
66, 75
66, 71
66, 70
66, 69
66, 67
66, 72
66, 74
66, 40
50, 57
50, 58
50, 51
50, 54
50, 59
50, 53
50, 56
50, 52
50, 55
40, 42
40, 49
40, 41
40, 43
40, 45
40, 46
40, 48
40, 47
40, 44
27, 29
27, 28
27, 76
27, 62
27, 33
27, 35
27, 77
27, 80
27, 1
2, 7
2, 5
2, 82
2, 10
2, 9
2, 8
2, 4
2, 3
2, 6
12, 16
12, 15
12, 14
12, 18
12, 13
12, 17
12, 37
12, 36
12, 38
30, 31
30, 32
30, 87
30, 90
30, 86
30, 89
30, 84
30, 85
30, 88
34, 61
34, 83
34, 73
34, 64
34, 78
34, 81
34, 39
34, 63
34, 65
52, 71
52, 54
52, 42
52, 81
52, 79
52, 69
52, 53
52, 60
52, 77
71, 75
71, 76
71, 32
71, 72
71, 34
71, 73
71, 74
71, 2
71, 31
54, 42
54, 15
54, 8
54, 59
54, 58
54, 57
54, 55
54, 39
54, 56
42, 47
42, 45
42, 44
42, 48
42, 49
42, 50
42, 43
42, 51
42, 46
81, 29
81, 83
81, 32
81, 82
81, 84
81, 30
81, 2
81, 35
81, 33
79, 80
79, 9
79, 37
79, 11
79, 36
79, 6
79, 10
79, 16
79, 1
69, 70
69, 4
69, 20
69, 86
69, 17
69, 19
69, 23
69, 85
69, 87
53, 40
53, 12
53, 7
53, 5
53, 13
53, 14
53, 3
53, 18
53, 41
60, 67
60, 64
60, 65
60, 63
60, 62
60, 68
60, 61
60, 38
60, 66
77, 24
77, 78
77, 25
77, 30
77, 22
77, 28
77, 27
77, 21
77, 26
4, 5
4, 28
4, 39
4, 18
4, 65
4, 7
4, 41
4, 75
4, 55
5, 28
5, 39
5, 18
5, 7
5, 41
5, 55
5, 6
5, 17
5, 38
28, 32
28, 30
28, 33
28, 31
28, 34
28, 36
28, 35
28, 37
28, 29
39, 41
39, 53
39, 40
39, 48
39, 50
39, 54
39, 51
39, 46
39, 52
18, 24
18, 23
18, 27
18, 26
18, 19
18, 20
18, 25
18, 22
18, 21
65, 74
65, 70
65, 73
65, 66
65, 67
65, 69
65, 71
65, 68
65, 72
7, 14
7, 12
7, 16
7, 8
7, 11
7, 13
7, 15
7, 10
7, 9
41, 48
41, 50
41, 46
41, 44
41, 47
41, 45
41, 43
41, 42
41, 49
75, 78
75, 76
75, 77
75, 3
75, 79
75, 2
75, 1
75, 81
75, 80
55, 57
55, 64
55, 56
55, 60
55, 62
55, 58
55, 63
55, 61
55, 59
8, 46
8, 26
8, 55
8, 69
8, 11
8, 16
8, 36
8, 50
8, 9
46, 55
46, 48
46, 47
46, 50
46, 66
46, 67
46, 54
46, 65
46, 49
26, 27
26, 30
26, 29
26, 35
26, 28
26, 34
26, 31
26, 32
26, 33
55, 63
55, 64
55, 61
55, 57
55, 56
55, 60
55, 62
55, 58
55, 59
69, 74
69, 70
69, 75
69, 77
69, 76
69, 71
69, 73
69, 72
69, 2
11, 15
11, 12
11, 55
11, 13
11, 14
11, 63
11, 78
11, 57
11, 6
16, 17
16, 21
16, 18
16, 20
16, 19
16, 22
16, 24
16, 25
16, 23
36, 38
36, 39
36, 40
36, 42
36, 37
36, 43
36, 45
36, 41
36, 44
50, 52
50, 5
50, 51
50, 53
50, 57
50, 1
50, 7
50, 3
50, 4
9, 21
9, 10
9, 50
9, 5
9, 52
9, 20
9, 42
9, 30
9, 68
1, 3
1, 18
1, 27
1, 12
1, 40
1, 7
1, 31
1, 22
1, 39
3, 18
3, 12
3, 27
3, 7
3, 22
3, 26
3, 24
3, 30
3, 6
18, 20
18, 19
18, 21
18, 55
18, 54
18, 44
18, 72
18, 4
27, 28
27, 29
27, 46
27, 60
27, 49
27, 2
27, 61
27, 47
27, 62
12, 16
12, 17
12, 15
12, 14
12, 48
12, 13
12, 5
12, 53
12, 71
40, 69
40, 24
40, 41
40, 58
40, 6
40, 67
40, 66
40, 50
40, 42
7, 9
7, 11
7, 10
7, 8
7, 52
7, 51
7, 70
7, 45
31, 35
31, 34
31, 33
31, 37
31, 38
31, 36
31, 32
31, 64
31, 63
22, 23
22, 56
22, 59
22, 25
22, 73
22, 74
22, 57
39, 18
39, 35
39, 68
39, 54
39, 72
39, 64
39, 43
39, 55
39, 65
2, 29
2, 55
2, 74
2, 19
2, 36
2, 3
2, 46
2, 10
2, 59
29, 34
29, 30
29, 35
29, 89
29, 33
29, 31
29, 32
29, 84
29, 87
55, 59
55, 69
55, 71
55, 72
55, 57
55, 56
55, 73
55, 70
55, 58
74, 79
74, 77
74, 90
74, 82
74, 81
74, 80
74, 76
74, 75
74, 78
19, 27
19, 23
19, 21
19, 26
19, 24
19, 25
19, 20
19, 22
19, 28
36, 44
36, 40
36, 45
36, 39
36, 37
36, 41
36, 43
36, 38
36, 42
3, 85
3, 88
3, 7
3, 8
3, 5
3, 6
3, 83
3, 9
3, 4
46, 54
46, 52
46, 86
46, 53
46, 48
46, 51
46, 50
46, 49
46, 47
10, 18
10, 15
10, 17
10, 16
10, 13
10, 11
10, 1
10, 14
10, 12
59, 63
59, 67
59, 61
59, 66
59, 62
59, 68
59, 60
59, 64
59, 65
54, 15
54, 33
54, 55
54, 66
54, 23
54, 59
54, 75
54, 43
54, 60
15, 33
15, 19
15, 23
15, 18
15, 35
15, 20
15, 25
15, 26
15, 30
33, 35
33, 37
33, 39
33, 34
33, 41
33, 40
33, 2
33, 36
33, 38
55, 57
55, 21
55, 56
55, 17
55, 58
55, 16
55, 1
55, 22
55, 4
66, 77
66, 69
66, 75
66, 70
66, 68
66, 72
66, 67
66, 76
66, 71
23, 25
23, 30
23, 26
23, 28
23, 24
23, 27
23, 31
23, 32
23, 29
59, 6
59, 5
59, 14
59, 7
59, 79
59, 80
59, 10
59, 9
59, 8
75, 42
75, 72
75, 78
75, 73
75, 74
43, 49
43, 50
43, 45
43, 48
43, 53
43, 52
43, 51
43, 44
43, 46
43, 47
60, 64
60, 65
60, 61
60, 62
60, 63
60, 12
60, 3
60, 11
60, 13
1, 67
1, 12
1, 51
1, 41
1, 29
1, 2
1, 52
1, 81
1, 78
67, 70
67, 76
67, 71
67, 75
67, 72
67, 73
67, 69
67, 74
67, 68
12, 17
12, 16
12, 15
12, 21
12, 18
12, 14
12, 20
12, 19
12, 13
51, 67
51, 52
51, 77
51, 66
51, 62
51, 63
51, 65
51, 70
51, 64
41, 48
41, 50
41, 46
41, 49
41, 43
41, 45
41, 47
41, 44
41, 42
29, 34
29, 31
29, 35
29, 33
29, 32
29, 36
29, 37
29, 38
29, 30
2, 6
2, 9
2, 5
2, 4
2, 11
2, 3
2, 8
2, 10
2, 7
52, 61
52, 56
52, 59
52, 58
52, 57
52, 60
52, 55
52, 53
52, 54
81, 82
81, 17
81, 6
81, 25
81, 28
81, 27
81, 40
81, 23
81, 84
78, 80
78, 83
78, 24
78, 5
78, 79
78, 26
78, 16
78, 22
78, 39
2, 3
2, 7
2, 20
2, 6
2, 50
2, 30
2, 47
2, 36
2, 45
3, 7
3, 6
3, 16
3, 17
3, 4
3, 5
3, 14
3, 15
3, 13
7, 8
7, 10
7, 11
7, 9
7, 12
7, 1
20, 28
20, 21
20, 24
20, 29
20, 22
20, 26
20, 23
20, 25
20, 27
6, 7
6, 10
6, 8
6, 9
6, 11
6, 12
6, 1
6, 19
6, 18
50, 53
50, 52
50, 51
50, 54
50, 55
50, 58
50, 57
50, 56
50, 59
30, 33
30, 32
30, 34
30, 31
47, 49
47, 48
36, 42
36, 37
36, 39
36, 41
36, 40
36, 38
36, 43
36, 44
36, 60
45, 47
45, 49
45, 46
45, 48
45, 35
22, 29
22, 35
22, 27
22, 37
22, 38
22, 44
22, 43
22, 24
22, 26
29, 30
29, 32
29, 33
29, 31
29, 23
29, 5
29, 45
29, 14
29, 16
27, 28
27, 54
27, 56
27, 57
27, 17
27, 19
27, 15
27, 20
27, 13
37, 36
38, 9
38, 11
38, 39
38, 21
38, 12
38, 8
38, 58
38, 10
38, 18
44, 46
44, 50
44, 45
44, 49
44, 52
44, 53
44, 47
44, 48
44, 51
43, 41
43, 40
43, 7
43, 42
43, 55
24, 25
24, 1
24, 2
24, 3
26, 29
26, 34
26, 4
26, 6
27, 54
27, 79
27, 48
27, 38
27, 28
27, 70
27, 59
27, 64
27, 68
54, 59
54, 60
54, 62
54, 55
54, 56
54, 63
54, 57
54, 61
54, 58
79, 82
79, 83
79, 81
79, 80
79, 85
79, 84
79, 86
79, 18
79, 17
48, 53
48, 50
48, 49
48, 52
48, 10
48, 51
48, 8
48, 20
48, 9
38, 46
38, 47
38, 41
38, 43
38, 39
38, 42
38, 40
38, 45
38, 44
28, 33
28, 29
28, 32
28, 31
28, 35
28, 37
28, 36
28, 30
28, 34
70, 76
70, 72
70, 77
70, 71
70, 78
70, 4
70, 73
70, 75
70, 74
59, 21
59, 22
59, 14
59, 13
59, 19
59, 26
59, 15
64, 65
64, 23
64, 16
64, 67
64, 66
64, 12
64, 11
64, 2
64, 9
68, 69
68, 7
68, 24
68, 25
68, 87
68, 1
68, 6
68, 3
68, 5
21, 60
21, 64
21, 54
21, 55
21, 41
21, 22
21, 34
21, 26
21, 29
60, 64
60, 68
60, 75
60, 74
60, 71
60, 66
60, 62
60, 61
60, 63
64, 66
64, 71
64, 68
64, 65
64, 69
64, 73
64, 72
64, 70
64, 67
54, 55
54, 58
54, 59
54, 57
54, 56
54, 10
54, 19
54, 15
54, 25
55, 56
55, 7
55, 16
55, 18
55, 40
55, 11
55, 9
41, 47
41, 50
41, 48
41, 43
41, 44
41, 45
41, 46
41, 42
41, 49
22, 23
22, 24
22, 1
22, 5
22, 17
22, 8
22, 6
34, 35
34, 37
34, 38
34, 39
34, 13
34, 36
34, 2
34, 12
34, 3
26, 28
26, 27
26, 14
29, 32
29, 33
29, 31
29, 30
29, 51
29, 53
29, 4
29, 20
29, 52
14, 25
14, 22
14, 16
14, 26
14, 20
14, 19
14, 21
14, 18
14, 24
25, 26
22, 24
22, 23
22, 5
22, 6
22, 33
22, 9
22, 7
22, 8
22, 60
16, 17
16, 42
16, 40
16, 54
16, 38
16, 15
16, 41
16, 55
16, 39
20, 50
20, 51
20, 3
20, 56
20, 44
20, 57
20, 59
19, 52
19, 35
19, 53
19, 36
19, 34
19, 58
19, 28
19, 27
19, 43
21, 30
21, 49
21, 32
21, 47
21, 48
21, 45
21, 29
21, 31
21, 37
18, 12
18, 4
18, 2
18, 13
18, 46
18, 1
24, 9
24, 60
24, 10
24, 11
15, 23
15, 18
15, 30
15, 19
15, 17
15, 29
15, 31
15, 20
15, 16
23, 26
23, 24
23, 25
23, 27
23, 28
23, 2
18, 12
18, 45
18, 34
18, 24
18, 44
30, 13
30, 35
30, 3
30, 14
19, 20
19, 6
19, 12
19, 25
19, 47
19, 42
19, 46
19, 26
19, 36
17, 37
17, 22
17, 5
17, 4
31, 41
31, 32
31, 33
31, 43
31, 8
31, 37
31, 40
31, 10
20, 25
20, 38
20, 26
20, 36
16, 11
16, 7
16, 9
16, 1
16, 21
16, 39
17, 18
17, 58
17, 34
17, 59
17, 51
17, 39
17, 24
17, 45
17, 66
18, 1
18, 19
18, 20
18, 2
18, 5
18, 4
18, 71
18, 12
18, 3
58, 59
58, 64
58, 63
58, 62
58, 60
58, 61
58, 13
58, 14
58, 15
34, 38
34, 36
34, 37
34, 35
34, 33
34, 32
34, 9
51, 55
51, 52
51, 56
51, 54
51, 57
51, 49
51, 53
51, 10
51, 8
39, 42
39, 43
39, 11
39, 40
39, 41
39, 50
39, 22
39, 23
39, 16
24, 27
24, 28
24, 26
24, 31
24, 29
24, 25
24, 30
24, 7
24, 65
45, 47
45, 48
45, 46
45, 58
45, 70
66, 67
66, 68
66, 69
66, 21
66, 44
66, 6
2, 65
2, 24
2, 45
2, 55
2, 29
2, 35
2, 7
2, 23
2, 9
2, 12
65, 67
65, 71
65, 66
65, 69
65, 72
65, 74
65, 70
65, 68
65, 73
24, 29
24, 34
24, 28
24, 27
24, 26
24, 33
24, 25
24, 31
24, 32
45, 47
45, 50
45, 49
45, 53
45, 51
45, 52
45, 48
45, 46
45, 54
55, 56
55, 60
55, 63
55, 64
55, 61
55, 59
55, 57
55, 58
55, 62
29, 30
29, 80
29, 79
29, 78
35, 44
35, 43
35, 38
35, 39
35, 42
35, 37
35, 36
35, 40
35, 41
23, 77
23, 3
23, 22
9, 1
9, 10
9, 4
9, 76
9, 11
9, 6
9, 5
9, 8
9, 75
12, 14
12, 13
12, 17
12, 16
12, 19
12, 18
12, 15
12, 20
12, 21
3, 7
3, 16
3, 17
3, 15
3, 14
3, 13
3, 6
3, 4
3, 9
7, 8
7, 22
16, 41
16, 46
16, 43
16, 40
16, 10
16, 45
16, 38
16, 37
16, 39
15, 5
14, 33
14, 26
14, 34
14, 30
14, 24
14, 25
14, 29
14, 20
14, 23
13, 2
13, 1
13, 12
13, 28
13, 42
6, 44
6, 31
6, 27
6, 36
6, 35
6, 32
4, 21
4, 18
4, 19
4, 9
4, 11
1, 22
1, 12
1, 24
1, 2
1, 63
1, 44
1, 54
1, 37
1, 60
22, 24
22, 37
22, 34
22, 41
22, 43
22, 36
22, 23
22, 40
22, 35
12, 15
12, 16
12, 17
12, 14
12, 18
12, 20
12, 19
12, 13
12, 21
24, 28
24, 31
24, 29
24, 27
24, 30
24, 25
24, 33
24, 26
24, 32
2, 4
2, 10
2, 9
2, 7
2, 11
2, 3
2, 6
2, 8
2, 5
63, 65
63, 64
63, 71
63, 72
63, 69
63, 68
63, 70
63, 66
63, 67
44, 53
44, 48
44, 47
44, 46
44, 49
44, 50
44, 51
44, 52
44, 45
54, 57
54, 58
54, 59
54, 55
54, 56
54, 77
54, 80
54, 4
54, 81
37, 41
37, 40
37, 39
37, 42
37, 38
37, 85
37, 84
37, 78
37, 73
60, 61
60, 62
60, 75
60, 86
60, 79
60, 83
60, 82
60, 76
60, 74
7, 38
7, 48
7, 63
7, 18
7, 10
7, 73
7, 28
7, 86
7, 58
38, 41
38, 43
38, 45
38, 42
38, 40
38, 39
38, 44
38, 46
38, 47
48, 51
48, 55
48, 57
48, 54
48, 50
48, 56
48, 53
48, 49
48, 52
63, 72
63, 65
63, 69
63, 68
63, 71
63, 64
63, 67
63, 66
63, 70
18, 24
18, 27
18, 21
18, 23
18, 26
18, 20
18, 19
18, 25
18, 22
10, 12
10, 11
10, 14
10, 15
10, 13
10, 84
10, 4
10, 1
10, 85
73, 75
73, 82
73, 77
73, 79
73, 80
73, 76
73, 78
73, 81
73, 74
28, 29
28, 36
28, 30
28, 31
28, 32
28, 33
28, 37
28, 35
28, 34
86, 89
86, 90
86, 88
86, 87
86, 9
86, 2
86, 5
86, 6
86, 17
58, 60
58, 59
58, 61
58, 53
58, 62
58, 8
58, 3
58, 83
58, 16
8, 44
8, 53
8, 36
8, 9
8, 23
8, 22
8, 47
8, 31
8, 25
44, 46
44, 2
44, 45
44, 43
44, 3
44, 1
44, 50
44, 51
53, 57
53, 62
53, 60
53, 54
53, 56
53, 59
53, 55
53, 58
53, 61
36, 37
36, 40
36, 20
36, 38
36, 39
36, 33
36, 32
9, 15
9, 12
9, 18
9, 10
9, 16
9, 17
9, 13
9, 14
9, 19
23, 24
23, 4
23, 5
23, 22
23, 6
22, 7
22, 42
22, 23
22, 35
22, 52
47, 41
47, 48
31, 44
31, 30
31, 49
25, 26
25, 28
25, 27
25, 29
25, 21
25, 11
25, 34
7, 17
7, 31
7, 56
7, 14
7, 54
7, 8
7, 27
7, 44
7, 52
17, 20
17, 22
17, 25
17, 23
17, 18
17, 26
17, 24
17, 19
17, 21
31, 40
31, 32
31, 36
31, 35
31, 39
31, 34
31, 38
31, 37
31, 33
56, 84
56, 57
56, 58
56, 73
56, 77
56, 68
56, 86
56, 67
56, 85
14, 75
14, 16
14, 15
14, 82
14, 70
14, 6
14, 76
14, 1
14, 71
54, 83
54, 60
54, 55
54, 81
54, 72
54, 59
54, 66
54, 79
54, 3
8, 11
8, 10
8, 9
8, 12
8, 13
8, 5
8, 74
8, 69
8, 62
27, 31
27, 43
27, 28
27, 42
27, 41
27, 29
27, 40
27, 32
27, 30
44, 51
44, 2
44, 49
44, 46
44, 47
44, 50
44, 78
44, 48
44, 45
52, 64
52, 65
52, 88
52, 63
52, 87
52, 80
52, 61
52, 53
52, 4
22, 34
22, 68
22, 27
22, 58
22, 45
22, 61
22, 50
22, 53
22, 78
34, 38
34, 43
34, 35
34, 36
34, 41
34, 37
34, 42
34, 40
34, 39
68, 70
68, 71
68, 73
68, 75
68, 77
68, 72
68, 69
68, 76
68, 74
27, 44
27, 28
27, 55
27, 23
27, 26
27, 82
27, 24
27, 60
27, 29
58, 59
58, 1
58, 86
58, 56
58, 57
58, 54
58, 84
58, 8
58, 3
45, 46
45, 9
45, 47
45, 48
45, 49
45, 11
45, 13
45, 10
45, 12
61, 6
61, 63
61, 64
61, 62
61, 65
61, 66
61, 67
61, 5
61, 7
50, 52
50, 51
50, 14
50, 18
50, 17
50, 16
50, 15
50, 19
50, 20
53, 4
53, 22
53, 30
53, 25
53, 83
78, 79
78, 80
78, 21
78, 32
78, 2
78, 31
78, 85
78, 81
78, 33
20, 21
20, 70
20, 31
20, 58
20, 35
20, 50
20, 53
20, 43
20, 65
21, 24
21, 25
21, 26
21, 30
21, 22
21, 23
21, 28
21, 29
21, 27
70, 73
70, 72
70, 71
70, 14
31, 34
31, 33
31, 32
31, 74
31, 6
31, 75
31, 77
31, 11
31, 78
58, 61
58, 59
58, 63
58, 62
58, 2
58, 60
58, 64
58, 1
58, 3
35, 41
35, 36
35, 38
35, 42
35, 37
35, 39
35, 40
35, 4
35, 76
50, 12
50, 51
50, 52
50, 19
50, 9
50, 8
50, 7
50, 5
50, 79
53, 56
53, 55
53, 54
53, 57
53, 16
53, 17
43, 45
43, 48
43, 44
43, 10
43, 46
43, 49
43, 47
43, 13
43, 18
65, 67
65, 66
65, 68
65, 69
65, 15
1, 58
1, 2
1, 12
1, 39
1, 69
1, 21
1, 80
1, 29
1, 43
58, 67
58, 59
58, 65
58, 66
58, 60
58, 62
58, 61
58, 63
58, 64
2, 10
2, 11
2, 8
2, 7
2, 6
2, 9
2, 4
2, 5
2, 3
12, 21
12, 17
12, 15
12, 19
12, 16
12, 13
12, 18
12, 20
12, 14
39, 43
39, 53
39, 55
39, 57
39, 56
39, 41
39, 40
39, 42
39, 54
69, 75
69, 74
69, 78
69, 77
69, 72
69, 76
69, 70
69, 71
69, 73
21, 25
21, 22
21, 27
21, 79
21, 26
21, 24
21, 28
21, 23
21, 68
80, 89
80, 82
80, 87
80, 88
80, 85
80, 83
80, 84
80, 81
80, 86
29, 30
29, 32
29, 31
29, 37
29, 36
29, 35
29, 34
29, 38
29, 33
43, 44
43, 47
43, 52
43, 49
43, 50
43, 48
43, 51
43, 45
43, 46
5, 15
5, 6
5, 25
5, 21
5, 24
5, 11
5, 22
5, 23
5, 8
15, 16
15, 18
15, 20
15, 17
15, 19
15, 3
15, 38
15, 8
15, 39
6, 8
6, 7
6, 10
6, 9
6, 34
6, 12
6, 37
6, 49
6, 52
25, 28
25, 29
25, 26
25, 27
25, 47
25, 30
25, 46
25, 48
21, 22
21, 50
21, 35
21, 57
21, 2
21, 51
21, 43
24, 53
24, 54
24, 32
24, 55
24, 29
24, 4
24, 56
11, 21
11, 57
11, 35
11, 42
11, 1
11, 50
11, 13
11, 2
11, 51
23, 44
23, 14
23, 36
23, 33
23, 45
8, 31
8, 40
8, 15
8, 41
10, 11
10, 17
10, 13
10, 25
10, 14
10, 27
10, 35
10, 15
10, 12
11, 17
11, 13
11, 14
11, 15
11, 12
11, 21
11, 23
11, 16
11, 22
17, 19
17, 18
17, 20
17, 47
17, 41
17, 5
17, 49
17, 4
17, 2
13, 9
13, 19
13, 18
13, 5
13, 42
13, 4
13, 2
25, 27
25, 26
25, 34
25, 31
25, 29
25, 28
25, 30
25, 32
25, 33
14, 15
14, 24
14, 57
14, 59
14, 55
14, 58
14, 60
27, 28
27, 26
27, 44
27, 53
27, 56
27, 6
27, 40
27, 45
27, 54
35, 36
35, 39
35, 38
35, 37
35, 43
12, 48
12, 7
12, 46
12, 8
12, 52
12, 51
12, 50
12, 1
12, 3
2, 31
2, 32
2, 86
2, 12
2, 42
2, 64
2, 75
2, 3
2, 53
2, 21
31, 64
31, 86
31, 32
31, 74
31, 42
31, 85
31, 75
31, 63
31, 52
32, 33
32, 37
32, 40
32, 35
32, 36
32, 38
32, 41
32, 34
32, 39
86, 93
86, 95
86, 90
86, 94
86, 88
86, 87
86, 91
86, 89
86, 92
12, 15
12, 19
12, 17
12, 20
12, 13
12, 18
12, 96
12, 14
12, 16
42, 48
42, 50
42, 46
42, 45
42, 43
42, 51
42, 47
42, 44
42, 49
64, 72
64, 71
64, 68
64, 70
64, 73
64, 67
64, 66
64, 65
64, 69
75, 83
75, 79
75, 78
75, 77
75, 80
75, 82
75, 84
75, 76
75, 81
3, 1
3, 10
3, 8
3, 11
3, 6
3, 5
3, 9
3, 4
3, 7
53, 57
53, 54
53, 56
53, 60
53, 59
53, 58
53, 62
53, 55
53, 61
21, 23
21, 26
21, 29
21, 24
21, 30
21, 22
21, 28
21, 25
21, 27
34, 40
34, 43
34, 39
34, 38
34, 42
34, 37
34, 35
34, 41
34, 36
40, 29
40, 24
40, 32
40, 15
40, 31
40, 4
40, 5
40, 12
40, 13
39, 9
39, 10
39, 33
39, 21
39, 13
39, 17
39, 22
38, 25
38, 18
38, 44
38, 7
38, 20
38, 8
38, 19
38, 1
38, 2
42, 16
42, 3
42, 27
42, 28
42, 23
42, 11
42, 6
37, 46
37, 45
37, 26
37, 41
35, 30
35, 47
35, 48
35, 14
1, 60
1, 49
1, 4
1, 52
1, 20
1, 7
1, 23
1, 39
1, 72
1, 16
60, 64
60, 61
60, 65
60, 66
60, 67
60, 63
60, 62
60, 68
60, 69
49, 60
49, 52
49, 72
49, 78
49, 71
49, 65
49, 70
49, 51
49, 50
4, 7
4, 16
4, 19
4, 12
4, 13
4, 5
4, 14
4, 15
4, 6
52, 57
52, 59
52, 56
52, 58
52, 84
52, 54
52, 53
52, 55
52, 89
20, 23
20, 33
20, 36
20, 38
20, 21
20, 35
20, 22
20, 37
20, 34
7, 11
7, 8
7, 10
7, 9
7, 82
7, 87
7, 2
7, 91
7, 80
23, 27
23, 32
23, 26
23, 24
23, 25
23, 29
23, 30
23, 31
23, 28
39, 44
39, 47
39, 45
39, 41
39, 46
39, 43
39, 40
39, 48
39, 42
72, 75
72, 74
72, 77
72, 76
72, 73
72, 85
72, 86
72, 90
72, 94
16, 17
16, 18
16, 92
16, 83
16, 3
16, 88
16, 93
16, 81
16, 79
2, 54
2, 29
2, 6
2, 42
2, 64
2, 67
2, 45
2, 21
2, 16
54, 58
54, 57
54, 63
54, 62
54, 60
54, 56
54, 55
54, 61
54, 59
29, 30
29, 33
29, 39
29, 78
29, 31
29, 32
29, 3
29, 74
29, 75
6, 11
6, 9
6, 13
6, 14
6, 15
6, 7
6, 10
6, 8
6, 12
42, 43
42, 73
42, 34
42, 80
42, 35
64, 65
64, 66
64, 36
67, 68
67, 70
67, 41
67, 69
67, 72
67, 71
67, 1
67, 79
67, 81
45, 49
45, 47
45, 46
45, 44
45, 51
45, 50
45, 53
45, 48
45, 52
21, 26
21, 25
21, 23
21, 24
21, 27
21, 22
21, 77
21, 38
21, 28
16, 19
16, 18
16, 17
16, 40
16, 4
16, 37
16, 5
16, 76
16, 20
9, 19
9, 28
9, 10
9, 18
9, 22
9, 12
9, 24
9, 32
9, 25
19, 22
19, 20
19, 21
19, 23
19, 6
19, 8
28, 35
28, 36
28, 38
28, 33
10, 16
10, 11
10, 12
10, 15
10, 17
10, 14
10, 37
10, 13
10, 38
18, 26
18, 2
12, 13
12, 4
12, 40
12, 16
24, 39
24, 5
24, 7
24, 3
25, 31
25, 29
25, 28
25, 27
25, 30
25, 26
25, 34
25, 38
25, 1
40, 41
40, 12
40, 42
40, 26
40, 23
40, 11
40, 31
40, 28
40, 37
40, 16
12, 13
12, 2
12, 3
12, 1
12, 10
12, 48
12, 47
26, 9
26, 6
26, 5
26, 15
26, 36
23, 24
23, 4
23, 22
11, 23
11, 31
11, 12
11, 35
11, 39
11, 14
11, 26
11, 25
11, 20
31, 34
31, 32
31, 33
31, 7
31, 8
28, 29
28, 30
28, 38
28, 39
37, 46
16, 18
16, 17
16, 19
16, 45
16, 43
16, 21
16, 44
16, 27
1, 42
1, 32
1, 80
1, 22
1, 52
1, 83
1, 12
1, 2
1, 60
1, 70
42, 45
42, 46
42, 50
42, 43
42, 44
42, 47
42, 48
42, 51
42, 49
32, 38
32, 35
32, 34
32, 33
32, 39
32, 41
32, 36
32, 37
32, 40
80, 83
80, 98
80, 93
80, 97
80, 82
80, 81
80, 94
80, 95
80, 96
22, 27
22, 28
22, 25
22, 24
22, 23
22, 30
22, 26
22, 31
22, 29
52, 60
52, 59
52, 57
52, 56
52, 58
52, 55
52, 54
52, 53
52, 64
83, 92
83, 84
83, 88
83, 89
83, 91
83, 86
83, 90
83, 87
83, 85
12, 21
12, 14
12, 15
12, 16
12, 18
12, 17
12, 19
12, 20
12, 13
2, 8
2, 9
2, 3
2, 10
2, 5
2, 6
2, 4
2, 7
2, 11
60, 64
60, 62
60, 67
60, 68
60, 63
60, 65
60, 61
60, 69
60, 66
70, 72
70, 73
70, 77
70, 75
70, 79
70, 78
70, 76
70, 74
70, 71
7, 66
7, 86
7, 53
7, 26
7, 76
7, 8
7, 36
7, 56
7, 46
7, 18
66, 75
66, 69
66, 67
66, 72
66, 74
66, 68
66, 73
66, 70
66, 71
86, 90
86, 87
86, 88
86, 94
86, 89
86, 91
86, 95
86, 92
86, 93
53, 55
53, 54
53, 3
53, 2
53, 4
26, 35
26, 32
26, 29
26, 33
26, 31
26, 27
26, 30
26, 28
26, 34
76, 78
76, 85
76, 79
76, 77
76, 84
76, 82
76, 80
76, 81
76, 83
8, 17
8, 9
8, 12
8, 14
8, 13
8, 11
8, 16
8, 15
8, 10
36, 40
36, 41
36, 37
36, 39
36, 42
36, 38
36, 43
56, 59
56, 63
56, 57
56, 58
56, 64
56, 62
56, 65
56, 61
56, 60
46, 49
46, 44
46, 47
46, 51
46, 45
46, 48
46, 50
46, 52
46, 1
18, 5
18, 24
18, 20
18, 22
18, 21
18, 23
18, 6
18, 25
18, 19
1, 46
1, 36
1, 35
1, 25
1, 49
1, 54
1, 15
1, 12
1, 2
1, 66
46, 49
46, 54
46, 66
46, 65
46, 75
46, 76
46, 47
46, 48
46, 77
36, 41
36, 42
36, 45
36, 44
36, 37
36, 38
36, 39
36, 40
36, 43
35, 46
35, 36
35, 49
35, 54
35, 66
35, 65
35, 41
35, 42
35, 75
25, 30
25, 28
25, 31
25, 26
25, 27
25, 29
25, 34
25, 32
25, 33
49, 54
49, 52
49, 57
49, 51
49, 62
49, 56
49, 50
49, 64
49, 53
54, 57
54, 62
54, 56
54, 61
54, 55
54, 59
54, 63
54, 60
54, 58
15, 24
15, 18
15, 17
15, 16
15, 21
15, 22
15, 19
15, 20
15, 23
12, 25
12, 15
12, 28
12, 30
12, 26
12, 27
12, 31
12, 13
12, 14
2, 11
2, 9
2, 6
2, 7
2, 4
2, 5
2, 8
2, 3
2, 10
66, 69
66, 71
66, 74
66, 78
66, 67
66, 68
66, 70
66, 73
66, 72
1, 4
1, 53
1, 52
1, 2
1, 35
1, 25
1, 39
1, 15
1, 70
4, 10
4, 5
4, 9
4, 7
4, 13
4, 12
4, 8
4, 6
4, 11
53, 54
53, 59
53, 62
53, 61
53, 60
53, 56
53, 57
53, 58
53, 55
52, 53
52, 69
52, 68
52, 67
52, 65
52, 63
52, 64
52, 54
52, 66
2, 4
2, 14
2, 3
2, 10
2, 5
2, 9
2, 8
2, 7
2, 13
35, 39
35, 45
35, 44
35, 49
35, 36
35, 50
35, 38
35, 37
35, 51
25, 27
25, 33
25, 30
25, 31
25, 34
25, 28
25, 29
25, 32
25, 26
39, 45
39, 46
39, 44
39, 48
39, 40
39, 43
39, 42
39, 41
39, 47
15, 22
15, 23
15, 19
15, 20
15, 17
15, 21
15, 16
15, 24
15, 18
70, 78
70, 79
70, 72
70, 71
70, 75
70, 73
70, 76
70, 77
70, 74
1, 2
1, 72
1, 42
1, 62
1, 22
1, 32
1, 74
1, 52
1, 12
1, 90
2, 4
2, 10
2, 9
2, 3
2, 5
2, 7
2, 8
2, 6
2, 11
72, 74
72, 87
72, 88
72, 73
72, 81
72, 85
72, 89
72, 86
72, 84
42, 44
42, 45
42, 48
42, 47
42, 51
42, 50
42, 43
42, 49
42, 46
62, 65
62, 64
62, 70
62, 66
62, 69
62, 67
62, 68
62, 63
62, 71
22, 31
22, 26
22, 23
22, 29
22, 28
22, 25
22, 24
22, 27
22, 30
32, 36
32, 37
32, 33
32, 41
32, 40
32, 34
32, 35
32, 39
32, 38
74, 81
74, 75
74, 82
74, 79
74, 78
74, 80
74, 76
74, 77
74, 83
52, 60
52, 59
52, 58
52, 61
52, 53
52, 55
52, 57
52, 54
52, 56
12, 19
12, 21
12, 14
12, 17
12, 16
12, 20
12, 13
12, 18
12, 15
90, 98
90, 96
90, 93
90, 91
90, 99
90, 92
90, 94
90, 97
90, 95
1, 14
1, 17
1, 13
1, 12
1, 61
1, 49
1, 35
1, 68
1, 80
1, 2
14, 17
14, 29
14, 28
14, 30
14, 25
14, 27
14, 15
14, 24
14, 16
17, 25
17, 24
17, 18
17, 23
17, 19
17, 26
17, 22
17, 20
17, 21
13, 14
13, 17
13, 31
13, 32
13, 29
13, 33
13, 30
13, 28
13, 25
12, 14
12, 13
12, 17
12, 35
12, 46
12, 47
12, 34
12, 48
12, 45
61, 64
61, 62
61, 60
61, 63
61, 65
61, 66
61, 79
61, 78
61, 59
49, 55
49, 52
49, 58
49, 53
49, 56
49, 50
49, 51
49, 54
49, 57
35, 38
35, 43
35, 36
35, 40
35, 39
35, 37
35, 41
35, 44
35, 42
68, 69
68, 72
68, 74
68, 77
68, 71
68, 76
68, 73
68, 75
68, 70
80, 81
80, 82
80, 83
80, 67
2, 6
2, 3
2, 8
2, 11
2, 10
2, 9
2, 4
2, 5
2, 7
51, 53
51, 54
51, 58
51, 59
51, 52
51, 61
51, 60
51, 63
51, 62
54, 57
54, 55
54, 56
54, 20
54, 16
54, 28
54, 66
54, 25
54, 24
58, 22
58, 23
58, 21
58, 8
59, 12
59, 5
59, 27
59, 4
59, 26
59, 14
59, 19
59, 11
59, 13
61, 6
61, 9
61, 37
61, 49
61, 50
61, 10
61, 15
61, 38
61, 36
60, 33
60, 31
60, 34
60, 32
60, 35
60, 1
60, 30
63, 44
63, 29
63, 65
63, 2
63, 46
63, 45
63, 64
63, 47
63, 48
62, 42
62, 40
62, 39
62, 18
62, 17
62, 43
62, 41
62, 7
62, 3
5, 50
5, 6
5, 57
5, 24
5, 17
5, 37
5, 15
5, 35
5, 44
50, 55
50, 71
50, 79
50, 72
50, 54
50, 52
50, 56
50, 51
50, 53
6, 14
6, 9
6, 12
6, 11
6, 8
6, 10
6, 78
6, 7
6, 13
57, 67
57, 58
57, 61
57, 70
57, 59
57, 68
57, 3
57, 4
57, 69
24, 28
24, 29
24, 30
24, 26
24, 33
24, 25
24, 32
24, 27
24, 31
17, 65
17, 64
17, 63
17, 66
17, 1
17, 77
17, 2
17, 34
17, 80
37, 76
15, 17
15, 18
15, 22
15, 23
15, 16
15, 19
15, 21
15, 20
15, 65
35, 37
35, 38
35, 43
35, 42
35, 41
35, 40
35, 75
35, 36
35, 39
44, 49
44, 48
44, 60
44, 46
44, 45
44, 47
44, 62
44, 73
44, 74
19, 41
19, 20
19, 31
19, 26
19, 22
19, 33
19, 38
19, 51
19, 30
19, 49
41, 45
41, 44
41, 47
41, 46
41, 43
41, 48
41, 42
41, 6
41, 17
20, 22
20, 21
20, 25
20, 24
20, 23
31, 32
31, 4
31, 12
31, 27
31, 11
31, 55
31, 5
26, 41
26, 31
26, 33
26, 38
26, 51
26, 30
26, 49
26, 37
26, 29
22, 20
33, 36
33, 35
33, 34
33, 1
33, 40
33, 61
33, 10
33, 62
33, 2
38, 54
38, 3
51, 52
51, 53
51, 13
51, 8
51, 39
30, 18
30, 16
30, 58
30, 60
30, 9
30, 56
30, 57
30, 59
30, 28
49, 50
49, 7
49, 15
49, 10
49, 14
9, 35
9, 55
9, 30
9, 10
9, 65
9, 20
9, 85
9, 45
9, 70
9, 83
35, 43
35, 36
35, 42
35, 41
35, 40
35, 44
35, 39
35, 38
35, 37
55, 61
55, 60
55, 64
55, 57
55, 58
55, 63
55, 62
55, 56
55, 59
30, 35
30, 43
30, 33
30, 42
30, 36
30, 32
30, 39
30, 31
30, 34
10, 15
10, 17
10, 12
10, 14
10, 13
10, 18
10, 16
10, 11
10, 19
65, 70
65, 68
65, 82
65, 69
65, 79
65, 80
65, 67
65, 66
65, 81
20, 23
20, 24
20, 27
20, 22
20, 28
20, 21
20, 29
20, 26
20, 25
85, 86
85, 92
85, 88
85, 91
85, 89
85, 90
85, 93
85, 87
85, 94
45, 48
45, 53
45, 47
45, 46
45, 54
45, 49
45, 50
45, 51
45, 52
70, 77
70, 71
70, 72
70, 73
70, 76
70, 75
70, 74
70, 78
70, 7
83, 84
83, 3
83, 8
83, 2
83, 4
83, 1
83, 95
83, 6
83, 5
1, 5
1, 63
1, 56
1, 2
1, 74
1, 28
1, 18
1, 46
1, 29
5, 6
5, 12
5, 10
5, 8
5, 9
5, 11
5, 13
5, 7
5, 14
63, 64
63, 65
63, 68
63, 67
63, 70
63, 66
63, 72
63, 71
63, 69
56, 57
56, 63
56, 73
56, 61
56, 64
56, 62
56, 58
56, 60
56, 59
2, 5
2, 6
2, 12
2, 10
2, 15
2, 3
2, 16
2, 17
2, 4
74, 76
74, 77
74, 81
74, 78
74, 80
74, 79
74, 83
74, 82
74, 75
28, 29
28, 36
28, 44
28, 45
28, 42
28, 37
28, 39
28, 43
28, 40
18, 19
18, 22
18, 27
18, 23
18, 24
18, 21
18, 26
18, 25
18, 20
46, 50
46, 49
46, 54
46, 47
46, 53
46, 55
46, 48
46, 52
46, 51
29, 33
29, 32
29, 30
29, 35
29, 34
29, 31
29, 41
29, 42
29, 38
2, 3
2, 26
2, 23
2, 28
2, 8
2, 15
2, 31
2, 6
2, 21
3, 8
3, 6
3, 10
3, 12
3, 5
3, 14
3, 4
3, 7
3, 11
26, 27
26, 31
23, 28
23, 26
23, 35
23, 34
23, 27
23, 33
23, 24
23, 31
23, 30
28, 29
28, 36
28, 42
8, 13
8, 9
8, 3
8, 41
8, 52
8, 25
8, 47
15, 17
15, 16
15, 20
15, 18
15, 40
15, 37
15, 19
15, 39
15, 38
31, 32
31, 26
31, 1
31, 46
31, 48
31, 45
21, 54
21, 22
21, 49
21, 43
21, 51
21, 55
21, 44
21, 53
21, 50
2, 64
2, 23
2, 42
2, 88
2, 33
2, 3
2, 13
2, 53
2, 74
2, 43
64, 71
64, 67
64, 69
64, 65
64, 66
64, 68
64, 72
64, 73
64, 70
23, 28
23, 29
23, 26
23, 27
23, 30
23, 32
23, 25
23, 31
23, 24
42, 64
42, 43
42, 53
42, 74
42, 85
42, 84
42, 63
42, 87
42, 86
88, 92
88, 91
88, 97
88, 96
88, 89
88, 94
88, 90
88, 95
88, 93
33, 40
33, 1
33, 36
33, 35
33, 34
33, 41
33, 38
33, 39
33, 37
3, 5
3, 12
3, 8
3, 11
3, 4
3, 6
3, 10
3, 9
3, 7
13, 22
13, 15
13, 21
13, 14
13, 17
13, 20
13, 18
13, 19
13, 16
53, 58
53, 55
53, 54
53, 59
53, 56
53, 62
53, 57
53, 61
53, 60
74, 82
74, 83
74, 76
74, 78
74, 77
74, 81
74, 75
74, 80
74, 79
43, 48
43, 44
43, 51
43, 47
43, 50
43, 52
43, 49
43, 45
43, 46
5, 10
5, 7
5, 16
5, 9
5, 30
5, 15
5, 13
5, 6
5, 17
10, 30
10, 11
10, 25
10, 34
10, 18
10, 31
10, 3
10, 4
10, 33
7, 2
7, 28
7, 19
7, 8
7, 26
7, 47
16, 46
9, 27
9, 12
9, 49
9, 29
9, 43
30, 31
30, 34
30, 35
30, 4
30, 32
30, 33
30, 18
30, 21
6, 37
6, 38
6, 45
6, 41
6, 40
6, 20
6, 36
6, 39
6, 44
17, 1
17, 50
17, 48
17, 23
17, 42
17, 24
17, 22
17, 51
17, 14
23, 51
23, 43
23, 28
23, 63
23, 30
23, 24
23, 59
23, 40
23, 41
51, 52
51, 54
51, 53
51, 57
51, 58
51, 55
51, 56
51, 20
51, 71
43, 49
43, 50
43, 45
43, 46
43, 48
43, 44
43, 47
43, 9
43, 4
28, 30
28, 34
28, 36
28, 37
28, 38
28, 29
28, 39
28, 35
28, 31
63, 14
63, 64
63, 66
63, 71
63, 65
63, 67
63, 68
63, 20
63, 51
30, 80
30, 32
30, 31
30, 33
30, 17
30, 22
30, 2
30, 11
24, 25
24, 26
24, 27
24, 3
24, 12
24, 6
24, 8
24, 5
24, 1
59, 72
59, 61
59, 60
59, 70
59, 21
59, 74
59, 73
59, 75
59, 13
40, 7
40, 77
40, 15
40, 16
40, 82
40, 78
40, 19
40, 18
40, 76
41, 81
41, 10
41, 69
41, 42
41, 79
41, 62
26, 29
26, 28
26, 35
26, 34
26, 43
26, 32
26, 36
26, 37
26, 31
29, 38
29, 2
28, 29
28, 31
28, 32
28, 38
28, 30
28, 33
28, 27
28, 4
28, 12
35, 43
35, 5
35, 46
35, 41
35, 17
35, 19
35, 42
35, 47
35, 16
34, 9
34, 21
34, 7
34, 18
34, 10
34, 40
34, 8
34, 22
34, 48
43, 47
43, 46
43, 17
43, 44
43, 45
43, 42
43, 41
43, 8
43, 1
32, 38
32, 39
36, 13
36, 11
36, 6
36, 20
36, 14
36, 25
36, 23
36, 24
36, 15
31, 38
31, 29
31, 3
31, 2
31, 39
19, 22
19, 21
19, 43
19, 46
19, 33
19, 30
19, 35
19, 20
19, 47
19, 32
22, 24
22, 23
22, 25
21, 22
21, 24
21, 23
21, 25
21, 26
21, 14
21, 28
21, 27
21, 31
43, 45
43, 44
33, 35
33, 41
33, 36
33, 38
33, 34
33, 40
33, 42
33, 39
33, 37
30, 12
30, 11
30, 10
30, 29
30, 13
35, 36
35, 38
35, 37
35, 15
35, 16
35, 18
35, 17
20, 9
20, 2
20, 4
20, 8
20, 3
20, 5
20, 6
20, 1
20, 7
31, 33
31, 43
31, 39
31, 32
31, 38
31, 47
31, 41
31, 48
31, 6
31, 46
33, 35
33, 34
33, 37
33, 36
33, 29
33, 2
33, 18
33, 22
33, 3
43, 44
43, 45
43, 25
43, 21
43, 5
43, 26
43, 19
43, 17
43, 24
39, 28
39, 40
47, 36
47, 30
41, 42
41, 23
41, 45
41, 4
41, 50
41, 16
41, 1
41, 27
41, 49
48, 20
6, 8
6, 10
6, 9
6, 14
6, 11
6, 13
6, 7
6, 15
6, 12
10, 58
10, 75
10, 47
10, 20
10, 11
10, 30
10, 65
10, 57
10, 37
58, 60
58, 8
58, 5
58, 1
58, 9
58, 61
58, 62
58, 59
58, 63
75, 79
75, 76
75, 83
75, 82
75, 78
75, 77
75, 2
75, 80
75, 81
47, 56
47, 52
47, 51
47, 49
47, 50
47, 55
47, 53
47, 48
47, 54
20, 25
20, 22
20, 26
20, 29
20, 21
20, 27
20, 28
20, 24
20, 23
11, 19
11, 18
11, 17
11, 14
11, 12
11, 15
11, 13
11, 16
11, 6
30, 35
30, 7
30, 31
30, 32
30, 36
30, 4
30, 34
30, 33
30, 3
65, 72
65, 67
65, 71
65, 66
65, 69
65, 70
65, 73
65, 74
65, 68
57, 58
57, 60
57, 5
57, 8
57, 1
57, 9
57, 61
57, 59
57, 64
37, 43
37, 46
37, 41
37, 40
37, 39
37, 44
37, 38
37, 42
37, 45
8, 37
8, 16
8, 20
8, 25
8, 57
8, 38
8, 43
8, 11
8, 36
37, 57
37, 43
37, 38
37, 45
37, 53
37, 44
37, 55
37, 54
37, 56
16, 20
16, 25
16, 36
16, 18
16, 32
16, 35
16, 24
16, 19
16, 34
20, 21
20, 23
20, 22
20, 17
25, 28
25, 20
25, 26
25, 30
25, 29
25, 31
25, 27
25, 33
25, 23
57, 60
57, 58
57, 59
57, 7
57, 61
57, 6
38, 39
38, 5
38, 3
38, 41
38, 1
38, 40
38, 42
38, 4
38, 2
43, 45
43, 44
43, 49
43, 48
43, 51
43, 47
43, 50
43, 52
43, 46
11, 13
11, 14
11, 12
11, 15
11, 9
11, 10
16, 34
16, 24
16, 18
16, 23
16, 21
16, 17
16, 31
16, 36
16, 29
34, 35
34, 39
34, 40
34, 41
34, 37
24, 6
24, 7
24, 10
18, 5
18, 3
18, 15
18, 4
23, 38
23, 9
23, 11
23, 30
21, 33
21, 22
21, 28
21, 26
21, 25
21, 27
21, 2
21, 20
21, 1
31, 32
31, 43
31, 19
31, 14
29, 42
29, 12
29, 8
29, 13
7, 8
7, 59
7, 62
7, 13
7, 37
7, 52
7, 33
7, 32
7, 26
8, 13
8, 25
8, 22
8, 9
8, 24
8, 12
8, 10
8, 11
8, 23
59, 62
59, 65
59, 1
59, 60
59, 69
59, 66
59, 68
59, 67
59, 61
62, 63
62, 64
62, 5
62, 75
62, 80
62, 6
62, 77
62, 70
62, 74
13, 18
13, 14
13, 21
13, 19
13, 20
13, 2
13, 15
13, 17
13, 16
37, 43
37, 41
37, 44
37, 42
37, 40
37, 39
37, 46
37, 45
37, 38
52, 50
52, 53
52, 55
52, 54
52, 56
52, 51
52, 49
52, 57
52, 58
33, 34
33, 36
33, 35
32, 71
32, 3
32, 76
32, 48
32, 4
32, 81
32, 82
32, 78
32, 72
26, 27
26, 28
26, 31
26, 29
26, 30
26, 47
26, 73
26, 83
26, 79
2, 22
2, 20
2, 37
2, 15
2, 8
2, 23
2, 13
2, 7
2, 3
22, 33
22, 31
22, 23
22, 26
22, 29
22, 27
22, 30
22, 28
22, 32
20, 22
20, 37
20, 33
20, 23
20, 21
20, 31
20, 29
20, 26
20, 35
37, 38
37, 12
37, 45
37, 4
15, 40
15, 16
15, 53
15, 56
15, 55
15, 50
15, 62
15, 54
15, 61
8, 9
8, 34
8, 10
8, 36
8, 6
8, 43
8, 5
8, 17
8, 42
23, 24
23, 25
23, 64
23, 54
23, 1
13, 14
13, 46
13, 11
13, 18
13, 39
13, 48
13, 19
13, 47
13, 35
7, 58
7, 59
7, 57
7, 52
3, 22
3, 63
3, 23
3, 51
3, 49
3, 65
3, 44
3, 41
3, 60
42, 45
42, 31
42, 44
42, 1
42, 43
42, 41
42, 47
42, 48
42, 46
42, 17
31, 36
31, 38
31, 39
31, 40
31, 34
31, 37
31, 32
31, 35
31, 33
44, 13
44, 15
44, 16
44, 14
1, 3
1, 2
1, 4
1, 5
1, 6
1, 10
1, 7
1, 8
1, 9
43, 30
41, 27
41, 28
41, 29
41, 12
41, 11
47, 3
48, 9
48, 49
46, 2
17, 18
17, 20
17, 25
17, 22
17, 21
17, 26
17, 24
17, 19
17, 23
5, 41
5, 26
5, 32
5, 18
5, 7
5, 24
5, 17
5, 22
5, 6
5, 38
41, 45
41, 1
41, 47
41, 44
41, 48
41, 46
26, 51
26, 27
26, 2
26, 19
26, 49
26, 50
32, 41
32, 38
32, 40
32, 33
32, 36
32, 34
32, 35
32, 39
32, 37
18, 19
18, 42
18, 54
7, 11
7, 8
7, 14
7, 10
7, 16
7, 9
7, 15
7, 13
7, 12
24, 26
24, 17
24, 21
24, 50
24, 29
17, 26
17, 18
17, 24
17, 20
17, 28
17, 22
17, 31
17, 25
17, 30
22, 23
22, 3
22, 43
22, 26
6, 52
6, 4
6, 53
3, 33
3, 36
3, 13
3, 50
3, 69
3, 8
3, 52
3, 4
3, 25
33, 36
33, 49
33, 35
33, 48
33, 1
33, 47
33, 2
33, 46
33, 34
36, 40
36, 38
36, 37
36, 39
36, 42
36, 43
36, 44
36, 45
36, 41
13, 18
13, 17
13, 16
13, 15
13, 20
13, 22
13, 14
13, 21
13, 19
50, 52
50, 63
50, 66
50, 65
50, 67
50, 62
50, 51
50, 68
50, 64
69, 72
69, 77
69, 71
69, 74
69, 78
69, 73
69, 70
69, 75
69, 76
8, 13
8, 10
8, 18
8, 23
8, 12
8, 11
8, 9
8, 16
8, 17
52, 56
52, 61
52, 57
52, 59
52, 54
52, 55
52, 58
52, 53
52, 60
4, 13
4, 8
4, 10
4, 23
4, 18
4, 11
4, 6
4, 7
4, 5
25, 27
25, 28
25, 31
25, 32
25, 29
25, 26
25, 30
25, 24
1, 22
1, 12
1, 92
1, 82
1, 62
1, 42
1, 32
1, 72
1, 52
1, 2
22, 31
22, 23
22, 27
22, 25
22, 29
22, 30
22, 26
22, 24
22, 28
12, 13
12, 16
12, 14
12, 21
12, 15
12, 20
12, 19
12, 18
12, 17
92, 94
92, 97
92, 99
92, 95
92, 98
92, 100
92, 93
92, 96
92, 101
82, 84
82, 88
82, 86
82, 83
82, 87
82, 91
82, 90
82, 89
82, 85
62, 63
62, 71
62, 67
62, 66
62, 68
62, 64
62, 65
62, 69
62, 70
42, 48
42, 49
42, 44
42, 47
42, 43
42, 51
42, 46
42, 45
42, 50
32, 35
32, 38
32, 41
32, 37
32, 36
32, 39
32, 34
32, 40
32, 33
72, 77
72, 73
72, 80
72, 75
72, 74
72, 78
72, 79
72, 81
72, 76
52, 56
52, 53
52, 54
52, 57
52, 61
52, 60
52, 58
52, 55
52, 59
2, 3
2, 5
2, 10
2, 6
2, 7
2, 8
2, 9
2, 11
2, 4
14, 59
14, 38
14, 46
14, 17
14, 20
14, 28
14, 16
14, 15
14, 3
59, 56
59, 19
38, 39
38, 41
38, 42
38, 40
38, 57
38, 26
38, 58
38, 25
38, 45
46, 47
46, 55
46, 48
46, 54
46, 50
46, 52
46, 51
46, 49
46, 53
20, 23
20, 21
20, 22
20, 60
20, 27
20, 24
20, 18
20, 43
20, 44
28, 37
28, 35
28, 31
28, 34
28, 33
28, 29
28, 30
28, 32
28, 36
15, 13
15, 2
15, 1
3, 12
3, 11
3, 5
3, 9
3, 10
3, 8
3, 7
3, 4
3, 6
1, 21
1, 63
1, 91
1, 82
1, 64
1, 41
1, 2
1, 31
1, 12
1, 53
21, 27
21, 28
21, 23
21, 25
21, 26
21, 22
21, 24
21, 30
21, 29
63, 64
63, 75
63, 77
63, 81
63, 78
63, 74
63, 80
63, 79
63, 76
91, 94
91, 92
91, 52
91, 96
91, 99
91, 95
91, 93
91, 98
91, 97
82, 87
82, 85
82, 86
82, 90
82, 88
82, 89
82, 51
82, 83
82, 84
64, 65
64, 69
64, 72
64, 71
64, 70
64, 67
64, 68
64, 73
64, 66
41, 49
41, 47
41, 45
41, 44
41, 43
41, 42
41, 46
41, 48
41, 50
2, 9
2, 3
2, 11
2, 8
2, 10
2, 7
2, 6
2, 4
2, 5
31, 33
31, 39
31, 36
31, 34
31, 37
31, 40
31, 32
31, 38
31, 35
12, 13
12, 16
12, 14
12, 100
12, 18
12, 20
12, 17
12, 19
12, 15
53, 59
53, 56
53, 54
53, 60
53, 61
53, 62
53, 57
53, 55
53, 58
1, 80
1, 22
1, 32
1, 48
1, 2
1, 90
1, 60
1, 12
1, 70
1, 34
80, 82
80, 85
80, 87
80, 81
80, 89
80, 83
80, 88
80, 84
80, 86
22, 23
22, 28
22, 30
22, 24
22, 26
22, 27
22, 25
22, 29
22, 31
32, 48
32, 34
32, 46
32, 59
32, 45
32, 47
32, 44
32, 33
32, 58
48, 56
48, 50
48, 54
48, 57
48, 52
48, 49
48, 53
48, 55
48, 51
2, 3
2, 10
2, 4
2, 6
2, 9
2, 7
2, 8
2, 11
2, 5
90, 95
90, 93
90, 92
90, 96
90, 99
90, 91
90, 97
90, 94
90, 98
60, 63
60, 68
60, 66
60, 67
60, 65
60, 62
60, 61
60, 69
60, 64
12, 15
12, 14
12, 17
12, 16
12, 18
12, 13
12, 20
12, 19
12, 21
70, 76
70, 79
70, 78
70, 72
70, 74
70, 77
70, 75
70, 73
70, 71
34, 38
34, 39
34, 36
34, 43
34, 41
34, 42
34, 40
34, 35
34, 37
43, 5
43, 47
43, 33
43, 15
43, 26
43, 44
43, 30
43, 48
43, 46
5, 11
5, 6
5, 9
5, 7
5, 12
5, 14
5, 13
5, 10
5, 8
47, 1
47, 4
47, 44
47, 2
33, 39
33, 38
33, 41
33, 34
33, 35
33, 40
33, 42
33, 36
33, 37
15, 19
15, 22
15, 21
15, 20
15, 24
15, 17
15, 23
15, 16
15, 18
26, 30
26, 31
26, 29
26, 32
26, 27
26, 28
44, 1
44, 45
44, 3
44, 46
30, 31
30, 29
48, 26
48, 30
48, 50
48, 53
48, 51
48, 49
48, 54
48, 52
48, 25
1, 2
1, 23
1, 30
1, 24
1, 21
1, 40
1, 15
1, 5
1, 13
2, 3
2, 5
2, 4
2, 6
23, 24
23, 25
23, 51
23, 42
23, 53
30, 31
30, 36
30, 35
30, 33
30, 34
30, 38
30, 39
30, 32
30, 37
24, 25
24, 42
24, 23
24, 52
21, 19
21, 7
21, 8
21, 22
21, 20
21, 9
21, 12
21, 10
21, 11
40, 50
40, 49
40, 43
40, 46
40, 45
40, 48
40, 41
40, 47
40, 44
15, 16
15, 14
15, 18
15, 17
15, 29
15, 27
15, 19
15, 28
15, 26
5, 4
1, 43
1, 83
1, 53
1, 33
1, 13
1, 23
1, 2
1, 3
1, 63
1, 73
43, 48
43, 52
43, 50
43, 51
43, 47
43, 46
43, 45
43, 44
43, 49
83, 86
83, 90
83, 84
83, 92
83, 91
83, 87
83, 89
83, 85
83, 88
53, 58
53, 62
53, 61
53, 56
53, 60
53, 57
53, 54
53, 55
53, 59
33, 37
33, 42
33, 38
33, 41
33, 35
33, 34
33, 40
33, 39
33, 36
13, 17
13, 20
13, 16
13, 19
13, 18
13, 15
13, 21
13, 14
13, 22
23, 25
23, 30
23, 29
23, 31
23, 27
23, 26
23, 32
23, 24
23, 28
2, 43
2, 83
2, 33
2, 53
2, 23
2, 13
2, 3
2, 63
2, 73
3, 10
3, 12
3, 8
3, 11
3, 6
3, 4
3, 5
3, 9
3, 7
63, 68
63, 72
63, 70
63, 67
63, 71
63, 64
63, 69
63, 65
63, 66
73, 78
73, 77
73, 82
73, 80
73, 81
73, 76
73, 74
73, 79
73, 75
1, 13
1, 33
1, 3
1, 63
1, 53
1, 43
1, 23
1, 73
1, 2
13, 17
13, 16
13, 19
13, 18
13, 14
13, 22
13, 15
13, 20
13, 21
33, 39
33, 34
33, 37
33, 38
33, 40
33, 42
33, 41
33, 35
33, 36
3, 7
3, 5
3, 4
3, 8
3, 11
3, 9
3, 6
3, 10
3, 12
63, 66
63, 64
63, 69
63, 70
63, 71
63, 68
63, 67
63, 65
63, 72
53, 54
53, 57
53, 58
53, 59
53, 61
53, 56
53, 55
53, 62
53, 60
43, 48
43, 50
43, 46
43, 52
43, 45
43, 47
43, 49
43, 44
43, 51
23, 32
23, 29
23, 30
23, 31
23, 28
23, 24
23, 27
23, 26
23, 25
73, 82
73, 77
73, 79
73, 78
73, 75
73, 76
73, 74
73, 80
73, 81
2, 13
2, 3
2, 17
2, 7
2, 16
2, 19
2, 18
2, 5
2, 4
7, 21
7, 33
7, 71
7, 42
7, 61
7, 51
7, 24
7, 16
7, 18
21, 29
21, 24
21, 26
21, 28
21, 25
21, 30
21, 22
21, 23
21, 31
33, 36
33, 34
33, 41
33, 75
33, 38
33, 35
33, 40
33, 37
33, 39
71, 73
71, 74
71, 3
71, 5
71, 72
71, 78
71, 2
71, 4
71, 6
42, 50
42, 48
42, 45
42, 47
42, 46
42, 43
42, 49
42, 76
42, 44
61, 67
61, 65
61, 63
61, 66
61, 70
61, 64
61, 62
61, 68
61, 69
51, 59
51, 57
51, 58
51, 60
51, 52
51, 55
51, 53
51, 56
51, 54
24, 25
24, 20
24, 1
24, 53
24, 32
24, 77
24, 27
24, 54
16, 17
16, 15
16, 11
16, 10
16, 8
16, 13
16, 12
16, 14
16, 9
18, 21
18, 33
18, 42
18, 51
18, 24
18, 36
18, 29
18, 19
18, 26
2, 31
2, 29
2, 64
2, 17
2, 53
2, 4
2, 80
2, 13
2, 43
2, 69
31, 32
31, 40
31, 38
31, 33
31, 36
31, 37
31, 34
31, 39
31, 35
29, 31
29, 53
29, 43
29, 30
29, 63
29, 42
29, 32
29, 41
29, 51
64, 80
64, 79
64, 67
64, 69
64, 65
64, 74
64, 66
64, 68
64, 78
17, 18
17, 26
17, 21
17, 19
17, 20
17, 22
17, 24
17, 23
17, 25
53, 54
53, 58
53, 57
53, 61
53, 56
53, 60
53, 62
53, 59
53, 55
4, 6
4, 11
4, 9
4, 10
4, 7
4, 12
4, 5
4, 8
4, 3
80, 85
80, 81
80, 83
80, 89
80, 88
80, 82
80, 84
80, 87
80, 86
13, 17
13, 15
13, 14
13, 18
13, 26
13, 27
13, 28
13, 21
13, 16
43, 51
43, 45
43, 52
43, 44
43, 49
43, 48
43, 47
43, 46
43, 50
69, 74
69, 73
69, 72
69, 1
69, 76
69, 75
69, 77
69, 71
69, 70
1, 56
1, 46
1, 66
1, 2
1, 76
1, 25
1, 86
1, 15
1, 5
1, 36
56, 60
56, 57
56, 58
56, 59
56, 62
56, 61
56, 64
56, 65
56, 63
46, 48
46, 50
46, 55
46, 54
46, 51
46, 49
46, 52
46, 47
46, 53
66, 67
66, 70
66, 73
66, 74
66, 68
66, 71
66, 75
66, 72
66, 69
2, 56
2, 46
2, 25
2, 5
2, 15
2, 36
2, 4
2, 3
2, 35
76, 82
76, 79
76, 85
76, 84
76, 78
76, 80
76, 77
76, 81
76, 83
25, 33
25, 28
25, 26
25, 27
25, 34
25, 31
25, 32
25, 30
25, 29
86, 92
86, 88
86, 94
86, 93
86, 89
86, 95
86, 91
86, 87
86, 90
15, 24
15, 20
15, 19
15, 16
15, 21
15, 18
15, 17
15, 23
15, 22
5, 12
5, 7
5, 13
5, 6
5, 9
5, 8
5, 10
5, 11
5, 14
36, 42
36, 43
36, 44
36, 39
36, 38
36, 41
36, 45
36, 37
36, 40
9, 25
9, 16
9, 19
9, 29
9, 33
9, 14
9, 24
9, 30
9, 12
25, 29
25, 30
25, 28
25, 26
25, 27
25, 32
25, 31
25, 10
25, 35
16, 17
16, 18
16, 2
16, 8
16, 19
19, 20
19, 3
19, 21
19, 22
19, 38
19, 41
29, 5
29, 36
33, 34
14, 15
14, 13
14, 7
24, 42
24, 31
24, 23
24, 4
24, 43
24, 1
30, 39
12, 37
12, 11
12, 6
12, 40
33, 2
33, 35
33, 38
33, 24
33, 25
33, 41
33, 34
33, 42
33, 37
2, 9
2, 13
2, 6
2, 10
2, 5
2, 11
2, 3
2, 8
2, 7
35, 43
35, 47
38, 2
38, 25
38, 39
38, 24
38, 21
38, 40
38, 44
38, 14
38, 46
24, 25
24, 32
24, 30
24, 27
24, 2
24, 28
24, 31
24, 26
24, 29
25, 18
25, 20
25, 31
25, 22
25, 1
25, 23
25, 12
25, 4
25, 19
41, 16
41, 48
41, 15
41, 42
41, 36
42, 17
42, 16
42, 45
11, 12
11, 13
11, 40
11, 52
11, 36
11, 21
11, 27
11, 30
11, 18
11, 45
12, 40
12, 13
12, 21
12, 52
12, 36
12, 18
12, 27
12, 51
12, 24
13, 16
13, 15
13, 14
13, 43
13, 50
13, 23
13, 69
40, 42
40, 41
40, 71
40, 48
40, 2
40, 5
40, 68
52, 55
52, 54
52, 58
52, 61
52, 60
52, 57
52, 59
52, 56
52, 53
36, 38
36, 39
36, 37
36, 9
36, 74
36, 1
36, 6
36, 76
21, 22
21, 65
21, 44
21, 4
21, 67
21, 75
21, 73
21, 66
21, 7
30, 8
30, 33
30, 31
30, 32
30, 70
30, 26
30, 49
30, 62
30, 17
18, 19
18, 35
18, 20
18, 25
18, 63
18, 29
18, 28
18, 34
18, 64
45, 46
45, 10
45, 72
45, 47
45, 3
4, 33
4, 21
4, 45
4, 15
4, 5
4, 43
4, 55
4, 74
4, 62
4, 84
33, 37
33, 36
33, 40
33, 38
33, 42
33, 41
33, 34
33, 39
33, 35
21, 24
21, 27
21, 22
21, 28
21, 23
21, 30
21, 29
21, 25
21, 26
45, 53
45, 52
45, 49
45, 48
45, 47
45, 51
45, 50
45, 46
45, 54
15, 21
15, 19
15, 17
15, 31
15, 22
15, 20
15, 18
15, 32
15, 16
5, 10
5, 13
5, 12
5, 6
5, 7
5, 14
5, 8
5, 11
5, 9
43, 95
43, 44
43, 2
43, 98
43, 96
43, 97
43, 1
43, 94
43, 3
55, 62
55, 56
55, 71
55, 58
55, 60
55, 59
55, 72
55, 61
55, 57
74, 83
74, 76
74, 81
74, 75
74, 79
74, 78
74, 77
74, 80
74, 82
62, 63
62, 69
62, 67
62, 70
62, 64
62, 65
62, 66
62, 68
62, 73
84, 92
84, 93
84, 91
84, 89
84, 86
84, 87
84, 88
84, 90
84, 85
1, 12
1, 82
1, 42
1, 72
1, 92
1, 62
1, 2
1, 22
1, 52
1, 32
12, 20
12, 16
12, 15
12, 14
12, 18
12, 19
12, 17
12, 13
12, 21
82, 86
82, 83
82, 87
82, 89
82, 91
82, 90
82, 88
82, 84
82, 85
42, 51
42, 50
42, 48
42, 43
42, 44
42, 47
42, 49
42, 45
42, 46
72, 75
72, 81
72, 78
72, 76
72, 79
72, 74
72, 73
72, 77
72, 80
92, 100
92, 101
92, 99
92, 98
92, 94
92, 96
92, 97
92, 95
92, 93
62, 63
62, 64
62, 70
62, 69
62, 71
62, 68
62, 67
62, 65
62, 66
2, 8
2, 11
2, 10
2, 5
2, 3
2, 4
2, 6
2, 9
2, 7
22, 23
22, 30
22, 26
22, 31
22, 29
22, 25
22, 28
22, 24
22, 27
52, 54
52, 59
52, 55
52, 53
52, 58
52, 56
52, 61
52, 60
52, 57
32, 36
32, 33
32, 34
32, 35
32, 37
32, 40
32, 41
32, 38
32, 39
4, 55
4, 21
4, 45
4, 12
4, 31
4, 56
4, 43
4, 6
4, 15
4, 9
55, 56
55, 66
55, 61
55, 62
55, 65
55, 63
55, 60
55, 67
55, 64
21, 29
21, 28
21, 30
21, 25
21, 26
21, 22
21, 27
21, 24
21, 23
45, 46
45, 71
45, 41
45, 52
45, 69
45, 72
12, 14
12, 13
12, 10
12, 2
12, 11
31, 39
31, 32
31, 40
31, 34
31, 33
31, 37
31, 35
31, 36
31, 38
56, 58
56, 57
56, 59
43, 45
43, 44
43, 49
43, 50
43, 53
43, 47
43, 51
43, 48
43, 54
6, 7
6, 1
6, 68
6, 73
6, 5
6, 20
6, 42
15, 17
15, 18
15, 16
15, 12
15, 3
15, 19
15, 74
9, 45
9, 8
9, 70
19, 47
19, 58
19, 9
19, 32
19, 49
19, 38
19, 24
19, 23
19, 20
19, 42
47, 1
58, 59
9, 15
9, 18
9, 16
9, 13
9, 12
9, 17
9, 10
9, 11
9, 14
32, 8
32, 7
32, 2
32, 5
32, 33
32, 3
32, 4
32, 34
32, 6
49, 50
49, 52
49, 53
49, 55
49, 56
49, 54
49, 57
49, 51
38, 41
38, 40
38, 39
38, 61
38, 60
38, 62
24, 27
24, 35
23, 24
23, 25
23, 31
23, 37
23, 27
23, 28
23, 26
23, 29
23, 30
20, 21
20, 22
20, 36
42, 47
42, 48
42, 44
42, 43
42, 45
42, 46
42, 1
1, 72
1, 42
1, 82
1, 52
1, 92
1, 32
1, 62
1, 12
1, 22
1, 2
72, 81
72, 76
72, 73
72, 80
72, 78
72, 79
72, 74
72, 77
72, 75
42, 46
42, 48
42, 51
42, 49
42, 50
42, 45
42, 44
42, 47
42, 43
82, 86
82, 91
82, 87
82, 89
82, 90
82, 84
82, 83
82, 85
82, 88
52, 53
52, 57
52, 58
52, 54
52, 55
52, 56
52, 59
52, 60
52, 61
92, 93
92, 96
92, 97
92, 99
92, 95
92, 100
92, 98
92, 94
92, 101
32, 40
32, 41
32, 33
32, 35
32, 37
32, 39
32, 38
32, 36
32, 34
62, 70
62, 71
62, 69
62, 65
62, 67
62, 68
62, 66
62, 64
62, 63
12, 16
12, 18
12, 19
12, 17
12, 14
12, 21
12, 13
12, 15
12, 20
22, 23
22, 29
22, 27
22, 30
22, 26
22, 31
22, 28
22, 25
22, 24
2, 5
2, 9
2, 8
2, 4
2, 10
2, 11
2, 3
2, 7
2, 6
1, 2
1, 80
1, 48
1, 27
1, 47
1, 60
1, 3
1, 37
1, 70
1, 17
2, 27
2, 17
2, 37
2, 3
2, 14
2, 13
2, 15
2, 16
2, 10
80, 85
80, 86
80, 87
80, 81
80, 88
80, 89
80, 83
80, 82
80, 84
48, 50
48, 49
48, 57
48, 51
48, 56
48, 54
48, 52
48, 55
48, 53
27, 31
27, 30
27, 33
27, 35
27, 28
27, 29
27, 32
27, 34
27, 36
47, 48
47, 50
47, 49
47, 59
47, 51
47, 58
47, 57
47, 56
47, 54
60, 61
60, 67
60, 69
60, 66
60, 68
60, 64
60, 62
60, 63
60, 65
3, 10
3, 9
3, 4
3, 5
3, 8
3, 12
3, 11
3, 7
3, 6
37, 39
37, 46
37, 45
37, 44
37, 41
37, 38
37, 40
37, 43
37, 42
70, 73
70, 72
70, 79
70, 75
70, 74
70, 76
70, 78
70, 71
70, 77
17, 20
17, 26
17, 25
17, 23
17, 22
17, 21
17, 24
17, 19
17, 18
1, 51
1, 83
1, 63
1, 12
1, 2
1, 41
1, 52
1, 22
1, 73
1, 31
51, 52
51, 63
51, 60
51, 59
51, 55
51, 57
51, 61
51, 56
51, 62
83, 89
83, 91
83, 85
83, 84
83, 90
83, 88
83, 92
83, 86
83, 87
63, 71
63, 66
63, 67
63, 65
63, 69
63, 72
63, 68
63, 70
63, 64
12, 15
12, 19
12, 20
12, 16
12, 13
12, 14
12, 18
12, 17
12, 21
2, 11
2, 3
2, 9
2, 8
2, 7
2, 5
2, 6
2, 4
2, 10
41, 46
41, 49
41, 45
41, 44
41, 50
41, 42
41, 48
41, 47
41, 43
52, 60
52, 59
52, 55
52, 57
52, 61
52, 56
52, 54
52, 53
52, 58
22, 23
22, 31
22, 24
22, 25
22, 30
22, 27
22, 29
22, 28
22, 26
73, 75
73, 79
73, 82
73, 81
73, 78
73, 77
73, 76
73, 80
73, 74
31, 36
31, 37
31, 39
31, 40
31, 35
31, 38
31, 34
31, 32
31, 33
3, 25
3, 36
3, 14
3, 35
3, 4
3, 49
3, 59
3, 69
3, 24
25, 29
25, 31
25, 32
25, 30
25, 27
25, 34
25, 26
25, 28
25, 33
36, 37
36, 39
36, 41
36, 42
36, 45
36, 44
36, 40
36, 38
36, 43
14, 16
14, 19
14, 18
14, 17
14, 20
14, 15
14, 21
14, 23
14, 22
35, 36
35, 37
35, 39
35, 42
35, 41
35, 45
35, 46
35, 48
35, 47
4, 8
4, 12
4, 7
4, 11
4, 9
4, 13
4, 5
4, 10
4, 6
49, 53
49, 58
49, 54
49, 52
49, 56
49, 51
49, 50
49, 55
49, 57
59, 63
59, 67
59, 64
59, 62
59, 65
59, 61
59, 68
59, 66
59, 60
69, 74
69, 77
69, 75
69, 70
69, 72
69, 73
69, 76
69, 71
69, 78
24, 80
24, 1
24, 2
24, 79
24, 82
24, 81
1, 31
1, 32
1, 74
1, 42
1, 86
1, 64
1, 2
1, 22
1, 12
1, 54
31, 32
31, 74
31, 64
31, 42
31, 54
31, 52
31, 80
31, 53
31, 84
32, 36
32, 39
32, 37
32, 38
32, 40
32, 33
32, 34
32, 35
32, 41
74, 80
74, 83
74, 77
74, 76
74, 79
74, 82
74, 78
74, 75
74, 81
42, 50
42, 43
42, 46
42, 49
42, 48
42, 45
42, 51
42, 47
42, 44
86, 90
86, 89
86, 91
86, 93
86, 95
86, 92
86, 88
86, 87
86, 94
64, 65
64, 73
64, 66
64, 68
64, 70
64, 67
64, 72
64, 71
64, 69
2, 8
2, 10
2, 7
2, 4
2, 5
2, 11
2, 3
2, 6
2, 9
22, 24
22, 85
22, 25
22, 28
22, 30
22, 26
22, 27
22, 29
22, 23
12, 17
12, 21
12, 19
12, 20
12, 14
12, 15
12, 16
12, 18
12, 13
54, 57
54, 55
54, 56
54, 62
54, 63
54, 59
54, 61
54, 60
54, 58
2, 16
2, 3
2, 24
2, 40
2, 32
2, 44
2, 38
2, 13
2, 27
2, 28
16, 21
16, 22
16, 23
16, 20
16, 17
16, 54
16, 18
16, 19
16, 59
3, 8
3, 7
3, 11
3, 9
3, 5
3, 12
3, 4
3, 6
3, 10
24, 27
24, 25
24, 26
24, 48
24, 35
24, 31
24, 14
24, 37
24, 15
40, 24
40, 43
40, 41
40, 3
40, 42
40, 53
32, 34
32, 33
32, 50
32, 52
32, 1
44, 46
44, 45
44, 3
44, 24
44, 47
44, 36
38, 39
13, 49
27, 24
27, 56
28, 29
28, 30
28, 55
28, 51
28, 57
28, 58
1, 59
1, 79
1, 12
1, 69
1, 15
1, 89
1, 2
1, 49
1, 29
1, 39
59, 64
59, 60
59, 62
59, 68
59, 65
59, 66
59, 63
59, 67
59, 61
79, 80
79, 84
79, 85
79, 87
79, 88
79, 81
79, 83
79, 86
79, 82
12, 15
12, 25
12, 27
12, 14
12, 26
12, 18
12, 13
12, 19
12, 28
69, 77
69, 71
69, 70
69, 78
69, 76
69, 73
69, 75
69, 74
69, 72
15, 19
15, 18
15, 21
15, 17
15, 24
15, 22
15, 23
15, 16
15, 20
89, 97
89, 90
89, 96
89, 92
89, 94
89, 98
89, 93
89, 95
89, 91
2, 6
2, 5
2, 10
2, 11
2, 9
2, 7
2, 4
2, 3
2, 8
49, 52
49, 51
49, 56
49, 55
49, 54
49, 50
49, 53
49, 57
49, 58
29, 31
29, 34
29, 35
29, 37
29, 30
29, 32
29, 36
29, 33
29, 38
39, 40
39, 41
39, 47
39, 46
39, 43
39, 48
39, 44
39, 42
39, 45
1, 41
1, 31
1, 61
1, 71
1, 91
1, 51
1, 11
1, 21
1, 81
1, 2
41, 44
41, 46
41, 47
41, 48
41, 45
41, 49
41, 42
41, 50
41, 43
31, 34
31, 40
31, 35
31, 36
31, 38
31, 32
31, 37
31, 39
31, 33
61, 64
61, 65
61, 67
61, 66
61, 70
61, 69
61, 63
61, 62
61, 68
71, 75
71, 76
71, 74
71, 78
71, 80
71, 77
71, 72
71, 79
71, 73
91, 95
91, 99
91, 96
91, 97
91, 92
91, 100
91, 94
91, 93
91, 98
51, 57
51, 58
51, 52
51, 55
51, 54
51, 59
51, 60
51, 56
51, 53
11, 15
11, 19
11, 17
11, 20
11, 16
11, 14
11, 18
11, 13
11, 12
21, 26
21, 28
21, 24
21, 29
21, 27
21, 22
21, 23
21, 30
21, 25
81, 84
81, 87
81, 88
81, 86
81, 83
81, 89
81, 85
81, 90
81, 82
2, 11
2, 6
2, 5
2, 8
2, 7
2, 4
2, 10
2, 9
2, 3
1, 72
1, 32
1, 52
1, 91
1, 42
1, 12
1, 80
1, 62
1, 2
1, 22
72, 80
72, 90
72, 77
72, 74
72, 79
72, 75
72, 76
72, 78
72, 73
32, 34
32, 37
32, 39
32, 41
32, 40
32, 33
32, 35
32, 36
32, 38
52, 55
52, 58
52, 61
52, 59
52, 60
52, 54
52, 56
52, 53
52, 57
91, 100
91, 93
91, 94
91, 98
91, 99
91, 95
91, 96
91, 97
91, 92
42, 43
42, 48
42, 46
42, 47
42, 49
42, 45
42, 50
42, 44
42, 51
12, 21
12, 19
12, 15
12, 16
12, 18
12, 14
12, 13
12, 17
12, 20
80, 84
80, 88
80, 87
80, 81
80, 89
80, 86
80, 83
80, 85
80, 82
62, 67
62, 68
62, 63
62, 65
62, 64
62, 66
62, 69
62, 71
62, 70
2, 9
2, 6
2, 5
2, 10
2, 4
2, 7
2, 8
2, 3
2, 11
22, 26
22, 23
22, 29
22, 30
22, 28
22, 27
22, 24
22, 31
22, 25
1, 62
1, 2
1, 52
1, 12
1, 81
1, 31
1, 91
1, 66
1, 22
1, 41
62, 66
62, 78
62, 79
62, 64
62, 77
62, 63
62, 80
62, 76
62, 65
2, 6
2, 7
2, 10
2, 9
2, 8
2, 11
2, 3
2, 4
2, 5
52, 60
52, 59
52, 54
52, 61
52, 57
52, 55
52, 53
52, 56
52, 58
12, 20
12, 14
12, 13
12, 21
12, 19
12, 15
12, 16
12, 18
12, 17
81, 82
81, 89
81, 84
81, 86
81, 90
81, 83
81, 85
81, 88
81, 87
31, 38
31, 34
31, 39
31, 35
31, 33
31, 37
31, 36
31, 40
31, 32
91, 100
91, 98
91, 99
91, 93
91, 92
91, 97
91, 96
91, 94
91, 95
66, 75
66, 72
66, 71
66, 73
66, 69
66, 74
66, 67
66, 68
66, 70
22, 27
22, 26
22, 24
22, 28
22, 29
22, 101
22, 23
22, 30
22, 25
41, 44
41, 51
41, 49
41, 45
41, 50
41, 46
41, 43
41, 47
41, 48
41, 42
7, 35
7, 24
7, 14
7, 70
7, 60
7, 39
7, 8
7, 50
7, 72
35, 39
35, 36
35, 47
35, 48
35, 46
35, 41
35, 37
35, 49
35, 38
24, 27
24, 28
24, 26
24, 25
24, 30
24, 33
24, 29
24, 31
24, 32
14, 22
14, 23
14, 17
14, 20
14, 19
14, 15
14, 18
14, 16
14, 21
70, 72
70, 71
70, 74
70, 77
70, 76
70, 75
70, 78
70, 79
70, 73
60, 67
60, 66
60, 63
60, 65
60, 64
60, 68
60, 61
60, 69
60, 62
39, 41
39, 40
39, 42
39, 44
39, 45
39, 43
39, 6
39, 4
39, 3
8, 10
8, 13
8, 12
8, 9
8, 11
8, 1
8, 81
8, 80
8, 2
50, 54
50, 55
50, 52
50, 51
50, 58
50, 53
50, 57
50, 56
50, 59
72, 34
72, 82
72, 5
21, 25
21, 47
21, 24
21, 32
21, 44
21, 50
21, 55
21, 40
21, 22
25, 30
25, 27
25, 29
25, 31
25, 28
25, 26
25, 15
25, 16
25, 4
47, 48
47, 49
47, 44
47, 46
47, 42
47, 45
47, 43
24, 25
24, 20
24, 14
24, 57
24, 13
32, 37
32, 36
32, 39
32, 53
32, 35
32, 34
32, 38
32, 33
32, 52
44, 1
44, 46
44, 45
44, 2
44, 43
50, 51
50, 17
50, 9
50, 58
50, 18
50, 5
50, 11
50, 12
50, 10
55, 6
55, 56
55, 7
55, 8
55, 54
40, 41
40, 3
22, 23
22, 25
22, 19
22, 24
2, 68
2, 58
2, 81
2, 22
2, 65
2, 37
2, 14
2, 21
2, 48
2, 3
68, 69
68, 71
68, 72
68, 77
68, 74
68, 70
68, 75
68, 73
68, 76
58, 61
58, 63
58, 60
58, 62
58, 64
58, 59
58, 94
58, 93
81, 82
81, 83
81, 85
81, 87
81, 90
81, 89
81, 84
81, 86
81, 88
22, 29
22, 25
22, 28
22, 26
22, 31
22, 23
22, 27
22, 24
22, 30
65, 68
65, 81
65, 80
65, 66
65, 67
65, 87
65, 79
65, 69
65, 78
37, 41
37, 43
37, 40
37, 39
37, 44
37, 38
37, 42
37, 32
37, 91
14, 18
14, 16
14, 17
14, 15
14, 92
14, 19
14, 20
14, 13
14, 1
21, 22
21, 37
21, 33
21, 34
21, 35
21, 47
21, 36
21, 46
21, 45
48, 50
48, 55
48, 51
48, 52
48, 53
48, 54
48, 56
48, 57
48, 49
3, 9
3, 4
3, 8
3, 6
3, 12
3, 7
3, 11
3, 5
3, 10
17, 52
17, 51
17, 43
17, 18
17, 34
17, 32
17, 47
17, 21
17, 39
52, 56
52, 54
52, 57
52, 53
52, 55
52, 58
52, 60
52, 59
52, 1
51, 52
51, 61
51, 63
51, 62
51, 67
51, 64
51, 68
51, 65
51, 66
43, 45
43, 44
43, 46
43, 40
43, 42
18, 20
18, 19
18, 16
18, 15
18, 14
34, 36
34, 37
34, 35
34, 11
34, 10
34, 31
34, 13
34, 12
34, 9
32, 33
32, 7
32, 50
32, 4
32, 49
32, 2
32, 3
32, 6
32, 5
47, 48
21, 28
21, 25
21, 30
21, 29
21, 23
21, 27
21, 24
21, 22
21, 26
39, 8
39, 38
39, 41
1, 2
1, 54
1, 41
1, 26
1, 10
1, 29
1, 11
1, 31
1, 28
1, 43
2, 8
2, 5
2, 4
2, 3
2, 7
2, 9
2, 67
2, 6
2, 66
54, 56
54, 60
54, 58
54, 57
54, 63
54, 59
54, 55
54, 62
54, 61
41, 54
41, 43
41, 42
41, 47
41, 64
41, 53
41, 48
41, 51
41, 45
26, 28
26, 27
26, 72
26, 71
26, 65
26, 68
26, 70
26, 69
10, 11
10, 24
10, 23
10, 14
10, 22
10, 21
10, 17
10, 19
10, 25
29, 30
11, 14
11, 17
11, 19
11, 16
11, 20
11, 18
11, 13
11, 15
11, 12
31, 32
31, 38
31, 40
31, 35
31, 33
31, 39
31, 36
31, 37
31, 34
28, 27
28, 70
28, 69
43, 48
43, 47
43, 45
43, 51
43, 49
43, 52
43, 50
43, 44
43, 46
2, 42
2, 52
2, 66
2, 62
2, 22
2, 32
2, 12
2, 3
2, 79
2, 89
42, 47
42, 44
42, 46
42, 51
42, 45
42, 50
42, 43
42, 49
42, 48
52, 61
52, 58
52, 60
52, 56
52, 54
52, 57
52, 59
52, 55
52, 53
66, 75
66, 74
66, 67
66, 68
66, 73
66, 71
66, 69
66, 72
66, 70
62, 66
62, 75
62, 64
62, 77
62, 65
62, 63
62, 78
62, 76
62, 74
22, 25
22, 26
22, 29
22, 23
22, 27
22, 31
22, 28
22, 24
22, 30
32, 34
32, 39
32, 40
32, 41
32, 38
32, 37
32, 35
32, 36
32, 33
12, 18
12, 21
12, 19
12, 14
12, 20
12, 16
12, 13
12, 17
12, 15
3, 10
3, 7
3, 1
3, 9
3, 8
3, 5
3, 11
3, 6
3, 4
79, 87
79, 84
79, 86
79, 82
79, 83
79, 81
79, 85
79, 80
79, 88
89, 93
89, 94
89, 95
89, 91
89, 92
89, 98
89, 90
89, 97
89, 96
2, 8
2, 3
2, 63
2, 17
2, 52
2, 31
2, 18
2, 42
2, 70
8, 15
8, 14
8, 16
8, 11
8, 1
8, 10
8, 12
8, 9
8, 13
3, 8
3, 15
3, 14
3, 4
3, 16
3, 6
3, 5
3, 7
3, 11
63, 70
63, 69
63, 65
63, 64
63, 66
63, 67
63, 80
63, 68
63, 78
17, 52
17, 31
17, 18
17, 42
17, 41
17, 28
17, 30
17, 62
17, 29
52, 61
52, 57
52, 53
52, 56
52, 58
52, 54
52, 55
52, 59
52, 60
31, 33
31, 38
31, 32
31, 35
31, 39
31, 34
31, 36
31, 37
31, 40
18, 20
18, 27
18, 23
18, 25
18, 21
18, 19
18, 24
18, 22
18, 26
42, 49
42, 51
42, 50
42, 47
42, 46
42, 45
42, 43
42, 44
42, 48
70, 78
70, 75
70, 74
70, 71
70, 77
70, 73
70, 72
70, 79
70, 76
2, 59
2, 57
2, 31
2, 23
2, 3
2, 46
2, 8
2, 27
2, 13
59, 67
59, 62
59, 63
59, 64
59, 65
59, 68
59, 60
59, 66
59, 61
57, 58
57, 56
31, 35
31, 33
31, 36
31, 39
31, 32
31, 38
31, 34
31, 40
31, 37
23, 31
23, 27
23, 44
23, 43
23, 41
23, 30
23, 26
23, 42
23, 33
3, 8
3, 9
3, 4
3, 7
3, 12
3, 10
3, 11
3, 5
3, 6
46, 54
46, 53
46, 47
46, 51
46, 55
46, 52
46, 50
46, 49
46, 48
8, 9
8, 10
27, 28
27, 29
27, 69
27, 1
27, 25
27, 71
27, 70
27, 24
27, 45
13, 15
13, 18
13, 21
13, 16
13, 20
13, 22
13, 17
13, 19
13, 14
13, 3
13, 31
13, 42
13, 21
13, 22
13, 19
13, 15
13, 29
13, 14
3, 7
3, 6
3, 10
3, 11
3, 8
3, 5
3, 12
3, 9
3, 4
31, 38
31, 35
31, 37
31, 41
31, 39
31, 32
31, 36
31, 34
31, 33
42, 44
42, 49
42, 47
42, 45
42, 50
42, 1
42, 43
42, 46
42, 48
21, 20
22, 28
22, 27
22, 25
22, 29
22, 30
22, 23
22, 26
22, 24
15, 16
15, 17
15, 2
15, 18
14, 38
14, 31
14, 35
14, 37
14, 41
14, 39
14, 32
14, 40
14, 34
24, 45
24, 27
24, 34
24, 56
24, 25
24, 63
24, 66
24, 28
24, 67
24, 32
45, 46
45, 53
45, 50
45, 49
45, 54
45, 51
45, 52
45, 47
45, 48
27, 28
27, 30
27, 31
27, 29
27, 2
27, 4
27, 26
27, 83
27, 6
34, 43
34, 38
34, 42
34, 39
34, 36
34, 35
34, 41
34, 40
34, 37
56, 61
56, 59
56, 57
56, 60
56, 58
56, 20
56, 22
56, 21
56, 23
25, 8
25, 87
25, 82
25, 88
25, 1
25, 9
25, 11
25, 12
25, 10
63, 64
63, 65
63, 85
63, 3
63, 5
63, 77
63, 78
63, 44
63, 55
66, 80
66, 84
66, 81
28, 79
28, 27
28, 13
28, 62
67, 68
67, 73
67, 75
67, 72
67, 71
67, 74
67, 69
67, 70
67, 76
32, 17
32, 18
32, 16
32, 33
32, 14
32, 7
32, 15
32, 86
32, 19
1, 66
1, 29
1, 49
1, 39
1, 51
1, 77
1, 87
1, 12
1, 2
1, 16
66, 70
66, 73
66, 75
66, 74
66, 72
66, 71
66, 68
66, 69
66, 67
29, 32
29, 35
29, 31
29, 37
29, 36
29, 34
29, 33
29, 30
29, 38
49, 66
49, 51
49, 65
49, 64
49, 50
49, 76
49, 61
49, 62
49, 63
39, 42
39, 44
39, 43
39, 40
39, 45
39, 48
39, 41
39, 47
39, 46
51, 55
51, 54
51, 60
51, 59
51, 57
51, 56
51, 52
51, 53
51, 58
77, 80
77, 85
77, 83
77, 86
77, 81
77, 79
77, 84
77, 82
77, 78
87, 96
87, 93
87, 88
87, 91
87, 92
87, 90
87, 95
87, 94
87, 89
12, 39
12, 29
12, 27
12, 16
12, 15
12, 14
12, 13
12, 26
12, 28
2, 8
2, 3
2, 7
2, 10
2, 4
2, 5
2, 11
2, 6
2, 9
16, 22
16, 19
16, 20
16, 23
16, 25
16, 21
16, 18
16, 17
16, 24
5, 51
5, 67
5, 61
5, 32
5, 16
5, 6
5, 26
5, 35
5, 62
51, 58
51, 59
51, 55
51, 56
51, 53
51, 54
51, 57
51, 52
51, 60
67, 74
67, 73
67, 75
67, 70
67, 4
67, 69
67, 71
67, 68
67, 72
61, 67
61, 62
61, 81
61, 76
61, 80
61, 78
61, 77
61, 79
61, 82
32, 45
32, 35
32, 48
32, 49
32, 33
32, 46
32, 34
32, 50
32, 47
16, 17
16, 18
16, 19
16, 25
16, 20
16, 23
16, 21
16, 24
16, 22
6, 9
6, 7
6, 10
6, 15
6, 13
6, 12
6, 11
6, 14
6, 8
26, 31
26, 1
26, 28
26, 2
26, 83
26, 29
26, 27
26, 30
26, 3
35, 44
35, 37
35, 40
35, 38
35, 39
35, 41
35, 36
35, 43
35, 42
62, 67
62, 74
62, 73
62, 63
62, 75
62, 65
62, 64
62, 66
62, 70
14, 60
14, 44
14, 41
14, 69
14, 28
14, 56
14, 15
14, 25
14, 53
14, 37
60, 67
60, 64
60, 65
60, 66
60, 62
60, 61
60, 63
60, 6
60, 76
44, 50
44, 45
44, 48
44, 46
44, 49
44, 51
44, 82
44, 47
44, 52
41, 42
41, 7
41, 43
41, 11
41, 8
69, 71
69, 74
69, 85
69, 73
69, 70
69, 81
69, 72
69, 84
69, 83
28, 34
28, 36
56, 60
56, 69
56, 59
56, 75
56, 57
56, 68
56, 58
56, 71
56, 64
15, 22
15, 21
15, 19
15, 24
15, 18
15, 16
15, 23
15, 20
15, 17
25, 28
25, 27
25, 32
25, 35
25, 33
25, 26
25, 31
25, 30
25, 29
53, 55
53, 54
53, 79
53, 78
53, 80
53, 12
53, 77
53, 9
53, 10
37, 39
37, 3
37, 40
37, 2
37, 38
37, 4
37, 13
37, 1
37, 5
1, 26
1, 76
1, 17
1, 2
1, 5
1, 56
1, 86
1, 36
1, 46
1, 66
26, 33
26, 32
26, 28
26, 27
26, 29
26, 31
26, 30
26, 34
26, 35
76, 83
76, 82
76, 84
76, 81
76, 79
76, 85
76, 80
76, 78
76, 77
17, 21
17, 20
17, 25
17, 16
17, 18
17, 22
17, 32
17, 19
17, 24
2, 26
2, 5
2, 17
2, 23
2, 36
2, 4
2, 15
2, 3
2, 13
5, 13
5, 10
5, 11
5, 8
5, 9
5, 14
5, 6
5, 12
5, 7
56, 57
56, 64
56, 62
56, 65
56, 63
56, 58
56, 60
56, 61
56, 59
86, 90
86, 87
86, 88
86, 91
86, 94
86, 92
86, 89
86, 93
86, 95
36, 40
36, 43
36, 42
36, 41
36, 39
36, 45
36, 38
36, 37
36, 44
46, 54
46, 53
46, 49
46, 52
46, 50
46, 47
46, 51
46, 55
46, 48
66, 71
66, 69
66, 74
66, 72
66, 70
66, 68
66, 67
66, 75
66, 73
1, 73
1, 19
1, 67
1, 78
1, 9
1, 57
1, 47
1, 22
1, 38
1, 3
73, 78
73, 82
73, 86
73, 74
73, 88
73, 89
73, 76
73, 75
73, 77
19, 22
19, 21
19, 37
19, 33
19, 32
19, 34
19, 36
19, 20
19, 35
67, 73
67, 78
67, 82
67, 71
67, 70
67, 68
67, 69
67, 90
67, 72
78, 82
78, 86
78, 80
78, 84
78, 83
78, 87
78, 85
78, 81
78, 79
9, 11
9, 15
9, 12
9, 10
9, 18
9, 13
9, 17
9, 16
9, 14
57, 61
57, 62
57, 59
57, 64
57, 63
57, 66
57, 60
57, 65
57, 58
47, 53
47, 56
47, 54
47, 49
47, 50
47, 51
47, 48
47, 55
47, 52
22, 25
22, 31
22, 29
22, 23
22, 26
22, 28
22, 24
22, 27
22, 30
38, 47
38, 46
38, 39
38, 42
38, 40
38, 45
38, 43
38, 41
38, 44
3, 6
3, 5
3, 8
3, 4
3, 2
3, 7
3, 91
5, 24
5, 34
5, 6
5, 52
5, 82
5, 17
5, 72
5, 62
5, 45
24, 27
24, 32
24, 25
24, 29
24, 28
24, 31
24, 30
24, 33
24, 26
34, 41
34, 37
34, 44
34, 42
34, 36
34, 40
34, 38
34, 39
34, 35
6, 12
6, 7
6, 14
6, 13
6, 8
6, 10
6, 16
6, 11
6, 9
52, 61
52, 54
52, 53
52, 57
52, 59
52, 60
52, 55
52, 56
52, 58
82, 83
17, 19
17, 23
17, 20
17, 2
17, 21
17, 22
17, 18
17, 4
17, 1
72, 77
72, 73
72, 80
72, 75
72, 74
72, 76
72, 81
72, 79
72, 78
62, 63
62, 71
62, 70
62, 69
62, 65
62, 68
62, 67
62, 64
62, 66
45, 46
45, 49
45, 47
45, 48
45, 51
45, 50
45, 43
45, 15
45, 3
3, 4
3, 47
3, 37
3, 27
3, 64
3, 20
3, 6
3, 71
3, 57
4, 20
4, 6
4, 18
4, 19
4, 16
4, 5
4, 14
4, 12
4, 17
47, 53
47, 55
47, 49
47, 48
47, 56
47, 50
47, 52
47, 54
47, 51
37, 40
37, 44
37, 39
37, 45
37, 43
37, 41
37, 46
37, 38
37, 42
27, 33
27, 34
27, 28
27, 31
27, 32
27, 30
27, 35
27, 36
27, 29
64, 65
64, 68
64, 67
64, 83
64, 66
64, 70
64, 69
64, 2
64, 84
20, 22
20, 23
20, 26
20, 21
20, 24
20, 25
20, 1
20, 85
6, 9
6, 7
6, 8
6, 11
6, 10
6, 82
6, 81
6, 13
6, 15
71, 73
71, 75
71, 76
71, 80
71, 78
71, 77
71, 79
71, 74
71, 72
57, 64
57, 59
57, 58
57, 63
57, 61
57, 62
57, 65
57, 60
57, 68
3, 4
3, 5
3, 48
3, 38
3, 28
3, 59
3, 21
3, 7
3, 76
3, 66
4, 5
4, 48
4, 38
4, 28
4, 59
4, 21
4, 7
4, 76
4, 58
5, 21
5, 7
5, 19
5, 20
5, 17
5, 6
5, 15
5, 13
5, 18
48, 54
48, 56
48, 50
48, 49
48, 57
48, 51
48, 53
48, 55
48, 52
38, 41
38, 45
38, 40
38, 46
38, 44
38, 42
38, 47
38, 39
38, 43
28, 34
28, 35
28, 29
28, 32
28, 33
28, 31
28, 36
28, 37
28, 30
59, 60
59, 63
59, 62
59, 88
59, 61
59, 65
59, 64
59, 2
59, 89
21, 23
21, 24
21, 27
21, 22
21, 25
21, 26
21, 1
21, 90
7, 10
7, 8
7, 9
7, 12
7, 11
7, 87
7, 86
7, 14
7, 16
76, 78
76, 80
76, 81
76, 85
76, 83
76, 82
76, 84
76, 79
76, 77
66, 70
66, 73
66, 74
66, 67
66, 75
66, 68
66, 69
66, 71
66, 72
1, 31
1, 41
1, 22
1, 81
1, 61
1, 12
1, 91
1, 51
1, 71
1, 2
31, 40
31, 32
31, 33
31, 37
31, 35
31, 38
31, 36
31, 39
31, 34
41, 49
41, 48
41, 50
41, 42
41, 44
41, 46
41, 45
41, 47
41, 43
22, 31
22, 30
22, 23
22, 26
22, 29
22, 27
22, 24
22, 28
22, 25
81, 87
81, 84
81, 90
81, 82
81, 86
81, 89
81, 85
81, 83
81, 88
61, 63
61, 67
61, 66
61, 62
61, 64
61, 65
61, 70
61, 69
61, 68
12, 18
12, 17
12, 21
12, 20
12, 14
12, 13
12, 19
12, 15
12, 16
91, 94
91, 97
91, 99
91, 96
91, 95
91, 100
91, 93
91, 92
91, 98
51, 58
51, 52
51, 57
51, 55
51, 54
51, 59
51, 60
51, 53
51, 56
71, 75
71, 76
71, 79
71, 78
71, 80
71, 74
71, 72
71, 77
71, 73
2, 5
2, 8
2, 7
2, 3
2, 10
2, 11
2, 6
2, 9
2, 4
3, 78
3, 29
3, 40
3, 49
3, 59
3, 4
3, 24
3, 14
3, 69
78, 84
78, 80
78, 87
78, 86
78, 83
78, 79
78, 82
78, 81
78, 85
29, 36
29, 37
29, 35
29, 38
29, 34
29, 30
29, 33
29, 31
29, 32
40, 45
40, 47
40, 42
40, 46
40, 1
40, 44
40, 48
40, 43
40, 41
49, 53
49, 57
49, 55
49, 58
49, 50
49, 51
49, 56
49, 52
49, 54
59, 60
59, 66
59, 64
59, 63
59, 62
59, 65
59, 67
59, 68
59, 61
4, 12
4, 8
4, 13
4, 11
4, 5
4, 7
4, 9
4, 6
4, 10
24, 29
24, 39
24, 28
24, 36
24, 27
24, 37
24, 25
24, 35
24, 26
14, 21
14, 20
14, 18
14, 19
14, 17
14, 22
14, 16
14, 15
14, 23
69, 74
69, 76
69, 71
69, 73
69, 77
69, 70
69, 75
69, 72
69, 2
2, 3
2, 35
2, 13
2, 23
2, 58
2, 76
2, 33
2, 63
2, 48
3, 12
3, 10
3, 11
3, 4
3, 5
3, 8
3, 7
3, 9
3, 6
35, 39
35, 41
35, 38
35, 36
35, 44
35, 40
35, 43
35, 42
35, 37
13, 20
13, 18
13, 15
13, 17
13, 14
13, 21
13, 22
13, 16
13, 19
23, 32
23, 26
23, 31
23, 27
23, 28
23, 29
23, 25
23, 24
23, 30
58, 75
58, 63
58, 61
58, 70
58, 62
58, 59
58, 73
58, 60
58, 74
76, 80
76, 78
76, 79
76, 82
76, 83
76, 81
76, 84
76, 77
76, 1
33, 35
33, 39
33, 47
33, 38
33, 41
33, 36
33, 46
33, 45
33, 34
63, 70
63, 71
63, 67
63, 64
63, 68
63, 66
63, 69
63, 65
63, 72
48, 51
48, 54
48, 50
48, 57
48, 52
48, 53
48, 56
48, 49
48, 55
12, 31
12, 60
12, 32
12, 51
12, 70
12, 39
12, 16
12, 14
12, 2
31, 32
31, 60
31, 51
31, 70
31, 39
31, 2
31, 82
31, 81
31, 80
60, 69
60, 66
60, 65
60, 63
60, 67
60, 68
60, 62
60, 61
60, 64
32, 49
32, 39
32, 37
32, 36
32, 50
32, 33
32, 38
32, 34
32, 35
51, 56
51, 57
51, 54
51, 55
51, 83
51, 53
51, 59
51, 58
51, 52
70, 71
70, 73
70, 79
70, 76
70, 77
70, 72
70, 78
70, 75
70, 74
39, 45
39, 47
39, 48
39, 40
39, 41
39, 46
39, 42
39, 43
39, 44
16, 22
16, 18
16, 20
16, 19
16, 1
16, 13
16, 17
16, 23
16, 21
14, 16
14, 26
14, 29
14, 25
14, 27
14, 30
14, 24
14, 28
14, 15
2, 10
2, 8
2, 6
2, 5
2, 11
2, 7
2, 9
2, 4
2, 3
2, 24
2, 14
2, 13
2, 54
2, 63
2, 34
2, 3
2, 44
2, 73
2, 83
24, 32
24, 31
24, 25
24, 26
24, 29
24, 28
24, 33
24, 30
24, 27
14, 23
14, 15
14, 16
14, 19
14, 18
14, 22
14, 17
14, 21
14, 20
13, 24
13, 54
13, 14
13, 63
13, 34
13, 44
13, 43
13, 93
13, 83
54, 60
54, 63
54, 57
54, 56
54, 59
54, 62
54, 55
54, 61
54, 58
63, 69
63, 64
63, 66
63, 70
63, 67
63, 68
63, 65
63, 72
63, 71
34, 40
34, 37
34, 39
34, 36
34, 35
34, 41
34, 38
34, 1
34, 42
3, 12
3, 4
3, 5
3, 9
3, 7
3, 10
3, 8
3, 11
3, 6
44, 49
44, 48
44, 45
44, 50
44, 47
44, 51
44, 46
44, 53
44, 52
73, 79
73, 81
73, 80
73, 75
73, 77
73, 76
73, 74
73, 78
73, 82
83, 86
83, 89
83, 85
83, 88
83, 84
83, 91
83, 90
83, 92
83, 87
1, 54
1, 40
1, 2
1, 56
1, 12
1, 66
1, 22
1, 23
1, 80
1, 35
54, 56
54, 66
54, 80
54, 78
54, 88
54, 79
54, 55
54, 76
54, 77
40, 41
40, 44
40, 47
40, 49
40, 45
40, 46
40, 43
40, 48
40, 42
2, 4
2, 9
2, 7
2, 5
2, 11
2, 6
2, 10
2, 8
2, 3
56, 58
56, 63
56, 59
56, 65
56, 61
56, 64
56, 62
56, 60
56, 57
12, 14
12, 15
12, 13
12, 16
12, 17
12, 18
12, 21
12, 19
12, 20
66, 73
66, 72
66, 71
66, 74
66, 68
66, 70
66, 75
66, 67
66, 69
22, 40
22, 35
22, 23
22, 53
22, 51
22, 52
22, 50
22, 33
22, 34
23, 27
23, 26
23, 28
23, 31
23, 25
23, 32
23, 24
23, 30
23, 29
80, 88
80, 85
80, 87
80, 89
80, 83
80, 81
80, 82
80, 84
80, 86
35, 40
35, 38
35, 41
35, 37
35, 49
35, 44
35, 47
35, 36
35, 39
1, 4
1, 43
1, 27
1, 54
1, 2
1, 37
1, 67
1, 17
1, 53
4, 9
4, 5
4, 6
4, 12
4, 10
4, 11
4, 13
4, 7
4, 8
43, 51
43, 44
43, 49
43, 48
43, 47
43, 50
43, 45
43, 52
43, 46
27, 28
27, 30
27, 34
27, 36
27, 29
27, 31
27, 32
27, 35
27, 33
54, 55
54, 59
54, 56
54, 62
54, 63
54, 57
54, 61
54, 58
54, 60
2, 4
2, 9
2, 15
2, 14
2, 12
2, 3
2, 5
2, 6
2, 16
37, 43
37, 51
37, 42
37, 38
37, 44
37, 39
37, 49
37, 40
37, 41
67, 71
67, 74
67, 73
67, 70
67, 75
67, 68
67, 76
67, 72
67, 69
17, 20
17, 21
17, 19
17, 24
17, 26
17, 25
17, 22
17, 18
17, 23
53, 54
53, 55
53, 59
53, 56
53, 62
53, 64
53, 58
53, 66
53, 65
1, 2
1, 70
1, 40
1, 50
1, 20
1, 30
1, 78
1, 9
1, 60
2, 9
2, 8
2, 7
2, 18
2, 4
2, 6
2, 19
2, 3
2, 5
70, 78
70, 75
70, 77
70, 88
70, 73
70, 71
70, 72
70, 74
70, 76
40, 49
40, 41
40, 48
40, 46
40, 42
40, 45
40, 43
40, 44
40, 47
50, 53
50, 59
50, 52
50, 58
50, 57
50, 51
50, 54
50, 55
50, 56
20, 29
20, 22
20, 23
20, 26
20, 28
20, 25
20, 27
20, 21
20, 24
30, 39
30, 35
30, 32
30, 38
30, 36
30, 34
30, 33
30, 31
30, 37
78, 82
78, 83
78, 85
78, 86
78, 81
78, 80
78, 87
78, 84
78, 79
9, 13
9, 11
9, 12
9, 17
9, 16
9, 10
9, 14
9, 89
9, 15
60, 63
60, 67
60, 68
60, 62
60, 64
60, 69
60, 61
60, 65
60, 66
1, 42
1, 22
1, 52
1, 32
1, 12
1, 85
1, 2
1, 62
1, 72
1, 82
42, 50
42, 43
42, 49
42, 44
42, 46
42, 48
42, 45
42, 47
42, 51
22, 27
22, 30
22, 29
22, 25
22, 31
22, 28
22, 23
22, 24
22, 26
52, 59
52, 54
52, 61
52, 55
52, 58
52, 60
52, 57
52, 53
52, 56
32, 33
32, 41
32, 40
32, 36
32, 34
32, 38
32, 39
32, 37
32, 35
12, 21
12, 19
12, 17
12, 18
12, 16
12, 15
12, 13
12, 20
12, 14
85, 89
85, 88
85, 86
85, 91
85, 92
85, 94
85, 90
85, 93
85, 87
2, 7
2, 6
2, 11
2, 3
2, 4
2, 5
2, 8
2, 10
2, 9
62, 64
62, 65
62, 63
62, 66
62, 67
62, 68
62, 71
62, 70
62, 69
72, 77
72, 80
72, 76
72, 73
72, 74
72, 78
72, 75
72, 81
72, 79
82, 85
82, 89
82, 96
82, 97
82, 99
82, 98
82, 84
82, 95
82, 83
1, 22
1, 63
1, 50
1, 23
1, 39
1, 2
1, 25
1, 12
1, 73
22, 63
22, 50
22, 23
22, 39
22, 25
22, 83
22, 62
22, 61
22, 60
63, 68
63, 70
63, 64
63, 65
63, 66
63, 71
63, 67
63, 69
63, 72
50, 55
50, 51
50, 54
50, 56
50, 52
50, 59
50, 53
50, 57
50, 58
23, 39
23, 25
23, 38
23, 49
23, 47
23, 37
23, 24
23, 35
23, 36
39, 47
39, 40
39, 45
39, 46
39, 43
39, 44
39, 41
39, 42
39, 48
2, 5
2, 3
2, 10
2, 9
2, 11
2, 7
2, 4
2, 6
2, 8
25, 32
25, 30
25, 34
25, 27
25, 31
25, 28
25, 29
25, 26
25, 33
12, 13
12, 19
12, 21
12, 17
12, 18
12, 15
12, 16
12, 14
12, 20
73, 79
73, 77
73, 82
73, 80
73, 81
73, 75
73, 76
73, 78
73, 74
1, 42
1, 12
1, 47
1, 70
1, 77
1, 32
1, 2
1, 58
1, 22
42, 47
42, 58
42, 44
42, 43
42, 46
42, 68
42, 57
42, 45
42, 69
12, 13
12, 21
12, 20
12, 19
12, 18
12, 14
12, 15
12, 16
12, 17
47, 49
47, 50
47, 53
47, 55
47, 48
47, 52
47, 54
47, 51
47, 56
70, 77
70, 72
70, 75
70, 74
70, 73
70, 87
70, 76
70, 71
70, 88
77, 82
77, 86
77, 80
77, 78
77, 85
77, 79
77, 83
77, 84
77, 81
32, 38
32, 33
32, 34
32, 39
32, 37
32, 41
32, 35
32, 36
32, 40
2, 10
2, 11
2, 8
2, 3
2, 7
2, 9
2, 6
2, 4
2, 5
58, 64
58, 62
58, 60
58, 61
58, 63
58, 59
58, 66
58, 65
58, 67
22, 31
22, 30
22, 29
22, 27
22, 23
22, 26
22, 28
22, 24
22, 25
1, 42
1, 12
1, 72
1, 62
1, 22
1, 82
1, 52
1, 2
1, 32
1, 92
42, 43
42, 44
42, 50
42, 46
42, 48
42, 47
42, 51
42, 45
42, 49
12, 14
12, 16
12, 15
12, 18
12, 20
12, 17
12, 21
12, 13
12, 19
72, 81
72, 76
72, 80
72, 74
72, 75
72, 79
72, 73
72, 78
72, 77
62, 70
62, 65
62, 67
62, 68
62, 71
62, 63
62, 64
62, 66
62, 69
22, 29
22, 24
22, 31
22, 27
22, 26
22, 23
22, 28
22, 30
22, 25
82, 83
82, 90
82, 88
82, 89
82, 86
82, 87
82, 84
82, 91
82, 85
52, 54
52, 55
52, 57
52, 60
52, 53
52, 56
52, 61
52, 59
52, 58
2, 3
2, 9
2, 7
2, 6
2, 11
2, 8
2, 5
2, 10
2, 4
32, 35
32, 38
32, 33
32, 37
32, 41
32, 34
32, 40
32, 39
32, 36
92, 97
92, 95
92, 96
92, 93
92, 94
92, 101
92, 98
92, 100
92, 99
6, 23
6, 7
6, 82
6, 17
6, 33
6, 43
6, 62
6, 52
6, 72
23, 29
23, 30
23, 31
23, 24
23, 27
23, 28
23, 25
23, 26
23, 32
7, 15
7, 11
7, 10
7, 12
7, 13
7, 8
7, 16
7, 14
7, 9
82, 91
82, 90
82, 84
82, 88
82, 86
82, 83
82, 89
82, 85
82, 87
17, 22
17, 2
17, 5
17, 21
17, 19
17, 18
17, 20
17, 3
17, 1
33, 40
33, 36
33, 39
33, 34
33, 41
33, 38
33, 35
33, 42
33, 37
43, 50
43, 51
43, 45
43, 46
43, 44
43, 49
43, 4
43, 47
43, 48
62, 69
62, 70
62, 68
62, 63
62, 65
62, 71
62, 67
62, 66
62, 64
52, 54
52, 60
52, 57
52, 55
52, 58
52, 61
52, 56
52, 59
52, 53
72, 79
72, 75
72, 78
72, 76
72, 81
72, 77
72, 80
72, 73
72, 74
1, 26
1, 2
1, 40
1, 60
1, 3
1, 78
1, 63
1, 13
1, 24
1, 50
26, 30
26, 33
26, 31
26, 32
26, 35
26, 28
26, 29
26, 27
26, 34
2, 26
2, 3
2, 13
2, 24
2, 39
2, 23
2, 37
2, 38
2, 30
40, 44
40, 46
40, 45
40, 42
40, 41
40, 43
40, 47
40, 48
40, 49
60, 63
60, 61
60, 75
60, 73
60, 62
60, 76
60, 74
60, 77
60, 70
3, 8
3, 10
3, 5
3, 7
3, 11
3, 4
3, 12
3, 9
3, 6
78, 82
78, 85
78, 84
78, 81
78, 80
78, 86
78, 83
78, 79
78, 87
63, 70
63, 72
63, 68
63, 71
63, 67
63, 65
63, 69
63, 66
63, 64
13, 17
13, 18
13, 22
13, 14
13, 20
13, 19
13, 16
13, 15
13, 21
24, 26
24, 30
24, 37
24, 33
24, 31
24, 32
24, 36
24, 35
24, 25
50, 52
50, 53
50, 57
50, 54
50, 56
50, 55
50, 59
50, 58
50, 51
36, 54
36, 37
36, 67
36, 48
36, 63
36, 66
36, 25
36, 47
36, 75
54, 56
54, 60
54, 61
54, 62
54, 55
54, 59
54, 57
54, 88
54, 58
37, 45
37, 46
37, 44
37, 41
37, 43
37, 40
37, 42
37, 39
37, 38
67, 68
67, 70
67, 71
67, 79
67, 69
67, 12
67, 9
67, 87
67, 78
48, 53
48, 51
48, 5
48, 8
48, 49
48, 50
48, 52
48, 14
48, 7
63, 64
63, 4
63, 65
63, 40
63, 10
63, 3
63, 86
63, 72
63, 73
66, 6
66, 85
66, 19
66, 35
66, 11
66, 16
66, 13
66, 80
66, 15
25, 34
25, 26
25, 27
25, 31
25, 29
25, 32
25, 30
25, 33
25, 28
47, 20
47, 2
47, 17
47, 18
47, 24
47, 23
47, 22
47, 21
47, 1
75, 77
75, 76
75, 83
75, 82
75, 74
75, 81
75, 84
1, 42
1, 32
1, 91
1, 62
1, 52
1, 22
1, 12
1, 71
1, 81
1, 2
42, 44
42, 51
42, 49
42, 47
42, 48
42, 46
42, 50
42, 45
42, 43
32, 37
32, 41
32, 34
32, 33
32, 40
32, 39
32, 38
32, 36
32, 35
91, 99
91, 98
91, 92
91, 93
91, 95
91, 96
91, 94
91, 100
91, 97
62, 65
62, 68
62, 63
62, 66
62, 69
62, 64
62, 67
62, 101
62, 70
52, 61
52, 57
52, 53
52, 60
52, 59
52, 58
52, 54
52, 55
52, 56
22, 28
22, 31
22, 27
22, 25
22, 30
22, 29
22, 23
22, 26
22, 24
12, 13
12, 16
12, 17
12, 19
12, 15
12, 21
12, 20
12, 18
12, 14
71, 78
71, 75
71, 80
71, 73
71, 72
71, 76
71, 74
71, 79
71, 77
81, 88
81, 89
81, 90
81, 82
81, 85
81, 86
81, 83
81, 87
81, 84
2, 3
2, 6
2, 8
2, 4
2, 7
2, 11
2, 9
2, 10
2, 5
1, 71
1, 56
1, 3
1, 83
1, 66
1, 36
1, 26
1, 2
1, 15
1, 46
71, 73
71, 75
71, 76
71, 80
71, 79
71, 78
71, 77
71, 74
71, 72
56, 58
56, 60
56, 59
56, 65
56, 64
56, 63
56, 62
56, 57
56, 61
3, 10
3, 9
3, 8
3, 4
3, 7
3, 6
3, 11
3, 5
3, 12
83, 92
83, 91
83, 87
83, 88
83, 86
83, 89
83, 90
83, 84
83, 85
66, 71
66, 70
66, 68
66, 67
66, 69
66, 82
66, 81
66, 73
66, 75
36, 42
36, 40
36, 44
36, 43
36, 38
36, 39
36, 45
36, 41
36, 37
26, 30
26, 28
26, 34
26, 35
26, 31
26, 29
26, 27
26, 33
26, 32
2, 3
2, 15
2, 10
2, 13
2, 25
2, 9
2, 8
2, 14
2, 24
15, 24
15, 23
15, 22
15, 18
15, 20
15, 21
15, 16
15, 19
15, 17
46, 55
46, 53
46, 50
46, 51
46, 49
46, 54
46, 48
46, 52
46, 47
1, 57
1, 32
1, 11
1, 12
1, 42
1, 78
1, 21
1, 44
1, 2
1, 67
57, 64
57, 62
57, 66
57, 60
57, 61
57, 59
57, 65
57, 63
57, 58
32, 35
32, 36
32, 38
32, 39
32, 37
32, 34
32, 33
32, 41
32, 40
11, 57
11, 32
11, 12
11, 42
11, 78
11, 21
11, 44
11, 67
11, 31
12, 21
12, 16
12, 14
12, 17
12, 20
12, 15
12, 19
12, 18
12, 13
42, 57
42, 44
42, 67
42, 55
42, 54
42, 43
42, 56
42, 77
42, 64
78, 83
78, 87
78, 81
78, 84
78, 79
78, 86
78, 85
78, 80
78, 82
21, 27
21, 30
21, 29
21, 24
21, 28
21, 22
21, 23
21, 26
21, 25
44, 47
44, 52
44, 48
44, 53
44, 51
44, 46
44, 49
44, 45
44, 50
2, 10
2, 6
2, 9
2, 4
2, 5
2, 8
2, 3
2, 7
2, 88
67, 71
67, 72
67, 68
67, 74
67, 69
67, 73
67, 70
67, 76
67, 75
19, 48
19, 77
19, 38
19, 20
19, 56
19, 67
19, 5
19, 21
19, 1
19, 87
48, 56
48, 55
48, 49
48, 50
48, 53
48, 52
48, 66
48, 54
48, 51
77, 83
77, 78
77, 80
77, 84
77, 81
77, 82
77, 79
77, 86
77, 85
38, 42
38, 46
38, 40
38, 47
38, 43
38, 45
38, 41
38, 39
38, 44
20, 38
20, 21
20, 31
20, 34
20, 33
20, 37
20, 32
20, 36
20, 35
56, 62
56, 59
56, 61
56, 58
56, 65
56, 57
56, 63
56, 64
56, 60
67, 73
67, 71
67, 72
67, 69
67, 68
67, 74
67, 76
67, 75
67, 70
5, 12
5, 13
5, 9
5, 8
5, 11
5, 6
5, 7
5, 14
5, 10
21, 27
21, 25
21, 23
21, 24
21, 26
21, 30
21, 28
21, 22
21, 29
1, 5
1, 17
1, 18
1, 3
1, 4
1, 13
1, 2
1, 15
1, 16
87, 93
87, 95
87, 89
87, 88
87, 90
87, 18
87, 94
87, 92
87, 91
2, 53
2, 80
2, 33
2, 68
2, 55
2, 3
2, 43
2, 23
2, 13
53, 68
53, 55
53, 80
53, 79
53, 67
53, 54
53, 66
53, 65
53, 78
80, 83
80, 86
80, 81
80, 87
80, 84
80, 85
80, 88
80, 82
80, 1
33, 40
33, 38
33, 39
33, 34
33, 42
33, 41
33, 37
33, 36
33, 35
68, 69
68, 75
68, 74
68, 70
68, 71
68, 73
68, 76
68, 77
68, 72
55, 61
55, 56
55, 62
55, 64
55, 58
55, 63
55, 60
55, 59
55, 57
3, 12
3, 8
3, 9
3, 10
3, 5
3, 11
3, 6
3, 7
3, 4
43, 51
43, 50
43, 46
43, 47
43, 49
43, 44
43, 45
43, 52
43, 48
23, 27
23, 28
23, 25
23, 24
23, 26
23, 31
23, 29
23, 32
23, 30
13, 17
13, 14
13, 16
13, 19
13, 20
13, 22
13, 21
13, 15
13, 18
1, 31
1, 12
1, 57
1, 77
1, 2
1, 21
1, 67
1, 32
1, 45
31, 57
31, 32
31, 45
31, 55
31, 44
31, 59
31, 43
31, 56
31, 42
12, 15
12, 18
12, 14
12, 19
12, 16
12, 20
12, 87
12, 17
12, 13
57, 59
57, 61
57, 62
57, 64
57, 66
57, 60
57, 63
57, 58
57, 65
77, 82
77, 81
77, 80
77, 83
77, 84
77, 86
77, 85
77, 78
77, 79
2, 8
2, 7
2, 3
2, 5
2, 11
2, 6
2, 9
2, 4
2, 10
21, 26
21, 24
21, 30
21, 25
21, 29
21, 28
21, 22
21, 23
21, 27
67, 74
67, 73
67, 69
67, 71
67, 75
67, 68
67, 70
67, 76
67, 72
32, 37
32, 33
32, 35
32, 40
32, 39
32, 34
32, 38
32, 36
32, 41
45, 50
45, 54
45, 46
45, 47
45, 53
45, 49
45, 52
45, 48
45, 51
2, 41
2, 32
2, 12
2, 68
2, 77
2, 55
2, 22
2, 3
2, 42
41, 55
41, 68
41, 42
41, 52
41, 66
41, 54
41, 65
41, 67
41, 53
32, 39
32, 35
32, 37
32, 38
32, 34
32, 33
32, 40
32, 88
32, 36
12, 17
12, 14
12, 16
12, 13
12, 15
12, 18
12, 20
12, 21
12, 19
68, 74
68, 72
68, 75
68, 71
68, 70
68, 76
68, 69
68, 1
68, 73
77, 85
77, 78
77, 82
77, 84
77, 80
77, 86
77, 83
77, 81
77, 79
55, 58
55, 56
55, 63
55, 62
55, 64
55, 57
55, 61
55, 60
55, 59
22, 26
22, 25
22, 23
22, 30
22, 29
22, 28
22, 27
22, 31
22, 24
3, 7
3, 8
3, 11
3, 6
3, 10
3, 4
3, 87
3, 5
3, 9
42, 43
42, 50
42, 51
42, 46
42, 44
42, 48
42, 47
42, 49
42, 45
16, 60
16, 42
16, 54
16, 70
16, 31
16, 17
16, 27
16, 36
16, 51
60, 64
60, 65
60, 67
60, 68
60, 63
60, 62
60, 69
60, 66
60, 61
42, 15
42, 44
42, 46
42, 47
42, 49
42, 48
42, 43
42, 50
42, 45
54, 79
54, 55
54, 59
54, 56
54, 82
54, 58
54, 57
54, 12
54, 14
70, 75
70, 74
70, 76
70, 73
70, 87
70, 86
70, 71
70, 72
70, 22
31, 88
31, 33
31, 4
31, 81
31, 6
31, 5
31, 32
31, 34
31, 35
17, 23
17, 24
17, 19
17, 22
17, 21
17, 20
17, 25
17, 18
17, 26
27, 29
27, 28
27, 8
27, 3
27, 30
27, 2
27, 7
27, 77
27, 83
36, 38
36, 41
36, 40
36, 39
36, 37
36, 89
36, 1
36, 85
36, 80
51, 52
51, 53
51, 84
51, 11
51, 12
51, 78
51, 13
51, 10
51, 9
1, 42
1, 74
1, 61
1, 65
1, 52
1, 32
1, 12
1, 2
1, 22
42, 44
42, 50
42, 43
42, 47
42, 46
42, 51
42, 49
42, 45
42, 48
74, 79
74, 83
74, 75
74, 76
74, 81
74, 78
74, 80
74, 82
74, 77
61, 74
61, 65
61, 63
61, 83
61, 84
61, 79
61, 64
61, 62
61, 75
65, 72
65, 68
65, 70
65, 71
65, 67
65, 66
65, 73
65, 86
65, 69
52, 54
52, 58
52, 53
52, 60
52, 85
52, 55
52, 56
52, 57
52, 59
32, 38
32, 41
32, 37
32, 40
32, 33
32, 36
32, 35
32, 39
32, 34
12, 14
12, 18
12, 13
12, 20
12, 15
12, 19
12, 16
12, 21
12, 17
2, 3
2, 9
2, 4
2, 10
2, 11
2, 7
2, 5
2, 6
2, 8
22, 24
22, 27
22, 28
22, 23
22, 25
22, 31
22, 29
22, 30
22, 26
1, 31
1, 22
1, 81
1, 61
1, 41
1, 12
1, 91
1, 51
1, 2
1, 71
31, 40
31, 32
31, 33
31, 37
31, 35
31, 38
31, 36
31, 39
31, 34
22, 31
22, 30
22, 23
22, 26
22, 29
22, 27
22, 24
22, 28
22, 25
81, 87
81, 84
81, 90
81, 82
81, 86
81, 89
81, 85
81, 83
81, 88
61, 63
61, 67
61, 66
61, 62
61, 64
61, 65
61, 70
61, 69
61, 68
41, 49
41, 48
41, 50
41, 42
41, 44
41, 46
41, 45
41, 47
41, 43
12, 18
12, 17
12, 21
12, 20
12, 14
12, 13
12, 19
12, 15
12, 16
91, 94
91, 97
91, 99
91, 96
91, 95
91, 100
91, 93
91, 92
91, 98
51, 58
51, 52
51, 57
51, 55
51, 54
51, 59
51, 60
51, 53
51, 56
2, 5
2, 8
2, 7
2, 3
2, 10
2, 11
2, 6
2, 9
2, 4
71, 75
71, 76
71, 79
71, 78
71, 80
71, 74
71, 72
71, 77
71, 73
1, 32
1, 41
1, 51
1, 61
1, 62
1, 2
1, 79
1, 12
1, 22
32, 41
32, 39
32, 38
32, 33
32, 36
32, 37
32, 35
32, 40
32, 34
41, 47
41, 49
41, 42
41, 44
41, 50
41, 46
41, 43
41, 48
41, 45
51, 54
51, 60
51, 59
51, 58
51, 55
51, 53
51, 57
51, 56
51, 52
61, 62
61, 72
61, 76
61, 74
61, 73
61, 68
61, 77
61, 75
61, 78
62, 68
62, 65
62, 70
62, 63
62, 67
62, 66
62, 69
62, 64
62, 71
2, 3
2, 4
2, 8
2, 9
2, 7
2, 10
2, 5
2, 11
2, 6
79, 87
79, 84
79, 80
79, 82
79, 88
79, 86
79, 81
79, 85
79, 83
12, 14
12, 13
12, 19
12, 21
12, 15
12, 17
12, 18
12, 20
12, 16
22, 27
22, 26
22, 31
22, 24
22, 30
22, 23
22, 28
22, 29
22, 25
1, 57
1, 69
1, 2
1, 59
1, 24
1, 9
1, 37
1, 77
1, 21
1, 47
57, 69
57, 59
57, 77
57, 88
57, 58
57, 68
57, 87
57, 70
57, 74
69, 77
69, 70
69, 74
69, 75
69, 73
69, 79
69, 72
69, 76
69, 71
2, 9
2, 3
2, 6
2, 19
2, 5
2, 20
2, 8
2, 7
2, 4
59, 62
59, 65
59, 61
59, 66
59, 63
59, 67
59, 89
59, 64
59, 60
24, 33
24, 25
24, 26
24, 28
24, 30
24, 31
24, 29
24, 32
24, 27
9, 15
9, 16
9, 14
9, 17
9, 10
9, 11
9, 18
9, 13
9, 12
37, 39
37, 46
37, 43
37, 42
37, 41
37, 44
37, 38
37, 40
37, 45
77, 79
77, 81
77, 82
77, 84
77, 86
77, 80
77, 83
77, 78
77, 85
21, 24
21, 22
21, 33
21, 35
21, 36
21, 25
21, 26
21, 23
21, 34
47, 51
47, 54
47, 49
47, 50
47, 55
47, 52
47, 48
47, 56
47, 53
3, 41
3, 5
3, 32
3, 44
3, 15
3, 22
3, 28
3, 47
3, 6
41, 44
41, 47
41, 42
41, 43
41, 55
41, 54
41, 51
41, 52
41, 56
5, 15
5, 6
5, 7
5, 10
5, 12
5, 9
5, 13
5, 14
5, 11
32, 37
32, 38
32, 39
32, 40
32, 34
32, 35
32, 33
32, 36
32, 4
44, 47
44, 50
44, 48
44, 46
44, 49
44, 45
44, 57
44, 78
44, 53
15, 16
15, 19
15, 17
15, 18
15, 21
15, 20
15, 59
15, 76
15, 70
22, 6
22, 25
22, 24
22, 27
22, 26
22, 23
22, 75
22, 58
22, 71
28, 65
28, 30
28, 29
28, 61
28, 66
28, 1
28, 31
28, 60
28, 8
47, 50
47, 48
47, 49
47, 46
47, 62
47, 68
47, 2
47, 67
6, 17
6, 69
6, 73
6, 77
6, 74
6, 63
6, 72
6, 64
1, 10
1, 39
1, 20
1, 55
1, 29
1, 2
1, 47
1, 68
1, 65
10, 18
10, 13
10, 17
10, 15
10, 12
10, 14
10, 16
10, 19
10, 11
39, 40
39, 87
39, 44
39, 45
39, 43
39, 84
39, 41
39, 42
39, 46
20, 28
20, 25
20, 22
20, 26
20, 24
20, 90
20, 23
20, 27
20, 21
55, 62
55, 58
55, 61
55, 63
55, 56
55, 57
55, 60
55, 64
55, 59
29, 32
29, 34
29, 31
29, 38
29, 36
29, 30
29, 35
29, 37
29, 33
2, 3
2, 88
2, 5
2, 86
2, 9
2, 8
2, 7
2, 6
2, 4
47, 89
47, 51
47, 54
47, 49
47, 52
47, 85
47, 53
47, 50
47, 48
68, 73
68, 69
68, 77
68, 74
68, 70
68, 76
68, 75
68, 72
68, 71
65, 68
65, 82
65, 80
65, 78
65, 67
65, 81
65, 66
65, 79
65, 83
4, 25
4, 49
4, 59
4, 79
4, 5
4, 27
4, 15
4, 69
4, 86
4, 39
25, 27
25, 35
25, 37
25, 32
25, 34
25, 38
25, 26
25, 33
25, 36
49, 53
49, 51
49, 54
49, 55
49, 50
49, 58
49, 56
49, 52
49, 57
59, 63
59, 61
59, 66
59, 68
59, 62
59, 64
59, 65
59, 60
59, 67
79, 86
79, 82
79, 83
79, 94
79, 80
79, 93
79, 81
79, 84
79, 92
5, 10
5, 13
5, 12
5, 7
5, 11
5, 14
5, 6
5, 8
5, 9
27, 28
27, 31
27, 30
27, 98
27, 29
27, 95
27, 99
27, 96
27, 97
15, 18
15, 24
15, 19
15, 23
15, 21
15, 17
15, 22
15, 16
15, 20
69, 75
69, 70
69, 77
69, 74
69, 71
69, 78
69, 72
69, 73
69, 76
86, 89
86, 88
86, 91
86, 3
86, 87
86, 2
86, 1
86, 85
86, 90
39, 43
39, 48
39, 46
39, 47
39, 45
39, 42
39, 41
39, 40
39, 44
40, 47
40, 42
40, 43
40, 61
40, 63
40, 52
40, 64
40, 41
40, 6
47, 2
47, 77
47, 50
47, 51
47, 48
47, 49
47, 66
47, 38
47, 73
42, 25
42, 24
42, 32
42, 84
42, 82
42, 68
42, 27
42, 23
42, 81
43, 45
43, 44
43, 46
43, 33
43, 37
43, 28
43, 80
43, 71
43, 34
61, 62
61, 69
61, 14
61, 21
61, 5
61, 70
61, 79
61, 1
61, 15
63, 64
63, 65
63, 16
63, 19
63, 17
63, 60
63, 76
63, 39
63, 20
52, 59
52, 78
52, 57
52, 54
52, 67
52, 58
52, 55
52, 53
52, 56
64, 17
64, 22
64, 39
64, 85
64, 36
64, 75
64, 35
64, 18
64, 30
41, 3
41, 9
41, 4
41, 74
41, 29
41, 31
41, 72
41, 83
41, 26
6, 10
6, 12
6, 7
6, 14
6, 16
6, 9
6, 13
6, 11
6, 8
7, 25
7, 35
7, 47
7, 26
7, 17
7, 8
7, 36
7, 62
7, 57
25, 35
25, 47
25, 26
25, 36
25, 55
25, 56
25, 46
25, 45
25, 39
35, 36
35, 39
35, 79
35, 82
35, 78
35, 40
35, 41
35, 42
35, 44
47, 54
47, 50
47, 51
47, 4
47, 53
47, 48
47, 52
47, 49
47, 6
26, 33
26, 30
26, 29
26, 32
26, 31
26, 27
26, 74
26, 28
26, 34
17, 18
17, 85
17, 22
17, 24
17, 21
17, 23
17, 20
17, 1
17, 19
8, 14
8, 10
8, 9
8, 12
8, 15
8, 13
8, 16
8, 11
8, 83
36, 38
36, 80
36, 73
36, 3
36, 37
36, 5
36, 75
36, 43
36, 77
62, 64
62, 65
62, 70
62, 63
62, 66
62, 69
62, 71
62, 68
62, 67
57, 58
57, 84
57, 60
57, 2
57, 81
57, 72
57, 59
57, 76
57, 61
2, 3
2, 36
2, 21
2, 40
2, 30
2, 65
2, 55
2, 19
2, 12
3, 12
3, 4
3, 7
3, 9
3, 11
3, 10
3, 6
3, 5
3, 8
36, 40
36, 39
36, 52
36, 50
36, 37
36, 54
36, 38
36, 53
36, 51
21, 27
21, 25
21, 26
21, 74
21, 23
21, 29
21, 24
21, 22
21, 28
40, 49
40, 43
40, 44
40, 45
40, 48
40, 46
40, 42
40, 47
40, 41
30, 32
30, 33
30, 34
30, 31
30, 35
30, 86
30, 85
30, 79
30, 80
65, 68
65, 66
65, 70
65, 71
65, 67
65, 73
65, 72
65, 69
65, 77
55, 57
55, 62
55, 58
55, 60
55, 56
55, 63
55, 61
55, 64
55, 59
19, 1
19, 83
19, 84
19, 78
19, 20
19, 81
19, 88
19, 82
19, 75
12, 13
12, 18
12, 17
12, 16
12, 14
12, 89
12, 15
12, 87
12, 76
22, 59
22, 50
22, 41
22, 75
22, 69
22, 23
22, 45
22, 34
22, 31
59, 64
59, 65
59, 60
59, 66
59, 62
59, 61
59, 67
59, 68
59, 63
50, 52
50, 58
50, 51
50, 56
50, 54
50, 57
50, 55
50, 13
50, 53
41, 45
41, 43
41, 9
41, 5
41, 44
41, 46
41, 48
41, 42
41, 47
75, 78
75, 76
75, 81
75, 83
75, 15
75, 80
75, 82
75, 77
75, 79
69, 74
69, 72
69, 19
69, 14
69, 70
69, 8
69, 73
69, 12
69, 71
23, 31
23, 27
23, 25
23, 32
23, 29
23, 26
23, 28
23, 24
23, 30
45, 3
45, 4
45, 7
45, 85
45, 6
45, 2
45, 1
45, 16
45, 84
34, 39
34, 17
34, 36
34, 40
34, 37
34, 35
34, 18
34, 38
34, 10
31, 32
31, 33
31, 20
31, 21
31, 11
31, 49
1, 64
1, 74
1, 36
1, 12
1, 39
1, 15
1, 53
1, 26
1, 2
64, 73
64, 65
64, 66
64, 68
64, 70
64, 67
64, 71
64, 72
64, 69
74, 77
74, 78
74, 75
74, 76
74, 82
74, 81
74, 79
74, 80
74, 83
36, 39
36, 52
36, 37
36, 51
36, 53
36, 38
36, 49
36, 50
36, 63
12, 15
12, 13
12, 25
12, 24
12, 21
12, 17
12, 19
12, 14
12, 23
39, 40
39, 43
39, 42
39, 45
39, 47
39, 44
39, 46
39, 48
39, 41
15, 24
15, 17
15, 19
15, 21
15, 23
15, 20
15, 16
15, 22
15, 18
53, 60
53, 55
53, 54
53, 56
53, 59
53, 62
53, 61
53, 58
53, 57
26, 35
26, 29
26, 34
26, 33
26, 28
26, 31
26, 32
26, 30
26, 27
2, 7
2, 10
2, 6
2, 4
2, 11
2, 3
2, 8
2, 5
2, 9
1, 52
1, 32
1, 62
1, 22
1, 42
1, 2
1, 72
1, 82
1, 12
52, 53
52, 61
52, 60
52, 59
52, 57
52, 54
52, 55
52, 58
52, 56
32, 37
32, 33
32, 34
32, 38
32, 41
32, 39
32, 40
32, 35
32, 36
62, 63
62, 68
62, 69
62, 67
62, 65
62, 71
62, 64
62, 70
62, 66
22, 25
22, 24
22, 23
22, 31
22, 28
22, 27
22, 30
22, 26
22, 29
42, 49
42, 47
42, 45
42, 44
42, 43
42, 50
42, 46
42, 48
42, 51
2, 9
2, 11
2, 7
2, 3
2, 6
2, 10
2, 5
2, 4
2, 8
72, 75
72, 79
72, 78
72, 74
72, 77
72, 73
72, 80
72, 81
72, 76
82, 85
82, 90
82, 83
82, 86
82, 91
82, 84
82, 87
82, 89
82, 88
12, 16
12, 19
12, 20
12, 17
12, 21
12, 13
12, 15
12, 14
12, 18
48, 56
48, 49
48, 61
48, 72
48, 79
48, 67
48, 84
48, 24
48, 71
56, 60
56, 57
56, 11
56, 2
56, 59
56, 58
56, 39
56, 16
56, 12
49, 19
49, 50
49, 52
49, 55
49, 26
49, 51
49, 53
49, 54
49, 45
61, 66
61, 63
61, 64
61, 40
61, 62
61, 65
61, 17
61, 44
61, 9
72, 78
72, 20
72, 76
72, 74
72, 47
72, 73
72, 75
72, 77
72, 43
79, 83
79, 82
79, 81
79, 80
79, 8
79, 6
79, 22
79, 4
79, 21
67, 69
67, 70
67, 57
67, 5
67, 7
67, 68
67, 41
67, 3
67, 13
84, 89
84, 85
84, 14
84, 88
84, 87
84, 15
84, 86
84, 23
84, 1
24, 29
24, 26
24, 30
24, 25
24, 33
24, 32
24, 27
24, 28
24, 31
71, 36
71, 34
71, 42
71, 10
71, 18
71, 46
71, 35
71, 37
71, 38
1, 2
1, 4
1, 40
1, 20
1, 60
1, 50
1, 79
1, 69
1, 30
2, 4
2, 20
2, 15
2, 14
2, 18
2, 17
2, 16
2, 3
2, 19
4, 11
4, 13
4, 8
4, 5
4, 7
4, 10
4, 6
4, 9
4, 12
40, 48
40, 49
40, 43
40, 44
40, 46
40, 45
40, 41
40, 42
40, 47
20, 25
20, 22
20, 23
20, 26
20, 28
20, 21
20, 24
20, 27
20, 29
60, 62
60, 64
60, 61
60, 67
60, 63
60, 68
60, 89
60, 66
60, 65
50, 52
50, 54
50, 51
50, 59
50, 55
50, 58
50, 57
50, 53
50, 56
79, 86
79, 85
79, 81
79, 87
79, 82
79, 83
79, 84
79, 80
79, 88
69, 74
69, 76
69, 71
69, 77
69, 70
69, 72
69, 75
69, 78
69, 73
30, 37
30, 38
30, 39
30, 32
30, 35
30, 34
30, 33
30, 31
30, 36
3, 15
3, 67
3, 70
3, 40
3, 4
3, 30
3, 14
3, 58
3, 48
15, 21
15, 24
15, 19
15, 22
15, 17
15, 20
15, 23
15, 16
15, 18
67, 70
67, 82
67, 84
67, 81
67, 68
67, 83
67, 69
67, 85
67, 80
70, 71
70, 72
70, 75
70, 73
70, 74
70, 78
70, 79
70, 77
70, 76
40, 46
40, 1
40, 47
40, 41
40, 44
40, 86
40, 42
40, 45
40, 43
4, 12
4, 6
4, 11
4, 9
4, 8
4, 5
4, 10
4, 13
4, 7
30, 36
30, 38
30, 31
30, 33
30, 39
30, 34
30, 32
30, 35
30, 37
14, 15
14, 26
14, 27
14, 28
14, 29
14, 24
14, 25
14, 19
14, 21
58, 60
58, 63
58, 59
58, 65
58, 2
58, 66
58, 64
58, 62
58, 61
48, 54
48, 56
48, 55
48, 50
48, 51
48, 52
48, 53
48, 49
48, 57
1, 12
1, 77
1, 2
1, 21
1, 50
1, 60
1, 31
1, 70
1, 41
12, 21
12, 16
12, 20
12, 17
12, 15
12, 18
12, 19
12, 14
12, 13
77, 84
77, 79
77, 81
77, 85
77, 90
77, 80
77, 82
77, 83
77, 78
2, 9
2, 6
2, 8
2, 4
2, 7
2, 10
2, 3
2, 5
2, 11
21, 29
21, 30
21, 27
21, 24
21, 23
21, 28
21, 25
21, 26
21, 22
50, 56
50, 54
50, 51
50, 53
50, 55
50, 59
50, 58
50, 57
50, 52
60, 61
60, 66
60, 68
60, 65
60, 69
60, 67
60, 64
60, 63
60, 62
31, 32
31, 33
31, 36
31, 34
31, 39
31, 38
31, 40
31, 37
31, 35
70, 86
70, 88
70, 73
70, 76
70, 71
70, 74
70, 72
70, 87
70, 75
41, 46
41, 42
41, 49
41, 44
41, 43
41, 45
41, 89
41, 47
41, 48
6, 14
6, 13
6, 11
6, 12
6, 20
6, 7
6, 15
6, 44
6, 10
13, 14
13, 3
13, 5
13, 4
13, 27
13, 31
11, 16
11, 57
11, 56
11, 17
11, 39
11, 1
11, 29
11, 40
11, 58
12, 34
12, 35
12, 2
12, 36
12, 37
12, 38
12, 31
20, 24
20, 21
20, 23
20, 22
20, 25
20, 19
20, 26
20, 18
20, 30
7, 43
7, 42
7, 41
7, 9
7, 8
44, 52
44, 51
44, 48
44, 49
44, 47
44, 46
44, 45
44, 50
44, 53
10, 54
10, 28
10, 32
10, 55
10, 33
10, 37
9, 63
9, 19
9, 10
9, 27
9, 45
9, 53
9, 33
9, 72
9, 36
63, 72
63, 64
63, 67
63, 70
63, 65
63, 71
63, 68
63, 66
63, 69
19, 27
19, 21
19, 26
19, 25
19, 32
19, 23
19, 20
19, 22
19, 24
10, 15
10, 13
10, 18
10, 17
10, 14
10, 16
10, 12
10, 11
10, 4
27, 28
27, 29
27, 31
27, 79
27, 30
27, 81
45, 49
45, 48
45, 46
45, 50
45, 47
45, 51
45, 52
45, 5
45, 80
53, 60
53, 62
53, 56
53, 57
53, 54
53, 61
53, 55
53, 58
53, 59
33, 35
33, 34
33, 76
33, 2
33, 6
33, 1
33, 77
33, 7
33, 75
72, 73
72, 74
72, 84
72, 82
72, 83
72, 3
72, 78
36, 38
36, 37
36, 41
36, 43
36, 42
36, 39
36, 40
36, 8
36, 44
1, 37
1, 74
1, 35
1, 59
1, 68
1, 2
1, 12
1, 48
1, 22
1, 29
37, 42
37, 39
37, 44
37, 38
37, 41
37, 45
37, 46
37, 43
37, 40
74, 80
74, 83
74, 77
74, 78
74, 81
74, 79
74, 75
74, 82
74, 76
35, 37
35, 48
35, 51
35, 58
35, 52
35, 36
35, 47
35, 86
35, 42
59, 65
59, 66
59, 61
59, 67
59, 62
59, 64
59, 87
59, 63
59, 60
68, 74
68, 85
68, 84
68, 72
68, 70
68, 73
68, 69
68, 77
68, 71
2, 8
2, 7
2, 10
2, 11
2, 6
2, 9
2, 5
2, 3
2, 4
12, 15
12, 16
12, 17
12, 21
12, 18
12, 20
12, 13
12, 14
12, 19
48, 51
48, 52
48, 56
48, 55
48, 57
48, 54
48, 49
48, 50
48, 53
22, 29
22, 34
22, 30
22, 25
22, 27
22, 28
22, 26
22, 24
22, 23
29, 30
29, 32
29, 33
29, 31
1, 71
1, 31
1, 60
1, 35
1, 11
1, 2
1, 50
1, 87
1, 70
1, 21
71, 80
71, 76
71, 78
71, 77
71, 72
71, 73
71, 74
71, 79
71, 75
31, 35
31, 32
31, 48
31, 34
31, 47
31, 45
31, 46
31, 33
31, 49
60, 69
60, 66
60, 61
60, 64
60, 67
60, 65
60, 63
60, 68
60, 62
35, 41
35, 36
35, 42
35, 38
35, 37
35, 40
35, 44
35, 39
35, 43
11, 19
11, 14
11, 13
11, 15
11, 18
11, 20
11, 16
11, 12
11, 17
2, 6
2, 9
2, 3
2, 8
2, 7
2, 5
2, 4
2, 97
2, 10
50, 52
50, 57
50, 56
50, 54
50, 58
50, 55
50, 59
50, 51
50, 53
87, 89
87, 88
87, 96
87, 92
87, 90
87, 94
87, 91
87, 93
87, 95
70, 71
70, 84
70, 80
70, 83
70, 86
70, 82
70, 85
70, 81
70, 76
21, 27
21, 24
21, 28
21, 22
21, 26
21, 23
21, 30
21, 25
21, 29
2, 82
2, 23
2, 52
2, 9
2, 62
2, 26
2, 72
2, 3
2, 42
2, 13
82, 84
82, 86
82, 83
82, 90
82, 88
82, 87
82, 85
82, 89
82, 91
23, 38
23, 26
23, 40
23, 37
23, 25
23, 41
23, 39
23, 24
23, 36
52, 55
52, 54
52, 60
52, 58
52, 57
52, 53
52, 59
52, 61
52, 56
9, 11
9, 10
9, 5
9, 8
9, 6
9, 7
62, 63
62, 71
62, 64
62, 70
62, 65
62, 68
62, 67
62, 66
62, 69
26, 32
26, 35
26, 30
26, 33
26, 28
26, 29
26, 31
26, 27
26, 34
72, 78
72, 73
72, 76
72, 79
72, 75
72, 74
72, 77
72, 81
72, 80
3, 1
3, 12
3, 4
3, 5
3, 6
3, 7
42, 43
42, 45
42, 51
42, 50
42, 48
42, 44
42, 46
42, 49
42, 47
13, 17
13, 20
13, 21
13, 16
13, 19
13, 22
13, 18
13, 15
13, 14
1, 72
1, 52
1, 62
1, 22
1, 42
1, 32
1, 92
1, 12
1, 2
1, 82
72, 81
72, 78
72, 75
72, 74
72, 73
72, 77
72, 79
72, 80
72, 76
52, 59
52, 60
52, 53
52, 54
52, 56
52, 55
52, 57
52, 58
52, 61
62, 65
62, 66
62, 71
62, 64
62, 67
62, 69
62, 63
62, 68
62, 70
22, 23
22, 29
22, 27
22, 26
22, 28
22, 25
22, 30
22, 24
22, 31
42, 49
42, 50
42, 46
42, 43
42, 44
42, 47
42, 48
42, 51
42, 45
32, 41
32, 38
32, 34
32, 40
32, 37
32, 33
32, 39
32, 35
32, 36
92, 97
92, 98
92, 99
92, 93
92, 95
92, 96
92, 100
92, 101
92, 94
12, 16
12, 21
12, 13
12, 17
12, 20
12, 14
12, 18
12, 15
12, 19
2, 6
2, 5
2, 7
2, 4
2, 11
2, 3
2, 10
2, 9
2, 8
82, 86
82, 87
82, 91
82, 90
82, 89
82, 84
82, 83
82, 88
82, 85
19, 36
19, 56
19, 66
19, 54
19, 45
19, 59
19, 27
19, 50
19, 20
36, 41
36, 11
36, 44
36, 43
36, 37
36, 42
36, 38
36, 39
36, 40
56, 66
56, 59
56, 76
56, 57
56, 65
56, 63
56, 58
56, 64
56, 62
66, 70
66, 71
66, 72
66, 74
66, 69
66, 73
66, 67
66, 68
66, 75
54, 55
54, 18
54, 7
54, 1
54, 77
54, 6
54, 80
54, 87
45, 47
45, 46
45, 48
45, 79
45, 49
45, 16
45, 82
45, 83
45, 84
59, 57
59, 61
59, 3
59, 60
59, 17
59, 78
59, 4
59, 85
59, 10
27, 29
27, 28
27, 33
27, 31
27, 34
27, 35
27, 32
27, 30
27, 8
50, 52
50, 81
50, 51
50, 53
50, 14
50, 15
50, 13
50, 5
50, 12
20, 26
20, 25
20, 24
20, 23
20, 22
20, 21
20, 9
20, 2
20, 86
1, 23
1, 62
1, 61
1, 80
1, 12
1, 29
1, 51
1, 2
1, 22
1, 40
23, 29
23, 26
23, 40
23, 28
23, 25
23, 50
23, 39
23, 24
23, 27
62, 65
62, 64
62, 70
62, 63
62, 71
62, 67
62, 66
62, 69
62, 68
61, 62
61, 79
61, 72
61, 78
61, 73
61, 76
61, 75
61, 74
61, 77
80, 82
80, 84
80, 81
80, 88
80, 86
80, 85
80, 83
80, 87
80, 89
12, 17
12, 19
12, 16
12, 21
12, 14
12, 20
12, 18
12, 15
12, 13
29, 35
29, 34
29, 38
29, 37
29, 32
29, 30
29, 36
29, 31
29, 33
51, 54
51, 53
51, 59
51, 57
51, 56
51, 52
51, 58
51, 60
51, 55
2, 5
2, 8
2, 7
2, 4
2, 9
2, 10
2, 11
2, 3
2, 6
22, 23
22, 62
22, 61
22, 80
22, 51
22, 29
22, 40
22, 28
22, 26
40, 47
40, 43
40, 44
40, 48
40, 49
40, 42
40, 45
40, 41
40, 46
96, 11
96, 46
96, 56
96, 86
96, 14
96, 25
96, 66
96, 1
96, 76
96, 35
11, 26
11, 14
11, 35
11, 25
11, 13
11, 45
11, 31
11, 12
11, 24
46, 49
46, 48
46, 54
46, 52
46, 51
46, 47
46, 53
46, 55
46, 50
56, 57
56, 65
56, 58
56, 64
56, 59
56, 62
56, 61
56, 60
56, 63
86, 88
86, 90
86, 87
86, 94
86, 92
86, 91
86, 89
86, 93
86, 95
14, 20
14, 23
14, 18
14, 21
14, 16
14, 17
14, 19
14, 15
14, 22
25, 26
25, 31
25, 28
25, 29
25, 27
25, 33
25, 32
25, 34
25, 30
66, 75
66, 70
66, 72
66, 69
66, 74
66, 71
66, 73
66, 67
66, 68
1, 4
1, 8
1, 7
1, 6
1, 3
1, 2
1, 10
1, 9
1, 5
76, 85
76, 84
76, 79
76, 82
76, 78
76, 81
76, 83
76, 77
76, 80
35, 42
35, 38
35, 39
35, 43
35, 44
35, 37
35, 40
35, 36
35, 41
1, 2
1, 39
1, 29
1, 88
1, 58
1, 68
1, 78
1, 14
1, 12
1, 41
2, 6
2, 9
2, 4
2, 3
2, 8
2, 5
2, 10
2, 11
2, 7
39, 41
39, 40
39, 52
39, 53
39, 57
39, 51
39, 55
39, 56
39, 54
29, 36
29, 34
29, 30
29, 33
29, 35
29, 37
29, 31
29, 32
29, 38
88, 91
88, 96
88, 92
88, 90
88, 89
88, 94
88, 97
88, 93
88, 95
58, 64
58, 66
58, 65
58, 61
58, 67
58, 59
58, 60
58, 62
58, 63
68, 73
68, 75
68, 70
68, 77
68, 74
68, 69
68, 72
68, 76
68, 71
78, 87
78, 81
78, 85
78, 83
78, 82
78, 79
78, 80
78, 86
78, 84
14, 22
14, 17
14, 19
14, 15
14, 16
14, 21
14, 23
14, 20
14, 18
12, 14
12, 24
12, 22
12, 25
12, 26
12, 27
12, 13
12, 17
12, 28
41, 46
41, 47
41, 48
41, 43
41, 44
41, 49
41, 45
41, 42
41, 50
1, 72
1, 62
1, 12
1, 2
1, 32
1, 42
1, 52
1, 22
1, 91
1, 80
72, 80
72, 73
72, 78
72, 77
72, 79
72, 90
72, 75
72, 74
72, 76
62, 67
62, 64
62, 63
62, 66
62, 69
62, 68
62, 70
62, 71
62, 65
12, 18
12, 20
12, 17
12, 15
12, 21
12, 13
12, 16
12, 14
12, 19
2, 9
2, 4
2, 3
2, 7
2, 6
2, 5
2, 11
2, 10
2, 8
32, 39
32, 34
32, 41
32, 33
32, 38
32, 37
32, 40
32, 35
32, 36
42, 49
42, 46
42, 51
42, 47
42, 45
42, 43
42, 50
42, 44
42, 48
52, 59
52, 61
52, 53
52, 58
52, 60
52, 55
52, 56
52, 57
52, 54
22, 27
22, 26
22, 25
22, 31
22, 29
22, 28
22, 30
22, 23
22, 24
91, 99
91, 100
91, 94
91, 95
91, 96
91, 98
91, 92
91, 93
91, 97
80, 82
80, 89
80, 85
80, 84
80, 81
80, 88
80, 86
80, 83
80, 87
6, 55
6, 40
6, 7
6, 61
6, 30
6, 77
6, 67
6, 41
6, 17
6, 20
55, 58
55, 57
55, 59
55, 56
55, 88
55, 60
55, 5
55, 89
55, 4
40, 41
40, 48
40, 54
40, 49
40, 52
40, 50
40, 53
40, 47
40, 51
7, 15
7, 11
7, 12
7, 14
7, 13
7, 16
7, 10
7, 9
7, 8
61, 67
61, 63
61, 66
61, 62
61, 64
61, 65
61, 73
61, 72
61, 75
30, 31
30, 36
30, 37
30, 39
30, 34
30, 32
30, 38
30, 33
30, 35
77, 82
77, 83
77, 81
77, 80
77, 78
77, 86
77, 79
77, 84
77, 85
67, 73
67, 72
67, 68
67, 69
67, 70
67, 74
67, 71
67, 88
67, 76
41, 44
41, 46
41, 42
41, 45
41, 87
41, 43
41, 3
41, 1
41, 2
17, 20
17, 26
17, 24
17, 19
17, 25
17, 27
17, 29
17, 28
17, 18
20, 22
20, 23
20, 21
20, 25
5, 62
5, 75
5, 63
5, 34
5, 6
5, 54
5, 8
5, 24
5, 81
5, 44
62, 75
62, 63
62, 81
62, 93
62, 73
62, 94
62, 78
62, 92
62, 74
75, 78
75, 81
75, 77
75, 90
75, 89
75, 80
75, 76
75, 79
75, 91
63, 71
63, 66
63, 65
63, 72
63, 69
63, 68
63, 64
63, 70
63, 67
34, 43
34, 37
34, 38
34, 41
34, 36
34, 39
34, 40
34, 42
34, 35
6, 20
6, 8
6, 23
6, 21
6, 19
6, 22
6, 15
6, 18
6, 7
54, 59
54, 2
54, 3
54, 61
54, 60
54, 56
54, 58
54, 55
54, 57
8, 15
8, 14
8, 17
8, 13
8, 12
8, 10
8, 11
8, 16
8, 9
24, 28
24, 29
24, 26
24, 31
24, 30
24, 25
24, 32
24, 27
24, 33
81, 85
81, 84
81, 88
81, 86
81, 4
81, 83
81, 87
81, 1
81, 82
44, 47
44, 45
44, 49
44, 51
44, 52
44, 48
44, 50
44, 46
44, 53
4, 35
4, 5
4, 7
4, 18
4, 25
4, 45
4, 24
4, 8
4, 55
35, 38
35, 39
35, 43
35, 41
35, 40
35, 37
35, 36
35, 42
35, 44
5, 6
7, 3
7, 1
7, 2
18, 21
18, 19
18, 20
18, 22
18, 23
18, 17
25, 34
25, 33
25, 28
25, 27
25, 30
25, 31
25, 26
25, 32
25, 29
45, 49
45, 46
45, 48
45, 47
45, 54
45, 52
45, 51
45, 50
45, 53
8, 15
8, 14
8, 16
8, 12
8, 10
8, 11
8, 9
8, 13
55, 57
55, 62
55, 58
55, 59
55, 61
55, 64
55, 60
55, 56
55, 63
1, 2
1, 15
1, 33
1, 45
1, 35
1, 55
1, 30
1, 12
1, 28
2, 4
2, 5
2, 7
2, 3
2, 11
2, 8
2, 6
2, 9
2, 10
15, 17
15, 18
15, 19
15, 23
15, 16
15, 20
15, 21
15, 22
15, 24
33, 34
33, 59
33, 58
33, 57
45, 46
45, 49
45, 47
45, 50
45, 51
45, 52
45, 48
45, 53
45, 54
35, 44
35, 40
35, 41
35, 42
35, 43
35, 38
35, 36
35, 37
35, 39
30, 31
30, 32
12, 13
12, 27
12, 14
12, 60
12, 56
12, 26
12, 25
28, 29
28, 61
28, 62
28, 63
1, 38
1, 22
1, 69
1, 32
1, 2
1, 12
1, 37
1, 49
1, 59
38, 45
38, 43
38, 41
38, 42
38, 39
38, 46
38, 44
38, 47
38, 40
22, 25
22, 29
22, 28
22, 26
22, 24
22, 27
22, 23
22, 31
22, 30
69, 77
69, 72
69, 75
69, 76
69, 74
69, 73
69, 78
69, 70
69, 71
32, 38
32, 36
32, 37
32, 45
32, 33
32, 41
32, 43
32, 34
32, 35
2, 7
2, 8
2, 10
2, 4
2, 3
2, 5
2, 11
2, 6
2, 9
12, 21
12, 16
12, 15
12, 17
12, 13
12, 14
12, 19
12, 18
12, 20
37, 38
37, 45
37, 43
37, 41
37, 42
37, 39
37, 48
37, 46
37, 44
49, 50
49, 57
49, 58
49, 54
49, 55
49, 53
49, 51
49, 56
49, 52
59, 60
59, 67
59, 65
59, 64
59, 63
59, 66
59, 68
59, 61
59, 62
1, 61
1, 22
1, 41
1, 27
1, 12
1, 81
1, 51
1, 88
1, 2
1, 71
61, 64
61, 68
61, 63
61, 62
61, 66
61, 65
61, 67
61, 69
61, 70
22, 27
22, 25
22, 23
22, 37
22, 38
22, 39
22, 26
22, 24
22, 40
41, 45
41, 49
41, 48
41, 47
41, 46
41, 44
41, 42
41, 43
41, 50
27, 33
27, 28
27, 36
27, 35
27, 34
27, 30
27, 32
27, 29
27, 31
12, 20
12, 14
12, 13
12, 19
12, 16
12, 18
12, 21
12, 17
12, 15
81, 88
81, 91
81, 98
81, 87
81, 85
81, 82
81, 83
81, 84
81, 86
51, 54
51, 57
51, 58
51, 56
51, 60
51, 59
51, 52
51, 53
51, 55
88, 91
88, 94
88, 90
88, 92
88, 93
88, 89
88, 95
88, 97
88, 96
2, 8
2, 9
2, 6
2, 5
2, 7
2, 11
2, 10
2, 4
2, 3
71, 78
71, 75
71, 80
71, 73
71, 76
71, 74
71, 72
71, 77
71, 79
1, 58
1, 57
1, 16
1, 26
1, 4
1, 44
1, 36
1, 2
1, 47
58, 61
58, 63
58, 60
58, 62
58, 65
58, 64
58, 67
58, 59
58, 66
57, 58
57, 61
57, 71
57, 63
57, 68
57, 66
57, 70
57, 69
57, 64
16, 25
16, 18
16, 19
16, 17
16, 20
16, 24
16, 23
16, 22
16, 21
26, 32
26, 35
26, 33
26, 34
26, 27
26, 29
26, 30
26, 31
26, 28
4, 11
4, 13
4, 7
4, 12
4, 9
4, 10
4, 8
4, 5
4, 6
44, 76
44, 45
44, 75
44, 78
44, 73
44, 77
44, 74
44, 72
36, 44
36, 42
36, 40
36, 39
36, 37
36, 43
36, 38
36, 46
36, 41
2, 4
2, 11
2, 3
2, 15
2, 12
2, 13
2, 7
2, 14
2, 9
47, 53
47, 52
47, 49
47, 55
47, 50
47, 51
47, 48
47, 54
47, 56
1, 42
1, 12
1, 2
1, 80
1, 22
1, 58
1, 70
1, 52
1, 32
42, 46
42, 43
42, 47
42, 51
42, 49
42, 44
42, 48
42, 45
42, 50
12, 14
12, 15
12, 20
12, 16
12, 13
12, 19
12, 17
12, 18
12, 21
2, 7
2, 5
2, 8
2, 3
2, 6
2, 4
2, 9
2, 11
2, 10
80, 85
80, 81
80, 83
80, 86
80, 88
80, 89
80, 82
80, 87
80, 84
22, 25
22, 24
22, 30
22, 26
22, 29
22, 27
22, 28
22, 23
22, 31
58, 67
58, 59
58, 62
58, 60
58, 66
58, 61
58, 63
58, 65
58, 64
70, 78
70, 74
70, 79
70, 77
70, 75
70, 73
70, 76
70, 71
70, 72
52, 58
52, 56
52, 68
52, 69
52, 54
52, 67
52, 57
52, 55
52, 53
32, 35
32, 36
32, 33
32, 38
32, 40
32, 34
32, 37
32, 39
32, 41
2, 13
2, 46
2, 3
2, 23
2, 49
2, 52
2, 24
2, 45
2, 35
13, 19
13, 16
13, 21
13, 17
13, 14
13, 18
13, 15
13, 22
13, 20
46, 47
46, 63
46, 48
46, 66
46, 1
46, 71
3, 5
3, 12
3, 8
3, 9
3, 7
3, 11
3, 6
3, 4
3, 10
23, 24
23, 28
23, 29
23, 31
23, 32
23, 34
23, 69
23, 33
23, 30
49, 51
49, 50
49, 65
49, 67
52, 61
52, 60
52, 57
52, 58
52, 53
52, 55
52, 59
52, 56
52, 54
24, 25
24, 26
24, 73
24, 27
24, 64
24, 68
24, 72
24, 74
24, 70
45, 62
35, 38
35, 42
35, 44
35, 43
35, 41
35, 37
35, 39
35, 36
35, 40
1, 26
1, 68
1, 2
1, 14
1, 58
1, 3
1, 48
1, 24
1, 38
1, 78
26, 31
26, 29
26, 27
26, 28
26, 30
26, 33
26, 34
26, 32
26, 35
68, 77
68, 76
68, 74
68, 73
68, 69
68, 72
68, 71
68, 70
68, 75
2, 26
2, 14
2, 48
2, 24
2, 3
2, 38
2, 36
2, 37
2, 13
14, 16
14, 17
14, 19
14, 22
14, 23
14, 18
14, 15
14, 20
14, 21
58, 64
58, 60
58, 63
58, 66
58, 62
58, 67
58, 65
58, 59
58, 61
3, 6
3, 7
3, 8
3, 4
3, 11
3, 12
3, 9
3, 10
3, 5
48, 55
48, 52
48, 57
48, 49
48, 51
48, 50
48, 54
48, 53
48, 56
24, 26
24, 31
24, 27
24, 28
24, 29
24, 30
24, 33
24, 34
24, 25
38, 45
38, 43
38, 46
38, 42
38, 41
38, 40
38, 47
38, 44
38, 39
78, 85
78, 87
78, 82
78, 79
78, 80
78, 84
78, 81
78, 86
78, 83
1, 2
1, 5
1, 54
1, 24
1, 44
1, 56
1, 14
1, 34
1, 72
2, 5
2, 44
2, 54
2, 24
2, 14
2, 56
2, 3
2, 34
2, 4
5, 14
5, 11
5, 7
5, 9
5, 8
5, 6
5, 10
5, 13
5, 12
54, 56
54, 70
54, 62
54, 71
54, 66
54, 55
54, 68
54, 69
54, 67
24, 33
24, 32
24, 30
24, 25
24, 27
24, 26
24, 31
24, 28
24, 29
44, 47
44, 48
44, 52
44, 45
44, 50
44, 49
44, 46
44, 51
44, 53
56, 62
56, 65
56, 64
56, 58
56, 63
56, 61
56, 60
56, 57
56, 59
14, 23
14, 18
14, 15
14, 22
14, 16
14, 19
14, 21
14, 17
14, 20
34, 36
34, 37
34, 35
34, 43
34, 39
34, 40
34, 38
34, 41
34, 42
72, 73
72, 80
72, 75
72, 78
72, 76
72, 77
72, 74
72, 81
72, 79
2, 27
2, 16
2, 3
2, 53
2, 48
2, 24
2, 13
2, 21
2, 42
27, 34
27, 31
27, 33
27, 29
27, 28
27, 35
27, 32
27, 30
27, 68
16, 19
16, 18
16, 20
16, 17
16, 66
16, 65
16, 62
16, 64
16, 15
3, 8
3, 6
3, 12
3, 11
3, 5
3, 9
3, 10
3, 7
3, 4
48, 49
48, 50
48, 51
48, 33
48, 39
48, 63
48, 40
48, 1
24, 48
24, 27
24, 38
24, 42
24, 49
24, 26
24, 25
24, 36
24, 41
13, 14
13, 55
13, 61
13, 56
13, 58
13, 59
13, 54
13, 57
13, 60
21, 22
21, 23
42, 46
42, 47
42, 43
42, 69
42, 67
42, 44
42, 45
42, 52
42, 37
3, 72
3, 70
3, 84
3, 4
3, 54
3, 14
3, 44
3, 34
3, 24
3, 60
72, 80
72, 75
72, 79
72, 77
72, 74
72, 76
72, 78
72, 81
72, 73
70, 72
70, 84
70, 82
70, 93
70, 83
70, 71
70, 92
70, 95
70, 94
84, 85
84, 99
84, 89
84, 90
84, 88
84, 97
84, 86
84, 87
84, 91
4, 12
4, 5
4, 6
4, 10
4, 7
4, 11
4, 8
4, 13
4, 9
54, 58
54, 59
54, 57
54, 1
54, 56
54, 96
54, 2
54, 98
54, 55
14, 17
14, 20
14, 19
14, 21
14, 18
14, 15
14, 16
14, 23
14, 22
44, 46
44, 51
44, 50
44, 47
44, 45
44, 52
44, 53
44, 48
44, 49
34, 41
34, 43
34, 36
34, 42
34, 39
34, 35
34, 37
34, 38
34, 40
24, 27
24, 30
24, 25
24, 33
24, 28
24, 31
24, 26
24, 29
24, 32
60, 69
60, 62
60, 66
60, 64
60, 67
60, 61
60, 63
60, 68
60, 65
2, 47
2, 7
2, 33
2, 46
2, 23
2, 43
2, 3
2, 5
2, 20
47, 51
47, 50
47, 49
47, 48
47, 54
47, 53
47, 55
47, 56
47, 52
7, 15
7, 12
7, 14
7, 8
7, 9
7, 13
7, 11
7, 10
7, 16
33, 36
33, 39
33, 35
33, 37
33, 34
33, 40
33, 38
33, 42
33, 41
46, 47
46, 59
46, 60
46, 57
46, 58
46, 50
46, 61
46, 49
46, 51
23, 28
23, 27
23, 26
23, 24
23, 25
23, 4
23, 72
23, 71
23, 63
43, 45
43, 44
43, 66
43, 64
43, 68
43, 69
43, 65
43, 70
43, 67
3, 62
3, 1
5, 7
5, 6
5, 17
5, 14
5, 9
5, 12
5, 15
5, 18
5, 19
20, 23
20, 31
20, 30
20, 22
20, 27
20, 26
20, 32
20, 21
20, 29
1, 35
1, 69
1, 60
1, 50
1, 63
1, 30
1, 12
1, 20
1, 2
35, 39
35, 44
35, 38
35, 36
35, 40
35, 37
35, 42
35, 43
35, 41
69, 77
69, 71
69, 75
69, 70
69, 76
69, 72
69, 78
69, 73
69, 74
60, 69
60, 63
60, 62
60, 77
60, 71
60, 70
60, 61
60, 65
60, 76
50, 53
50, 55
50, 59
50, 56
50, 57
50, 52
50, 54
50, 51
50, 58
63, 67
63, 65
63, 66
63, 68
63, 64
63, 70
63, 80
63, 49
63, 47
30, 35
30, 34
30, 44
30, 32
30, 39
30, 46
30, 45
30, 31
30, 33
12, 17
12, 15
12, 19
12, 18
12, 13
12, 14
12, 16
12, 48
12, 79
20, 28
20, 24
20, 23
20, 26
20, 29
20, 27
20, 25
20, 21
20, 22
2, 5
2, 8
2, 11
2, 4
2, 6
2, 10
2, 9
2, 3
2, 7
1, 68
1, 17
1, 78
1, 2
1, 88
1, 48
1, 28
1, 38
1, 58
1, 12
68, 72
68, 74
68, 70
68, 71
68, 77
68, 75
68, 76
68, 73
68, 69
17, 22
17, 26
17, 18
17, 19
17, 24
17, 21
17, 23
17, 25
17, 20
78, 87
78, 82
78, 81
78, 86
78, 84
78, 85
78, 79
78, 83
78, 80
2, 4
2, 10
2, 3
2, 7
2, 6
2, 11
2, 9
2, 5
2, 8
88, 91
88, 92
88, 93
88, 96
88, 97
88, 95
88, 94
88, 90
88, 89
48, 50
48, 54
48, 55
48, 49
48, 57
48, 56
48, 51
48, 52
48, 53
28, 33
28, 32
28, 31
28, 35
28, 30
28, 34
28, 37
28, 36
28, 29
38, 45
38, 44
38, 42
38, 43
38, 47
38, 40
38, 46
38, 41
38, 39
58, 67
58, 65
58, 64
58, 61
58, 63
58, 66
58, 62
58, 59
58, 60
12, 17
12, 16
12, 14
12, 26
12, 27
12, 22
12, 15
12, 13
12, 18
1, 60
1, 41
1, 7
1, 78
1, 2
1, 31
1, 21
1, 48
1, 22
1, 64
60, 78
60, 64
60, 62
60, 77
60, 63
60, 75
60, 74
60, 61
60, 76
41, 48
41, 45
41, 42
41, 47
41, 44
41, 58
41, 59
41, 43
41, 46
7, 15
7, 14
7, 8
7, 11
7, 9
7, 12
7, 10
7, 13
7, 16
78, 79
78, 86
78, 84
78, 87
78, 83
78, 80
78, 81
78, 82
78, 85
2, 7
2, 6
2, 18
2, 4
2, 17
2, 3
2, 19
2, 5
2, 20
31, 40
31, 35
31, 37
31, 32
31, 33
31, 39
31, 34
31, 36
31, 38
48, 54
48, 53
48, 50
48, 51
48, 55
48, 52
48, 56
48, 57
48, 49
22, 26
22, 30
22, 23
22, 24
22, 29
22, 88
22, 28
22, 25
22, 27
64, 72
64, 71
64, 70
64, 73
64, 68
64, 67
64, 69
64, 65
64, 66
2, 34
2, 13
2, 46
2, 15
2, 33
2, 50
2, 3
2, 44
2, 30
34, 35
34, 37
34, 41
34, 66
34, 40
34, 39
34, 38
34, 36
34, 42
13, 15
13, 24
13, 28
13, 23
13, 26
13, 14
13, 27
13, 21
13, 20
46, 66
46, 47
46, 68
46, 1
46, 24
46, 43
46, 69
46, 67
46, 70
15, 24
15, 23
15, 17
15, 19
15, 25
15, 20
15, 16
15, 22
15, 18
33, 34
33, 13
33, 29
33, 65
50, 58
50, 59
50, 55
50, 51
50, 54
50, 52
50, 56
50, 53
50, 57
3, 8
3, 11
3, 5
3, 10
3, 7
3, 6
3, 12
3, 9
3, 4
44, 46
44, 66
44, 45
44, 47
44, 68
44, 34
44, 1
44, 49
44, 48
30, 31
30, 32
30, 63
30, 70
30, 61
30, 62
30, 60
30, 64
30, 71
1, 3
1, 9
1, 28
1, 18
1, 14
1, 2
1, 15
1, 17
1, 16
3, 9
3, 12
3, 6
3, 7
3, 13
3, 5
3, 8
3, 11
3, 4
9, 11
9, 10
9, 44
9, 6
9, 40
28, 31
28, 32
28, 35
28, 34
28, 36
28, 29
28, 33
28, 30
28, 37
18, 23
18, 21
18, 24
18, 19
18, 22
18, 27
18, 26
18, 20
18, 25
14, 41
14, 6
14, 43
2, 42
15, 38
15, 45
15, 39
2, 25
2, 27
2, 52
2, 14
2, 4
2, 3
2, 43
2, 76
2, 80
2, 61
25, 27
25, 43
25, 37
25, 41
25, 38
25, 26
25, 42
25, 39
25, 40
27, 31
27, 29
27, 30
27, 32
27, 36
27, 34
27, 33
27, 35
27, 28
52, 61
52, 54
52, 56
52, 60
52, 55
52, 58
52, 57
52, 59
52, 53
14, 23
14, 20
14, 22
14, 17
14, 15
14, 21
14, 18
14, 19
14, 16
4, 6
4, 8
4, 9
4, 13
4, 11
4, 5
4, 7
4, 12
4, 10
3, 25
3, 27
3, 52
3, 14
3, 4
3, 43
3, 6
3, 61
3, 24
43, 45
43, 44
43, 51
43, 91
43, 48
43, 46
43, 49
43, 50
43, 47
76, 71
76, 74
76, 75
76, 72
76, 73
76, 1
76, 77
76, 90
76, 79
76, 78
80, 81
80, 85
80, 82
80, 83
80, 86
80, 84
80, 87
80, 88
80, 89
61, 63
61, 64
61, 67
61, 66
61, 62
61, 69
61, 68
61, 65
61, 70
1, 42
1, 12
1, 52
1, 72
1, 82
1, 2
1, 92
1, 32
1, 62
1, 22
42, 51
42, 45
42, 48
42, 46
42, 44
42, 50
42, 47
42, 43
42, 49
12, 17
12, 14
12, 15
12, 21
12, 19
12, 13
12, 18
12, 20
12, 16
52, 54
52, 61
52, 53
52, 55
52, 57
52, 58
52, 59
52, 60
52, 56
72, 78
72, 75
72, 74
72, 73
72, 79
72, 81
72, 76
72, 77
72, 80
82, 85
82, 86
82, 90
82, 83
82, 84
82, 87
82, 88
82, 91
82, 89
2, 7
2, 10
2, 4
2, 11
2, 5
2, 9
2, 8
2, 3
2, 6
92, 95
92, 101
92, 96
92, 100
92, 94
92, 93
92, 97
92, 98
92, 99
32, 35
32, 41
32, 38
32, 39
32, 34
32, 40
32, 36
32, 37
32, 33
62, 67
62, 68
62, 65
62, 64
62, 63
62, 70
62, 66
62, 71
62, 69
22, 26
22, 24
22, 27
22, 29
22, 30
22, 23
22, 25
22, 31
22, 28
1, 32
1, 70
1, 22
1, 60
1, 12
1, 79
1, 2
1, 48
1, 38
32, 48
32, 38
32, 34
32, 59
32, 33
32, 58
32, 35
32, 37
32, 36
70, 76
70, 78
70, 88
70, 73
70, 75
70, 74
70, 77
70, 72
70, 71
22, 25
22, 23
22, 30
22, 31
22, 24
22, 27
22, 28
22, 29
22, 26
60, 66
60, 64
60, 62
60, 63
60, 68
60, 69
60, 67
60, 65
60, 61
12, 16
12, 20
12, 13
12, 15
12, 21
12, 18
12, 14
12, 17
12, 19
79, 84
79, 82
79, 89
79, 87
79, 81
79, 80
79, 86
79, 83
79, 85
2, 8
2, 5
2, 9
2, 3
2, 7
2, 6
2, 10
2, 11
2, 4
48, 52
48, 53
48, 55
48, 56
48, 54
48, 51
48, 57
48, 49
48, 50
38, 44
38, 47
38, 45
38, 40
38, 39
38, 41
38, 46
38, 42
38, 43
4, 5
4, 25
4, 13
4, 41
4, 35
4, 34
4, 7
4, 46
4, 56
4, 59
5, 25
5, 13
5, 7
5, 33
5, 23
5, 6
5, 22
5, 24
5, 12
25, 27
25, 26
25, 29
25, 31
25, 30
25, 32
25, 81
25, 28
25, 80
13, 20
13, 19
13, 21
13, 14
13, 76
13, 17
13, 18
13, 15
13, 16
41, 42
41, 1
41, 3
35, 41
35, 39
35, 36
35, 45
35, 38
35, 44
35, 40
35, 37
35, 43
7, 11
7, 79
7, 77
7, 8
7, 78
7, 10
7, 9
7, 75
7, 2
46, 52
46, 54
46, 49
46, 51
46, 53
46, 55
46, 50
46, 48
46, 47
56, 69
56, 70
56, 59
56, 58
56, 74
56, 57
56, 72
56, 71
56, 73
59, 66
59, 62
59, 67
59, 68
59, 63
59, 65
59, 61
59, 64
59, 60
34, 36
34, 42
34, 52
34, 53
34, 38
34, 46
34, 35
34, 40
34, 24
36, 37
36, 55
36, 54
36, 57
36, 58
36, 60
36, 56
36, 59
36, 8
42, 46
42, 44
42, 49
42, 43
42, 51
42, 45
42, 48
42, 47
42, 50
52, 53
38, 39
38, 10
38, 20
38, 4
38, 22
38, 6
38, 44
38, 15
38, 21
46, 63
46, 65
46, 2
46, 23
46, 61
46, 12
46, 1
46, 18
35, 3
35, 14
35, 19
35, 5
35, 64
35, 7
35, 13
35, 9
35, 62
40, 41
40, 17
40, 16
40, 11
24, 28
24, 27
24, 25
24, 32
24, 29
24, 26
24, 31
24, 30
24, 33
4, 39
4, 34
4, 22
4, 13
4, 16
4, 72
4, 5
4, 50
4, 61
39, 43
39, 47
39, 44
39, 42
39, 45
39, 46
39, 41
39, 40
39, 48
34, 39
34, 50
34, 37
34, 38
34, 49
34, 43
34, 60
34, 35
34, 36
22, 23
22, 26
22, 28
22, 31
22, 24
22, 30
22, 25
22, 27
22, 29
13, 14
13, 15
13, 2
13, 71
13, 1
16, 22
16, 19
16, 20
16, 23
16, 18
16, 17
16, 32
16, 21
16, 33
72, 74
72, 73
72, 76
72, 81
72, 75
72, 79
72, 78
72, 80
72, 77
5, 9
5, 8
5, 11
5, 7
5, 6
5, 10
5, 82
5, 12
5, 3
50, 51
50, 59
50, 56
50, 54
50, 52
50, 55
50, 58
50, 57
50, 53
61, 68
61, 69
61, 65
61, 67
61, 66
61, 62
61, 63
61, 70
61, 64
9, 25
9, 10
9, 21
9, 18
9, 16
9, 29
9, 15
9, 33
9, 20
25, 33
25, 44
25, 45
25, 48
25, 43
25, 31
10, 11
10, 12
10, 53
10, 55
10, 30
10, 8
10, 52
10, 50
10, 19
21, 25
21, 28
21, 27
21, 23
21, 33
21, 22
21, 39
21, 26
21, 24
18, 4
18, 6
18, 14
18, 13
18, 5
18, 3
16, 17
16, 32
29, 1
29, 47
29, 7
29, 2
33, 39
33, 42
33, 37
33, 35
33, 36
33, 41
33, 38
33, 40
33, 34
20, 56
20, 19
20, 54
20, 46
20, 58
20, 51
20, 49
20, 59
20, 57
7, 35
7, 19
7, 68
7, 59
7, 48
7, 42
7, 8
7, 14
7, 31
35, 42
35, 39
35, 36
35, 37
35, 40
35, 46
35, 38
35, 44
35, 41
19, 26
19, 21
19, 22
19, 24
19, 20
19, 30
19, 23
19, 29
19, 25
68, 71
68, 76
68, 75
68, 69
68, 72
68, 74
68, 77
68, 73
68, 70
59, 67
59, 60
59, 65
59, 62
59, 66
59, 64
59, 61
59, 63
59, 78
48, 50
48, 56
48, 55
48, 57
48, 53
48, 51
48, 54
48, 52
48, 49
42, 44
42, 45
42, 43
42, 6
42, 79
42, 47
42, 1
8, 11
8, 4
8, 9
8, 12
8, 33
8, 34
8, 13
8, 10
8, 36
14, 16
14, 15
14, 17
14, 3
14, 5
31, 32
31, 28
31, 18
31, 2
31, 27
31, 58
9, 21
9, 11
9, 28
9, 16
9, 25
9, 12
9, 15
9, 10
9, 27
21, 22
21, 23
21, 24
21, 40
21, 42
21, 14
21, 13
11, 21
11, 28
11, 16
11, 25
11, 15
11, 12
11, 27
11, 19
11, 20
28, 43
28, 1
28, 36
28, 35
16, 17
16, 41
16, 31
16, 4
16, 29
16, 3
16, 26
16, 18
25, 45
25, 47
25, 44
25, 46
12, 14
12, 13
15, 6
15, 7
15, 30
15, 8
10, 37
10, 39
10, 38
10, 33
10, 34
27, 28
27, 5
27, 2
27, 32
27, 35
3, 7
3, 6
3, 24
3, 73
3, 35
3, 56
3, 67
3, 39
3, 48
7, 9
7, 8
7, 13
7, 12
7, 10
7, 15
7, 11
7, 16
7, 14
6, 7
6, 17
6, 9
6, 21
6, 20
6, 22
6, 18
6, 19
6, 23
24, 31
24, 29
24, 32
24, 33
24, 27
24, 30
24, 28
24, 26
24, 25
73, 76
73, 74
73, 75
73, 80
73, 79
73, 78
73, 77
35, 38
35, 36
35, 37
35, 4
35, 5
35, 50
56, 64
56, 57
56, 65
56, 61
56, 62
56, 59
56, 63
56, 58
56, 60
67, 68
67, 71
67, 72
67, 82
67, 69
67, 2
67, 70
67, 83
67, 81
39, 46
39, 45
39, 47
39, 44
39, 43
39, 41
39, 40
39, 42
39, 66
48, 49
48, 54
48, 51
48, 50
48, 52
48, 55
48, 53
48, 1
48, 34
1, 41
1, 59
1, 22
1, 15
1, 32
1, 46
1, 69
1, 2
1, 79
1, 5
41, 46
41, 58
41, 44
41, 42
41, 57
41, 52
41, 56
41, 45
41, 43
59, 63
59, 66
59, 65
59, 68
59, 61
59, 60
59, 64
59, 62
59, 67
22, 25
22, 24
22, 31
22, 27
22, 29
22, 28
22, 26
22, 23
22, 30
15, 20
15, 92
15, 90
15, 18
15, 17
15, 19
15, 16
15, 21
15, 91
32, 38
32, 36
32, 37
32, 33
32, 40
32, 39
32, 35
32, 93
32, 34
46, 52
46, 51
46, 54
46, 50
46, 55
46, 48
46, 53
46, 49
46, 47
69, 74
69, 78
69, 73
69, 76
69, 77
69, 70
69, 75
69, 71
69, 72
2, 3
2, 4
2, 89
79, 87
79, 84
79, 88
79, 83
79, 85
79, 81
79, 82
79, 80
79, 86
5, 11
5, 12
5, 13
5, 8
5, 14
5, 7
5, 9
5, 10
5, 6
1, 12
1, 72
1, 52
1, 3
1, 62
1, 82
1, 32
1, 92
1, 22
1, 42
12, 18
12, 15
12, 14
12, 16
12, 20
12, 17
12, 13
12, 21
12, 19
72, 80
72, 74
72, 79
72, 77
72, 75
72, 81
72, 76
72, 78
72, 73
52, 59
52, 57
52, 56
52, 58
52, 61
52, 53
52, 55
52, 60
52, 54
3, 6
3, 5
3, 10
3, 9
3, 4
3, 2
3, 7
3, 8
3, 11
62, 64
62, 66
62, 63
62, 67
62, 69
62, 71
62, 70
62, 65
62, 68
82, 84
82, 89
82, 87
82, 91
82, 88
82, 86
82, 85
82, 90
82, 83
32, 38
32, 39
32, 33
32, 35
32, 40
32, 34
32, 41
32, 37
32, 36
92, 99
92, 94
92, 93
92, 100
92, 97
92, 101
92, 96
92, 95
92, 98
22, 29
22, 31
22, 27
22, 24
22, 28
22, 26
22, 30
22, 23
22, 25
42, 45
42, 46
42, 44
42, 51
42, 49
42, 47
42, 50
42, 48
42, 43
4, 15
4, 65
4, 58
4, 5
4, 48
4, 20
4, 38
4, 26
4, 28
15, 20
15, 21
15, 16
15, 18
15, 17
15, 25
15, 24
15, 23
15, 19
65, 80
65, 73
65, 78
65, 77
65, 67
65, 68
65, 66
65, 79
65, 71
58, 65
58, 63
58, 70
58, 64
58, 69
58, 59
58, 60
58, 62
58, 61
5, 12
5, 14
5, 8
5, 7
5, 6
5, 10
5, 11
5, 13
5, 9
48, 51
48, 55
48, 56
48, 57
48, 53
48, 54
48, 52
48, 50
48, 49
20, 21
20, 22
20, 72
20, 3
20, 2
20, 74
20, 76
20, 1
20, 75
38, 42
38, 39
38, 44
38, 40
38, 46
38, 45
38, 41
38, 43
38, 47
26, 31
26, 28
26, 35
26, 32
26, 27
26, 36
26, 34
26, 37
26, 33
28, 29
28, 30
1, 12
1, 62
1, 72
1, 21
1, 42
1, 52
1, 41
1, 82
1, 2
1, 31
12, 21
12, 19
12, 16
12, 15
12, 14
12, 13
12, 20
12, 18
12, 17
62, 67
62, 66
62, 65
62, 69
62, 68
62, 63
62, 64
62, 70
62, 71
72, 77
72, 74
72, 79
72, 73
72, 76
72, 81
72, 75
72, 80
72, 78
21, 30
21, 26
21, 27
21, 22
21, 23
21, 29
21, 28
21, 25
21, 24
42, 44
42, 46
42, 47
42, 49
42, 51
42, 45
42, 43
42, 50
42, 48
52, 53
52, 56
52, 58
52, 59
52, 55
52, 54
52, 57
52, 61
52, 60
41, 62
41, 72
41, 42
41, 52
41, 82
41, 93
41, 92
41, 95
41, 94
82, 85
82, 88
82, 83
82, 86
82, 90
82, 91
82, 84
82, 87
82, 89
2, 3
2, 9
2, 10
2, 11
2, 7
2, 4
2, 6
2, 5
2, 8
31, 36
31, 33
31, 38
31, 40
31, 37
31, 32
31, 39
31, 34
31, 35
18, 31
18, 49
18, 19
18, 36
18, 29
18, 59
18, 28
18, 42
18, 45
18, 38
31, 33
49, 43
49, 9
49, 51
49, 50
49, 16
49, 8
49, 5
49, 44
49, 15
19, 28
19, 22
19, 23
19, 27
19, 20
19, 21
19, 25
19, 24
19, 26
36, 37
36, 7
29, 31
29, 35
29, 34
29, 33
29, 30
29, 32
59, 60
59, 62
59, 61
59, 65
59, 63
59, 64
59, 66
28, 1
28, 3
28, 2
28, 6
28, 17
42, 49
42, 45
42, 48
42, 43
42, 53
42, 54
42, 55
42, 52
42, 56
45, 47
45, 46
45, 11
45, 4
45, 14
45, 12
45, 10
45, 13
38, 49
38, 42
38, 45
38, 39
38, 48
38, 57
38, 41
38, 40
38, 58
23, 31
23, 26
23, 37
23, 27
23, 29
23, 35
23, 28
23, 24
23, 25
31, 32
26, 31
26, 28
26, 27
26, 35
26, 36
26, 29
26, 30
26, 33
26, 34
37, 38
37, 14
37, 22
37, 19
37, 43
37, 44
37, 41
29, 21
29, 20
29, 42
35, 45
35, 1
24, 4
24, 7
24, 6
24, 39
24, 3
24, 8
24, 2
24, 5
24, 9
25, 12
25, 15
25, 11
25, 10
25, 40
25, 13
25, 18
25, 17
25, 16
3, 14
3, 42
3, 52
3, 76
3, 24
3, 4
3, 57
3, 86
3, 70
3, 32
14, 18
14, 22
14, 21
14, 17
14, 16
14, 20
14, 15
14, 19
14, 23
42, 48
42, 47
42, 49
42, 51
42, 46
42, 45
42, 44
42, 50
42, 43
52, 57
52, 55
52, 54
52, 67
52, 58
52, 56
52, 68
52, 53
52, 69
76, 80
76, 79
76, 85
76, 83
76, 77
76, 81
76, 82
76, 78
76, 84
24, 30
24, 27
24, 29
24, 28
24, 31
24, 25
24, 1
24, 2
24, 26
4, 13
4, 5
4, 6
4, 8
4, 7
4, 9
4, 10
4, 11
4, 12
57, 58
57, 60
57, 65
57, 59
57, 63
57, 66
57, 61
57, 64
57, 62
86, 89
86, 87
86, 90
86, 88
86, 91
86, 93
86, 94
86, 95
86, 92
70, 76
70, 71
70, 72
70, 75
70, 80
70, 79
70, 73
70, 85
70, 74
32, 37
32, 39
32, 41
32, 34
32, 40
32, 38
32, 36
32, 33
32, 35
3, 30
3, 25
3, 17
3, 27
3, 24
3, 4
3, 23
3, 42
3, 40
3, 12
30, 31
30, 36
30, 34
30, 35
30, 33
30, 32
30, 37
30, 2
30, 1
17, 18
17, 16
17, 19
24, 27
24, 30
24, 25
24, 26
24, 28
24, 38
24, 36
24, 29
24, 31
4, 10
4, 5
4, 7
4, 8
4, 9
4, 6
42, 12
42, 14
42, 15
42, 22
42, 11
42, 38
42, 21
42, 13
42, 20
40, 41
40, 39
1, 22
1, 32
1, 52
1, 12
1, 42
1, 83
1, 2
1, 82
1, 62
1, 72
22, 30
22, 23
22, 31
22, 24
22, 28
22, 29
22, 25
22, 27
22, 26
32, 39
32, 37
32, 33
32, 36
32, 34
32, 40
32, 35
32, 38
32, 41
52, 55
52, 58
52, 59
52, 60
52, 56
52, 54
52, 53
52, 61
52, 57
12, 18
12, 16
12, 21
12, 17
12, 15
12, 13
12, 20
12, 19
12, 14
42, 46
42, 47
42, 49
42, 48
42, 51
42, 50
42, 44
42, 43
42, 45
83, 86
83, 85
83, 92
83, 90
83, 87
83, 88
83, 91
83, 89
83, 84
2, 11
2, 10
2, 7
2, 4
2, 5
2, 3
2, 9
2, 8
2, 6
82, 83
82, 94
82, 86
82, 97
82, 93
82, 85
82, 98
82, 95
82, 96
62, 63
62, 69
62, 68
62, 64
62, 71
62, 67
62, 70
62, 66
62, 65
72, 76
72, 81
72, 75
72, 74
72, 73
72, 79
72, 78
72, 80
72, 77
1, 61
1, 2
1, 79
1, 41
1, 51
1, 6
1, 31
1, 67
1, 21
61, 79
61, 67
61, 64
61, 78
61, 62
61, 63
61, 65
61, 77
61, 66
2, 6
2, 5
2, 19
2, 20
2, 16
2, 18
2, 4
2, 17
2, 3
79, 82
79, 85
79, 86
79, 84
79, 83
79, 81
79, 87
79, 88
79, 80
41, 50
41, 49
41, 47
41, 48
41, 42
41, 46
41, 45
41, 44
41, 43
51, 52
51, 60
51, 53
51, 57
51, 59
51, 58
51, 55
51, 56
51, 54
6, 13
6, 15
6, 11
6, 10
6, 14
6, 12
6, 9
6, 8
6, 7
31, 37
31, 40
31, 33
31, 34
31, 38
31, 35
31, 36
31, 39
31, 32
67, 73
67, 71
67, 75
67, 69
67, 72
67, 76
67, 68
67, 74
67, 70
21, 28
21, 29
21, 30
21, 25
21, 23
21, 22
21, 24
21, 26
21, 27
29, 50
29, 36
29, 60
29, 44
29, 37
29, 54
29, 32
29, 30
29, 59
50, 71
50, 52
50, 51
50, 42
50, 53
50, 23
50, 5
50, 22
50, 70
36, 18
36, 26
36, 15
36, 27
36, 14
36, 20
36, 16
36, 17
36, 21
60, 67
60, 65
60, 69
60, 63
60, 66
60, 62
60, 68
60, 61
60, 64
44, 48
44, 46
44, 73
44, 49
44, 45
44, 76
44, 79
44, 47
44, 10
37, 40
37, 42
37, 43
37, 41
37, 39
37, 38
37, 19
37, 1
37, 25
54, 56
54, 13
54, 57
54, 58
54, 55
54, 75
54, 11
54, 6
54, 12
32, 76
32, 44
32, 4
32, 33
32, 35
32, 73
32, 34
32, 72
32, 10
30, 31
30, 3
30, 78
30, 8
30, 24
30, 74
30, 2
30, 9
30, 77
59, 15
59, 14
59, 7
59, 28
59, 21
1, 22
1, 2
1, 62
1, 79
1, 42
1, 32
1, 52
1, 90
1, 12
1, 65
22, 27
22, 24
22, 30
22, 26
22, 29
22, 23
22, 25
22, 28
22, 31
2, 5
2, 3
2, 10
2, 9
2, 7
2, 6
2, 4
2, 11
2, 8
62, 79
62, 65
62, 64
62, 77
62, 75
62, 76
62, 78
62, 89
62, 63
79, 86
79, 82
79, 87
79, 80
79, 83
79, 81
79, 85
79, 88
79, 84
42, 50
42, 47
42, 48
42, 45
42, 43
42, 44
42, 51
42, 46
42, 49
32, 39
32, 37
32, 36
32, 40
32, 35
32, 34
32, 41
32, 38
32, 33
52, 59
52, 53
52, 58
52, 55
52, 60
52, 54
52, 57
52, 61
52, 56
90, 94
90, 92
90, 91
90, 93
90, 99
90, 97
90, 98
90, 96
90, 95
12, 17
12, 13
12, 18
12, 20
12, 21
12, 14
12, 19
12, 16
12, 15
65, 73
65, 71
65, 69
65, 67
65, 72
65, 66
65, 70
65, 74
65, 68
7, 47
7, 44
7, 57
7, 8
7, 12
7, 24
7, 34
7, 78
7, 66
47, 52
47, 50
47, 53
47, 51
47, 49
47, 48
47, 55
47, 54
47, 56
44, 47
44, 57
44, 78
44, 46
44, 66
44, 61
44, 77
44, 45
44, 84
57, 61
57, 65
57, 1
57, 63
57, 58
57, 64
57, 59
57, 62
57, 60
8, 12
8, 9
8, 15
8, 14
8, 10
8, 11
8, 23
8, 21
8, 22
12, 15
12, 20
12, 18
12, 19
12, 16
12, 13
12, 17
12, 3
12, 4
24, 27
24, 29
24, 31
24, 28
24, 33
24, 25
24, 30
24, 26
24, 32
34, 39
34, 36
34, 37
34, 35
34, 40
34, 41
34, 43
34, 42
34, 38
78, 82
78, 81
78, 79
78, 80
78, 83
78, 6
78, 76
78, 5
78, 2
66, 74
66, 73
66, 68
66, 69
66, 75
66, 72
66, 71
66, 70
66, 67
12, 2
12, 13
12, 18
12, 15
12, 14
12, 16
12, 17
12, 25
12, 34
2, 10
2, 8
2, 7
2, 11
2, 6
2, 4
2, 9
2, 3
2, 5
13, 38
13, 28
13, 39
13, 26
13, 31
13, 41
13, 29
13, 30
13, 17
18, 24
15, 36
15, 37
15, 32
15, 1
25, 26
25, 24
25, 15
25, 27
25, 19
25, 22
25, 20
25, 23
25, 21
34, 33
34, 35
34, 40
83, 3
83, 55
83, 71
83, 17
83, 5
83, 67
83, 27
83, 32
83, 37
83, 45
3, 55
3, 71
3, 17
3, 5
3, 67
3, 27
3, 37
3, 36
3, 45
55, 64
55, 60
55, 58
55, 62
55, 57
55, 63
55, 59
55, 56
55, 61
71, 76
71, 73
71, 74
71, 77
71, 72
71, 75
71, 78
71, 50
71, 1
17, 21
17, 23
17, 19
17, 25
17, 24
17, 18
17, 26
17, 20
17, 22
5, 11
5, 14
5, 12
5, 13
5, 7
5, 6
5, 10
5, 9
5, 15
67, 70
67, 82
67, 68
67, 69
67, 80
67, 44
67, 51
67, 53
67, 16
27, 29
27, 28
27, 54
27, 41
27, 30
27, 2
27, 4
27, 65
27, 8
32, 35
32, 34
32, 33
32, 10
32, 81
32, 43
37, 39
37, 40
37, 36
37, 38
37, 11
37, 79
37, 31
37, 52
37, 66
45, 49
45, 46
45, 48
45, 47
45, 84
45, 42
4, 32
4, 41
4, 12
4, 5
4, 34
4, 64
4, 23
4, 63
4, 19
32, 77
32, 57
32, 76
32, 60
32, 34
32, 37
32, 40
32, 35
32, 33
41, 43
41, 2
41, 48
41, 44
41, 51
41, 45
41, 47
41, 46
41, 42
12, 53
12, 17
12, 1
12, 14
12, 52
12, 16
12, 15
12, 13
12, 18
5, 64
5, 6
5, 10
5, 66
5, 59
5, 9
5, 8
5, 11
5, 7
34, 37
34, 35
34, 38
34, 39
34, 36
34, 77
34, 57
34, 58
34, 3
64, 66
64, 68
64, 70
64, 65
64, 67
64, 71
64, 69
64, 72
64, 56
23, 24
23, 26
23, 27
23, 29
23, 28
23, 31
23, 30
23, 25
23, 62
63, 64
63, 77
63, 76
63, 73
63, 78
63, 66
63, 68
63, 75
63, 70
19, 22
19, 21
19, 20
19, 55
19, 49
19, 61
19, 74
19, 54
19, 50
1, 52
1, 74
1, 22
1, 33
1, 63
1, 23
1, 39
1, 2
1, 12
52, 53
52, 59
52, 58
52, 60
52, 61
52, 55
52, 56
52, 54
52, 57
74, 79
74, 77
74, 80
74, 82
74, 76
74, 81
74, 75
74, 78
74, 83
22, 52
22, 74
22, 63
22, 33
22, 23
22, 39
22, 51
22, 62
22, 73
33, 39
33, 49
33, 50
33, 36
33, 42
33, 35
33, 34
33, 38
33, 37
63, 69
63, 67
63, 71
63, 64
63, 70
63, 68
63, 72
63, 65
63, 66
23, 30
23, 25
23, 28
23, 24
23, 27
23, 32
23, 29
23, 26
23, 31
39, 42
39, 47
39, 41
39, 48
39, 45
39, 43
39, 46
39, 44
39, 40
2, 8
2, 4
2, 9
2, 11
2, 10
2, 5
2, 3
2, 7
2, 6
12, 17
12, 13
12, 18
12, 21
12, 14
12, 19
12, 20
12, 16
12, 15
3, 14
3, 4
3, 72
3, 82
3, 62
3, 33
3, 23
3, 53
3, 43
14, 21
14, 19
14, 16
14, 17
14, 18
14, 20
14, 1
14, 15
14, 22
4, 9
4, 12
4, 13
4, 11
4, 8
4, 6
4, 7
4, 5
4, 10
72, 77
72, 75
72, 81
72, 73
72, 74
72, 76
72, 80
72, 79
72, 78
82, 88
82, 84
82, 87
82, 90
82, 91
82, 89
82, 85
82, 86
82, 83
62, 70
62, 66
62, 67
62, 64
62, 65
62, 63
62, 69
62, 68
62, 71
33, 37
33, 38
33, 35
33, 40
33, 39
33, 34
33, 36
33, 41
33, 42
23, 32
23, 30
23, 28
23, 31
23, 27
23, 25
23, 29
23, 24
23, 26
53, 57
53, 54
53, 61
53, 56
53, 2
53, 60
53, 58
53, 59
53, 55
43, 47
43, 50
43, 44
43, 45
43, 52
43, 49
43, 46
43, 51
43, 48
27, 51
27, 63
27, 49
27, 2
27, 39
27, 16
27, 38
27, 61
27, 28
51, 58
51, 52
51, 55
51, 54
51, 53
51, 56
51, 59
51, 57
51, 60
63, 2
63, 4
63, 68
63, 72
63, 67
63, 64
63, 69
63, 65
63, 66
49, 51
49, 52
49, 58
49, 54
49, 56
49, 50
49, 55
49, 53
49, 59
2, 4
2, 5
2, 3
2, 8
2, 6
2, 9
2, 7
2, 10
2, 11
39, 45
39, 47
39, 46
39, 44
39, 43
39, 40
39, 41
39, 42
39, 48
16, 20
16, 25
16, 18
16, 26
16, 17
16, 23
16, 19
16, 24
16, 21
16, 22
38, 76
38, 15
38, 75
38, 70
38, 14
38, 1
38, 71
38, 62
38, 74
61, 12
61, 49
61, 73
61, 13
28, 34
28, 30
28, 33
28, 35
28, 31
28, 32
28, 37
28, 36
28, 29
23, 45
23, 55
23, 64
23, 72
23, 37
23, 27
23, 79
23, 3
23, 25
45, 53
45, 46
45, 54
45, 50
45, 48
45, 49
45, 47
45, 51
45, 52
55, 60
55, 58
55, 56
55, 57
55, 63
55, 9
55, 61
55, 62
55, 59
64, 68
64, 69
64, 71
64, 18
64, 10
64, 67
64, 70
64, 65
64, 66
72, 74
72, 1
72, 11
72, 75
72, 76
72, 77
72, 73
72, 78
72, 14
37, 38
37, 7
37, 40
37, 15
37, 43
37, 41
37, 42
37, 39
37, 44
27, 30
27, 29
27, 36
27, 31
27, 35
27, 33
27, 34
27, 32
27, 28
79, 87
79, 83
79, 16
79, 81
79, 84
79, 82
79, 85
79, 80
79, 86
3, 8
3, 9
3, 11
3, 10
3, 7
3, 6
3, 13
3, 5
3, 12
25, 26
25, 24
25, 20
25, 17
25, 4
25, 19
25, 22
25, 21
25, 2
7, 19
7, 47
7, 38
7, 10
7, 57
7, 63
7, 54
7, 29
7, 59
19, 22
19, 23
19, 24
19, 28
19, 21
19, 26
19, 25
19, 27
19, 20
47, 49
47, 51
47, 48
47, 50
47, 52
47, 53
47, 8
38, 41
38, 45
38, 2
38, 42
38, 39
38, 43
38, 46
38, 40
38, 44
10, 11
10, 14
10, 13
10, 12
10, 17
10, 15
10, 18
10, 16
10, 3
63, 64
63, 6
63, 9
63, 67
54, 57
54, 56
54, 58
54, 55
54, 4
54, 5
29, 33
29, 34
29, 36
29, 37
29, 30
29, 1
29, 32
29, 35
29, 31
59, 63
59, 61
59, 64
59, 60
59, 6
59, 65
59, 62
59, 9
59, 66
44, 30
44, 16
44, 43
44, 14
44, 31
44, 15
44, 27
44, 25
44, 13
44, 29
30, 35
30, 31
30, 38
30, 37
30, 33
30, 34
30, 32
30, 39
30, 36
16, 57
16, 60
16, 58
16, 59
16, 56
16, 2
16, 3
16, 5
16, 55
43, 53
43, 54
43, 11
43, 8
43, 38
14, 62
14, 49
14, 50
14, 61
14, 6
14, 63
14, 48
14, 47
15, 64
15, 12
15, 45
15, 46
27, 28
27, 4
27, 1
25, 30
25, 43
25, 29
25, 42
25, 41
25, 33
25, 38
25, 40
25, 26
13, 17
13, 57
13, 24
13, 18
13, 19
13, 21
13, 20
13, 23
13, 22
29, 51
29, 7
29, 52
29, 9
29, 10
47, 51
47, 49
47, 48
47, 13
47, 52
47, 3
47, 50
47, 37
47, 25
51, 23
51, 24
51, 62
51, 2
49, 35
49, 36
48, 1
13, 18
13, 16
13, 19
13, 17
13, 20
13, 22
13, 21
13, 15
13, 14
52, 54
52, 53
52, 56
52, 55
52, 61
52, 58
52, 60
52, 59
52, 57
3, 7
3, 10
3, 9
3, 5
3, 4
3, 8
3, 6
3, 11
3, 12
37, 42
37, 46
37, 41
37, 44
37, 45
37, 39
37, 40
37, 38
37, 43
25, 30
25, 28
25, 33
25, 34
25, 31
25, 32
25, 29
25, 27
25, 26
3, 4
3, 35
3, 84
3, 23
3, 62
3, 74
3, 7
3, 46
3, 34
3, 52
4, 7
4, 5
4, 17
4, 6
4, 18
4, 20
4, 21
4, 22
4, 19
35, 41
35, 38
35, 40
35, 36
35, 39
35, 37
35, 43
35, 42
35, 44
84, 85
84, 92
84, 87
84, 86
84, 93
84, 89
84, 91
84, 90
84, 88
23, 27
23, 32
23, 28
23, 25
23, 26
23, 31
23, 24
23, 30
23, 29
62, 69
62, 66
62, 68
62, 64
62, 65
62, 67
62, 63
62, 70
62, 71
74, 75
74, 82
74, 81
74, 83
74, 79
74, 80
74, 77
74, 78
74, 76
7, 9
7, 13
7, 10
7, 16
7, 11
7, 12
7, 15
7, 8
7, 14
46, 62
46, 52
46, 51
46, 72
46, 47
46, 73
46, 49
46, 48
46, 50
34, 45
34, 2
34, 1
34, 33
52, 60
52, 55
52, 56
52, 53
52, 59
52, 61
52, 54
52, 58
52, 57
21, 22
21, 24
21, 23
21, 30
21, 41
21, 31
21, 11
21, 29
21, 28
22, 38
22, 48
22, 9
22, 1
22, 40
22, 3
22, 8
22, 39
22, 2
24, 41
24, 23
24, 25
24, 5
24, 26
24, 27
24, 53
24, 52
24, 6
23, 32
23, 49
23, 50
23, 43
23, 36
23, 33
23, 34
23, 35
23, 37
30, 31
41, 44
41, 46
41, 42
41, 47
41, 10
41, 45
41, 51
41, 7
41, 4
11, 18
11, 13
11, 16
11, 19
11, 14
11, 15
11, 20
11, 17
11, 12
23, 25
23, 29
23, 47
23, 38
23, 57
23, 52
23, 40
23, 48
23, 63
23, 31
25, 6
25, 7
25, 28
25, 27
25, 3
25, 73
25, 9
25, 26
25, 8
29, 31
29, 37
29, 30
29, 34
29, 35
29, 32
29, 33
29, 36
29, 11
47, 57
47, 52
47, 48
47, 60
47, 54
47, 56
47, 55
47, 61
47, 62
38, 12
38, 14
38, 17
38, 13
38, 16
38, 18
38, 20
38, 19
38, 15
57, 59
57, 58
57, 49
57, 5
57, 4
52, 53
52, 24
52, 21
52, 22
40, 45
40, 42
40, 41
40, 44
40, 43
40, 39
40, 46
48, 50
48, 51
48, 49
48, 55
48, 2
48, 61
48, 1
63, 65
63, 70
63, 68
63, 64
63, 69
63, 66
63, 71
63, 67
63, 72
31, 75
31, 10
31, 74
38, 32
38, 2
38, 40
38, 22
38, 51
38, 49
38, 61
38, 12
38, 41
38, 39
32, 36
32, 34
32, 33
32, 46
32, 35
32, 37
32, 1
32, 11
32, 45
2, 8
2, 7
2, 3
2, 9
2, 6
2, 4
2, 5
2, 10
2, 47
22, 25
22, 29
22, 24
22, 23
22, 27
22, 30
22, 28
22, 31
22, 26
51, 57
51, 58
51, 60
51, 59
51, 53
51, 55
51, 54
51, 56
51, 52
49, 50
49, 73
49, 48
49, 74
49, 72
61, 70
61, 64
61, 65
61, 67
61, 69
61, 68
61, 62
61, 63
61, 66
12, 15
12, 19
12, 13
12, 16
12, 21
12, 20
12, 18
12, 17
12, 14
41, 42
41, 43
41, 44
41, 71
1, 67
1, 30
1, 35
1, 48
1, 2
1, 76
1, 20
1, 19
1, 6
1, 57
67, 76
67, 74
67, 70
67, 71
67, 69
67, 73
67, 75
67, 72
67, 68
30, 35
30, 31
30, 39
30, 33
30, 34
30, 45
30, 32
30, 46
30, 47
35, 39
35, 38
35, 41
35, 44
35, 37
35, 40
35, 43
35, 36
35, 42
48, 57
48, 53
48, 55
48, 56
48, 54
48, 51
48, 52
48, 49
48, 50
2, 6
2, 16
2, 18
2, 10
2, 17
2, 5
2, 12
2, 3
2, 4
76, 81
76, 82
76, 84
76, 85
76, 78
76, 83
76, 77
76, 79
76, 80
20, 29
20, 28
20, 27
20, 25
20, 26
20, 24
20, 23
20, 21
20, 22
6, 10
6, 12
6, 14
6, 8
6, 11
6, 7
6, 13
6, 15
6, 9
57, 60
57, 61
57, 59
57, 62
57, 63
57, 64
57, 66
57, 58
57, 65
4, 46
4, 5
4, 72
4, 35
4, 62
4, 15
4, 25
4, 42
4, 53
46, 72
46, 62
46, 53
46, 51
46, 52
46, 50
46, 49
46, 47
46, 48
5, 11
5, 9
5, 13
5, 8
5, 14
5, 10
5, 12
5, 6
5, 7
72, 76
72, 79
72, 75
72, 80
72, 77
72, 74
72, 83
72, 73
72, 78
35, 39
35, 38
35, 3
35, 41
35, 1
35, 40
35, 37
35, 36
35, 2
62, 71
62, 70
62, 68
62, 67
62, 63
62, 69
62, 64
62, 65
62, 66
15, 18
15, 24
15, 21
15, 23
15, 22
15, 20
15, 19
15, 16
15, 17
25, 31
25, 30
25, 33
25, 27
25, 29
25, 32
25, 34
25, 28
25, 26
42, 81
42, 45
42, 43
42, 44
42, 82
53, 59
53, 56
53, 54
53, 60
53, 84
53, 55
53, 58
53, 57
53, 61
1, 68
1, 44
1, 57
1, 42
1, 12
1, 32
1, 65
1, 2
1, 22
68, 74
68, 69
68, 71
68, 72
68, 77
68, 70
68, 73
68, 75
68, 76
44, 53
44, 52
44, 45
44, 50
44, 46
44, 47
44, 48
44, 51
44, 49
57, 68
57, 65
57, 63
57, 64
57, 60
57, 61
57, 59
57, 58
57, 62
42, 44
42, 53
42, 54
42, 45
42, 52
42, 43
42, 55
42, 56
42, 50
12, 15
12, 18
12, 21
12, 20
12, 19
12, 13
12, 16
12, 14
12, 17
32, 35
32, 33
32, 36
32, 39
32, 34
32, 37
32, 41
32, 38
32, 40
65, 68
65, 74
65, 67
65, 69
65, 66
65, 71
65, 72
65, 78
65, 77
2, 4
2, 5
2, 6
2, 7
2, 3
2, 8
2, 9
2, 10
2, 11
22, 26
22, 24
22, 23
22, 31
22, 29
22, 28
22, 27
22, 25
22, 30
8, 16
8, 41
8, 44
8, 54
8, 33
8, 24
8, 55
8, 10
8, 22
8, 11
16, 18
16, 17
16, 19
16, 5
16, 61
41, 44
41, 43
41, 48
41, 47
41, 45
41, 50
41, 51
41, 42
41, 49
44, 47
44, 45
44, 43
44, 46
44, 40
44, 53
44, 32
54, 16
54, 20
54, 18
54, 5
54, 4
54, 19
54, 17
54, 61
33, 35
33, 34
33, 36
33, 44
33, 38
33, 37
33, 43
33, 39
33, 52
24, 25
24, 6
24, 7
24, 22
24, 9
24, 18
55, 56
55, 57
55, 21
55, 3
55, 60
55, 1
55, 62
55, 2
10, 11
10, 12
10, 14
10, 15
10, 13
10, 58
10, 59
10, 61
22, 24
22, 28
22, 26
22, 30
22, 23
22, 16
22, 31
22, 27
22, 29
11, 12
11, 13
11, 61
1, 12
1, 68
1, 26
1, 39
1, 85
1, 48
1, 13
1, 58
1, 2
1, 75
12, 26
12, 13
12, 30
12, 24
12, 25
12, 36
12, 23
12, 37
12, 38
68, 85
68, 75
68, 71
68, 72
68, 70
68, 74
68, 84
68, 73
68, 69
26, 30
26, 29
26, 32
26, 35
26, 28
26, 31
26, 34
26, 27
26, 33
39, 48
39, 44
39, 46
39, 47
39, 45
39, 42
39, 43
39, 40
39, 41
85, 90
85, 91
85, 93
85, 94
85, 87
85, 92
85, 86
85, 88
85, 89
48, 51
48, 52
48, 50
48, 53
48, 54
48, 55
48, 57
48, 49
48, 56
13, 15
13, 21
13, 14
13, 19
13, 17
13, 20
13, 18
13, 16
13, 22
58, 65
58, 64
58, 62
58, 60
58, 61
58, 63
58, 66
58, 67
58, 59
2, 8
2, 5
2, 4
2, 10
2, 7
2, 6
2, 3
2, 9
2, 11
75, 80
75, 77
75, 76
75, 78
75, 83
75, 79
75, 95
75, 82
75, 81
4, 49
4, 65
4, 75
4, 5
4, 22
4, 60
4, 6
4, 10
4, 40
4, 32
49, 54
49, 58
49, 50
49, 51
49, 57
49, 55
49, 56
49, 52
49, 53
65, 70
65, 69
65, 72
65, 67
65, 68
65, 66
65, 74
65, 71
65, 73
75, 84
75, 81
75, 78
75, 82
75, 79
75, 80
75, 77
75, 83
75, 76
5, 49
5, 65
5, 75
5, 60
5, 22
5, 40
5, 32
5, 6
5, 10
22, 27
22, 25
22, 31
22, 23
22, 29
22, 24
22, 26
22, 30
22, 28
60, 64
60, 61
60, 63
60, 62
60, 59
6, 10
6, 17
6, 9
6, 18
6, 7
6, 20
6, 19
6, 21
6, 8
10, 12
10, 16
10, 13
10, 11
10, 15
10, 14
40, 46
40, 45
40, 44
40, 41
40, 42
40, 1
40, 43
40, 48
40, 47
32, 39
32, 38
32, 36
32, 33
32, 35
32, 34
32, 3
32, 37
32, 2
6, 39
6, 27
6, 28
6, 17
6, 67
6, 76
6, 61
6, 52
6, 7
39, 48
39, 41
39, 47
39, 46
39, 40
39, 43
39, 44
39, 42
39, 45
27, 39
27, 28
27, 52
27, 51
27, 49
27, 48
27, 38
27, 35
27, 50
28, 35
28, 37
28, 33
28, 36
28, 30
28, 29
28, 32
28, 34
28, 31
17, 22
17, 24
17, 20
17, 25
17, 18
17, 23
17, 19
17, 21
17, 26
67, 68
67, 75
67, 70
67, 73
67, 74
67, 72
67, 69
67, 71
67, 2
76, 5
76, 82
76, 78
76, 4
76, 79
76, 77
76, 81
76, 80
76, 1
61, 67
61, 64
61, 63
61, 65
61, 75
61, 70
61, 68
61, 62
61, 66
52, 55
52, 60
52, 53
52, 59
52, 58
52, 3
52, 54
52, 57
52, 56
7, 15
7, 12
7, 11
7, 10
7, 14
7, 16
7, 13
7, 9
7, 8
18, 63
18, 19
18, 49
18, 8
18, 70
18, 80
18, 29
18, 39
18, 55
63, 8
63, 69
63, 65
63, 7
63, 66
63, 64
63, 68
63, 67
63, 1
19, 26
19, 25
19, 21
19, 23
19, 28
19, 24
19, 20
19, 27
19, 22
49, 50
49, 53
49, 19
49, 5
49, 3
49, 51
49, 54
49, 52
49, 4
8, 10
8, 13
8, 12
8, 16
8, 17
8, 11
8, 15
8, 9
8, 14
70, 71
70, 78
70, 73
70, 72
70, 74
70, 76
70, 75
70, 77
70, 79
80, 82
80, 85
80, 89
80, 86
80, 81
80, 83
80, 87
80, 88
80, 84
29, 32
29, 31
29, 33
29, 38
29, 37
29, 35
29, 30
29, 34
29, 36
39, 43
39, 42
39, 44
39, 47
39, 45
39, 41
39, 48
39, 46
39, 40
55, 60
55, 57
55, 2
55, 62
55, 59
55, 61
55, 58
55, 56
55, 6
1, 22
1, 39
1, 51
1, 12
1, 2
1, 43
1, 30
1, 19
1, 61
22, 28
22, 72
22, 24
22, 29
22, 23
22, 71
22, 27
22, 26
22, 25
39, 43
39, 41
39, 42
39, 47
39, 46
39, 40
39, 45
39, 44
39, 49
51, 57
51, 54
51, 60
51, 59
51, 55
51, 56
51, 53
51, 58
51, 52
12, 19
12, 17
12, 13
12, 18
12, 16
12, 21
12, 20
12, 14
12, 15
2, 8
2, 11
2, 7
2, 10
2, 5
2, 3
2, 9
2, 6
2, 4
43, 44
43, 48
30, 35
30, 34
30, 37
30, 33
30, 38
30, 31
30, 36
30, 32
30, 50
19, 21
19, 74
19, 20
19, 75
19, 73
61, 65
61, 66
61, 69
61, 67
61, 68
61, 63
61, 62
61, 70
61, 64
1, 30
1, 44
1, 4
1, 31
1, 65
1, 83
1, 54
1, 20
1, 2
1, 66
30, 44
30, 31
30, 65
30, 54
30, 66
30, 41
30, 43
30, 42
30, 64
44, 51
44, 46
44, 49
44, 53
44, 52
44, 50
44, 48
44, 47
44, 45
4, 11
4, 5
4, 7
4, 9
4, 6
4, 10
4, 8
4, 13
4, 12
31, 35
31, 39
31, 37
31, 40
31, 36
31, 33
31, 38
31, 32
31, 34
65, 66
65, 80
65, 79
65, 75
65, 78
65, 82
65, 77
65, 76
65, 81
83, 91
83, 87
83, 85
83, 84
83, 89
83, 86
83, 88
83, 92
83, 90
54, 60
54, 59
54, 57
54, 55
54, 61
54, 63
54, 62
54, 56
54, 58
20, 22
20, 28
20, 26
20, 25
20, 21
20, 23
20, 29
20, 24
20, 27
2, 4
2, 20
2, 16
2, 19
2, 15
2, 18
2, 17
2, 14
2, 3
66, 75
66, 67
66, 71
66, 70
66, 72
66, 69
66, 73
66, 74
66, 68
1, 5
1, 20
1, 56
1, 43
1, 46
1, 32
1, 62
1, 14
1, 15
5, 11
5, 10
5, 6
5, 12
5, 9
5, 7
5, 8
5, 21
5, 78
20, 23
20, 25
20, 24
20, 27
20, 31
20, 22
20, 30
20, 26
20, 28
56, 60
56, 58
56, 57
56, 77
56, 59
56, 61
56, 4
56, 29
56, 76
43, 44
43, 42
43, 79
43, 81
43, 82
43, 45
46, 49
46, 53
46, 48
46, 47
46, 51
46, 54
46, 52
46, 55
46, 50
32, 36
32, 33
32, 38
32, 41
32, 39
32, 40
32, 37
32, 34
32, 35
62, 67
62, 63
62, 66
62, 65
62, 64
62, 75
62, 73
62, 74
62, 68
14, 69
14, 70
14, 13
14, 72
14, 71
15, 17
15, 16
15, 18
15, 77
15, 2
15, 19
15, 23
15, 80
15, 3
13, 48
13, 52
13, 34
13, 1
13, 64
13, 44
13, 74
13, 24
13, 14
48, 52
48, 64
48, 51
48, 50
48, 61
48, 63
48, 62
48, 55
48, 49
52, 55
52, 54
52, 60
52, 57
52, 53
52, 87
52, 58
52, 56
52, 59
34, 41
34, 37
34, 35
34, 42
34, 36
34, 38
34, 39
34, 40
34, 43
1, 7
1, 10
1, 6
1, 4
1, 9
1, 8
1, 2
1, 5
1, 3
64, 65
64, 68
64, 73
64, 66
64, 71
64, 67
64, 72
64, 70
64, 69
44, 88
44, 84
44, 47
44, 86
44, 12
44, 45
44, 85
44, 46
44, 11
74, 81
74, 75
74, 82
74, 78
74, 79
74, 80
74, 76
74, 83
74, 77
24, 26
24, 27
24, 29
24, 32
24, 31
24, 33
24, 30
24, 28
24, 25
14, 20
14, 23
14, 17
14, 22
14, 15
14, 18
14, 16
14, 21
14, 19
19, 28
19, 43
19, 21
19, 5
19, 20
19, 37
19, 32
19, 41
19, 26
28, 37
28, 41
28, 32
28, 30
28, 29
28, 40
28, 35
28, 31
28, 36
43, 45
43, 46
43, 44
43, 39
43, 47
43, 17
43, 48
43, 64
43, 61
21, 24
21, 22
21, 23
21, 25
21, 20
21, 49
21, 63
21, 51
21, 16
5, 14
5, 12
5, 11
5, 10
5, 13
5, 7
5, 6
5, 8
5, 9
20, 22
20, 2
20, 4
20, 3
20, 49
20, 16
37, 38
37, 56
37, 57
37, 34
37, 62
37, 50
37, 53
37, 59
37, 58
32, 33
32, 1
41, 28
41, 60
41, 42
26, 27
26, 55
26, 52
26, 18
26, 15
26, 54
1, 72
1, 42
1, 6
1, 32
1, 16
1, 2
1, 62
1, 52
1, 21
72, 80
72, 74
72, 81
72, 76
72, 73
72, 75
72, 79
72, 78
72, 77
42, 43
42, 44
42, 45
42, 49
42, 51
42, 50
42, 47
42, 46
42, 48
6, 8
6, 11
6, 7
6, 14
6, 9
6, 10
6, 15
6, 12
6, 13
32, 34
32, 33
32, 38
32, 41
32, 35
32, 36
32, 40
32, 39
32, 37
16, 21
16, 20
16, 23
16, 31
16, 22
16, 30
16, 17
16, 18
16, 19
2, 6
2, 5
2, 8
2, 11
2, 7
2, 14
2, 9
2, 4
2, 3
62, 67
62, 69
62, 66
62, 70
62, 63
62, 71
62, 65
62, 64
62, 68
52, 60
52, 53
52, 54
52, 56
52, 57
52, 61
52, 55
52, 58
52, 59
21, 22
21, 30
21, 23
21, 28
21, 29
21, 25
21, 26
21, 24
21, 27
4, 32
4, 17
4, 78
4, 5
4, 72
4, 62
4, 15
4, 52
4, 42
32, 38
32, 33
32, 36
32, 34
32, 40
32, 35
32, 39
32, 41
32, 37
17, 22
17, 18
17, 26
17, 25
17, 24
17, 19
17, 21
17, 23
17, 20
78, 83
78, 1
78, 85
78, 3
78, 84
78, 80
78, 82
78, 81
78, 79
5, 13
5, 6
5, 9
5, 12
5, 10
5, 7
5, 14
5, 11
5, 8
72, 78
72, 75
72, 86
72, 73
72, 74
72, 2
72, 83
72, 76
72, 77
62, 71
62, 70
62, 64
62, 66
62, 63
62, 68
62, 69
62, 65
62, 67
15, 17
15, 30
15, 27
15, 22
15, 16
15, 28
15, 29
15, 31
15, 26
52, 54
52, 58
52, 57
52, 55
52, 53
52, 56
52, 61
52, 59
52, 60
42, 47
42, 45
42, 43
42, 44
42, 51
42, 48
42, 46
42, 50
42, 49
1, 40
1, 2
1, 49
1, 79
1, 30
1, 59
1, 7
1, 17
1, 69
40, 49
40, 45
40, 47
40, 42
40, 48
40, 46
40, 43
40, 44
40, 41
2, 17
2, 7
2, 28
2, 5
2, 4
2, 6
2, 29
2, 3
2, 27
49, 55
49, 52
49, 58
49, 50
49, 56
49, 51
49, 53
49, 54
49, 57
79, 86
79, 81
79, 87
79, 80
79, 83
79, 88
79, 85
79, 82
79, 84
30, 35
30, 36
30, 33
30, 32
30, 38
30, 39
30, 34
30, 31
30, 37
59, 65
59, 62
59, 64
59, 63
59, 68
59, 66
59, 60
59, 67
59, 61
7, 14
7, 12
7, 10
7, 11
7, 8
7, 9
7, 15
7, 16
7, 13
17, 18
17, 21
17, 26
17, 22
17, 23
17, 19
17, 24
17, 25
17, 20
69, 78
69, 77
69, 70
69, 75
69, 74
69, 71
69, 73
69, 76
69, 72
16, 39
16, 25
16, 76
16, 62
16, 36
16, 65
16, 20
16, 50
16, 60
16, 17
39, 42
39, 47
39, 46
39, 48
39, 43
39, 44
39, 41
39, 45
39, 40
25, 32
25, 28
25, 33
25, 30
25, 34
25, 26
25, 29
25, 31
25, 27
76, 15
76, 13
76, 12
62, 64
62, 63
62, 61
62, 3
36, 38
36, 37
36, 4
36, 77
36, 11
36, 75
36, 30
36, 5
65, 66
65, 71
65, 70
65, 69
65, 73
65, 72
65, 68
65, 74
65, 67
20, 21
20, 22
20, 2
20, 24
20, 10
50, 56
50, 51
50, 58
50, 55
50, 57
50, 52
50, 53
50, 59
50, 54
60, 7
60, 14
60, 8
17, 19
17, 18
17, 35
17, 23
17, 1
17, 9
17, 6
17, 49
11, 26
11, 22
11, 35
11, 47
11, 12
11, 38
11, 65
11, 57
11, 73
26, 30
26, 28
26, 33
26, 34
26, 27
26, 29
26, 32
26, 31
26, 6
22, 26
22, 30
22, 23
22, 28
22, 34
22, 33
22, 24
22, 27
22, 25
35, 38
35, 45
35, 37
35, 46
35, 41
35, 42
35, 36
35, 43
35, 39
47, 55
47, 48
47, 53
47, 56
47, 51
47, 50
47, 54
47, 49
47, 52
12, 19
12, 18
12, 16
12, 15
12, 13
12, 17
12, 14
12, 21
12, 20
38, 7
38, 40
38, 3
38, 5
38, 44
38, 1
38, 4
38, 8
38, 2
65, 67
65, 72
65, 68
65, 70
65, 71
65, 69
65, 66
65, 9
65, 83
57, 65
57, 59
57, 58
57, 61
57, 10
57, 64
57, 60
57, 62
57, 63
73, 77
73, 75
73, 81
73, 76
73, 74
73, 78
73, 80
73, 79
73, 82
1, 62
1, 2
1, 52
1, 28
1, 84
1, 15
1, 72
1, 48
1, 38
1, 3
62, 68
62, 66
62, 69
62, 67
62, 64
62, 71
62, 65
62, 63
62, 70
2, 28
2, 15
2, 3
2, 38
2, 27
2, 26
2, 13
2, 25
2, 14
52, 61
52, 53
52, 56
52, 58
52, 59
52, 54
52, 57
52, 60
52, 55
28, 30
28, 34
28, 36
28, 33
28, 31
28, 35
28, 37
28, 29
28, 32
84, 89
84, 91
84, 87
84, 90
84, 93
84, 92
84, 88
84, 85
84, 86
15, 23
15, 19
15, 20
15, 24
15, 17
15, 22
15, 21
15, 16
15, 18
72, 76
72, 78
72, 79
72, 81
72, 80
72, 77
72, 74
72, 75
72, 73
48, 62
48, 52
48, 72
48, 50
48, 49
48, 83
48, 82
48, 66
48, 51
38, 46
38, 47
38, 40
38, 44
38, 42
38, 39
38, 41
38, 45
38, 43
3, 5
3, 11
3, 7
3, 12
3, 9
3, 6
3, 10
3, 4
3, 8
1, 13
1, 27
1, 40
1, 54
1, 59
1, 2
1, 38
1, 52
1, 3
13, 22
13, 18
13, 17
13, 23
13, 20
13, 19
13, 14
13, 21
13, 16
27, 28
27, 32
27, 36
27, 31
27, 30
27, 34
27, 29
27, 33
27, 35
40, 44
40, 49
40, 48
40, 41
40, 46
40, 43
40, 42
40, 47
40, 45
54, 59
54, 72
54, 58
54, 55
54, 71
54, 56
54, 57
54, 67
54, 70
59, 64
59, 60
59, 63
59, 66
59, 62
59, 65
59, 61
59, 69
59, 68
2, 13
2, 27
2, 24
2, 26
2, 3
2, 10
2, 25
2, 11
2, 37
38, 40
38, 39
38, 50
38, 48
38, 44
38, 49
38, 51
38, 41
38, 46
52, 53
3, 7
3, 8
3, 9
3, 4
3, 5
3, 6
3, 12
3, 15
2, 73
2, 12
2, 33
2, 22
2, 49
2, 79
2, 32
2, 3
2, 63
2, 59
73, 79
73, 76
73, 78
73, 89
73, 88
73, 75
73, 90
73, 74
73, 77
12, 17
12, 14
12, 16
12, 19
12, 15
12, 21
12, 18
12, 20
12, 13
33, 35
33, 36
33, 34
33, 37
33, 39
33, 42
33, 40
33, 38
33, 41
22, 25
22, 29
22, 30
22, 27
22, 28
22, 31
22, 24
22, 23
22, 26
49, 58
49, 53
49, 52
49, 55
49, 50
49, 54
49, 56
49, 57
49, 51
79, 86
79, 83
79, 85
79, 98
79, 87
79, 81
79, 84
79, 80
79, 82
32, 33
32, 43
32, 44
32, 35
32, 45
32, 47
32, 48
32, 1
32, 46
3, 10
3, 9
3, 8
3, 4
3, 6
3, 11
3, 92
3, 7
3, 5
63, 72
63, 67
63, 65
63, 66
63, 69
63, 68
63, 70
63, 71
63, 64
59, 94
59, 62
59, 61
59, 97
59, 96
59, 60
59, 91
59, 93
59, 95
10, 26
10, 25
10, 33
10, 11
10, 52
10, 62
10, 72
10, 42
10, 82
10, 15
26, 3
26, 29
26, 31
26, 7
26, 32
26, 27
26, 30
26, 28
26, 9
25, 26
25, 52
25, 33
25, 62
25, 42
25, 72
25, 55
25, 41
25, 40
33, 34
33, 39
33, 4
33, 35
33, 38
33, 37
33, 36
33, 6
33, 8
11, 15
11, 17
11, 24
11, 12
11, 23
11, 14
11, 1
11, 13
11, 5
52, 55
52, 53
52, 54
52, 57
52, 56
52, 58
52, 60
52, 61
52, 59
62, 65
62, 64
62, 63
62, 69
62, 71
62, 67
62, 66
62, 68
62, 70
72, 80
72, 74
72, 73
72, 79
72, 75
72, 76
72, 77
72, 78
72, 81
42, 45
42, 49
42, 46
42, 48
42, 50
42, 47
42, 44
42, 51
42, 43
82, 86
82, 90
82, 84
82, 87
82, 89
82, 83
82, 91
82, 85
82, 88
15, 17
15, 20
15, 2
15, 19
15, 22
15, 18
15, 21
15, 5
15, 16
1, 81
1, 65
1, 40
1, 9
1, 51
1, 2
1, 70
1, 37
1, 20
1, 27
81, 85
81, 92
81, 83
81, 89
81, 82
81, 88
81, 87
81, 84
81, 86
65, 81
65, 70
65, 90
65, 68
65, 69
65, 91
65, 80
65, 67
65, 66
40, 48
40, 45
40, 42
40, 47
40, 49
40, 44
40, 43
40, 46
40, 41
9, 16
9, 13
9, 18
9, 11
9, 15
9, 14
9, 17
9, 10
9, 12
51, 58
51, 57
51, 55
51, 56
51, 54
51, 60
51, 53
51, 52
51, 59
2, 9
2, 16
2, 8
2, 7
2, 13
2, 5
2, 3
2, 6
2, 4
70, 79
70, 78
70, 76
70, 72
70, 73
70, 74
70, 77
70, 75
70, 71
37, 40
37, 51
37, 64
37, 63
37, 61
37, 38
37, 62
37, 50
37, 39
20, 24
20, 23
20, 25
20, 21
20, 22
20, 26
20, 19
27, 34
27, 30
27, 35
27, 36
27, 32
27, 29
27, 28
27, 33
27, 31
1, 9
1, 40
1, 61
1, 11
1, 25
1, 51
1, 2
1, 27
1, 81
1, 72
9, 40
9, 11
9, 25
9, 27
9, 21
9, 10
9, 24
9, 50
9, 23
40, 49
40, 47
40, 44
40, 46
40, 41
40, 42
40, 48
40, 45
40, 43
61, 65
61, 68
61, 64
61, 62
61, 66
61, 70
61, 69
61, 63
61, 67
11, 17
11, 12
11, 14
11, 20
11, 15
11, 18
11, 13
11, 19
11, 16
25, 40
25, 27
25, 39
25, 36
25, 38
25, 26
25, 35
25, 34
25, 37
51, 52
51, 60
51, 53
51, 58
51, 59
51, 54
51, 55
51, 57
51, 56
2, 81
2, 6
2, 90
2, 5
2, 87
2, 3
2, 8
2, 7
2, 4
27, 30
27, 32
27, 28
27, 31
27, 29
27, 33
27, 22
81, 90
81, 87
81, 84
81, 86
81, 88
81, 83
81, 82
81, 89
81, 85
72, 75
72, 76
72, 77
72, 74
72, 73
72, 80
72, 78
72, 79
72, 71
3, 43
3, 14
3, 48
3, 15
3, 72
3, 4
3, 26
3, 36
3, 61
43, 48
43, 58
43, 60
43, 59
43, 49
43, 45
43, 46
43, 47
43, 44
14, 43
14, 48
14, 15
14, 26
14, 36
14, 59
14, 60
14, 58
14, 25
48, 49
48, 56
48, 55
48, 50
48, 54
48, 53
48, 52
48, 57
48, 51
15, 18
15, 23
15, 24
15, 22
15, 20
15, 21
15, 17
15, 19
15, 16
72, 74
72, 75
72, 80
72, 79
72, 81
72, 73
72, 76
72, 77
72, 78
4, 9
4, 8
4, 10
4, 6
4, 12
4, 5
4, 11
4, 7
4, 13
26, 32
26, 35
26, 31
26, 30
26, 34
26, 28
26, 27
26, 33
26, 29
36, 41
36, 37
36, 38
36, 40
36, 42
36, 39
36, 71
36, 2
36, 1
61, 66
61, 68
61, 69
61, 62
61, 70
61, 67
61, 65
61, 64
61, 63
1, 81
1, 32
1, 2
1, 71
1, 51
1, 12
1, 61
1, 41
1, 22
81, 89
81, 83
81, 82
81, 84
81, 86
81, 87
81, 85
81, 90
81, 88
32, 34
32, 40
32, 39
32, 36
32, 91
32, 35
32, 38
32, 33
32, 37
2, 11
2, 8
2, 4
2, 3
2, 5
2, 7
2, 6
2, 10
2, 9
71, 75
71, 80
71, 73
71, 74
71, 78
71, 76
71, 77
71, 79
71, 72
51, 52
51, 53
51, 57
51, 58
51, 55
51, 59
51, 60
51, 56
51, 54
12, 18
12, 19
12, 20
12, 21
12, 17
12, 16
12, 13
12, 14
12, 15
61, 70
61, 64
61, 66
61, 67
61, 68
61, 62
61, 69
61, 63
61, 65
41, 50
41, 42
41, 44
41, 47
41, 48
41, 43
41, 45
41, 49
41, 46
22, 28
22, 23
22, 24
22, 30
22, 26
22, 31
22, 27
22, 29
22, 25
1, 47
1, 38
1, 22
1, 83
1, 12
1, 76
1, 2
1, 66
1, 53
1, 23
47, 53
47, 50
47, 64
47, 49
47, 52
47, 48
47, 65
47, 51
47, 63
38, 46
38, 42
38, 45
38, 41
38, 44
38, 43
38, 95
38, 40
38, 39
22, 38
22, 23
22, 37
22, 34
22, 42
22, 35
22, 44
22, 36
22, 33
83, 89
83, 85
83, 86
83, 91
83, 87
83, 90
83, 92
83, 84
83, 88
12, 18
12, 14
12, 15
12, 16
12, 17
12, 21
12, 13
12, 19
12, 20
76, 83
76, 79
76, 82
76, 77
76, 80
76, 94
76, 93
76, 81
76, 78
2, 3
2, 7
2, 6
2, 4
2, 9
2, 11
2, 8
2, 10
2, 5
66, 73
66, 68
66, 71
66, 74
66, 69
66, 70
66, 75
66, 72
66, 67
53, 59
53, 61
53, 54
53, 56
53, 55
53, 60
53, 58
53, 57
53, 62
23, 32
23, 26
23, 31
23, 29
23, 27
23, 28
23, 24
23, 30
23, 25
5, 40
5, 58
5, 6
5, 41
5, 70
5, 60
5, 30
5, 27
5, 17
5, 28
40, 41
40, 49
40, 56
40, 52
40, 57
40, 51
40, 54
40, 55
40, 53
58, 70
58, 60
58, 69
58, 83
58, 59
58, 80
58, 82
58, 81
58, 71
6, 14
6, 9
6, 8
6, 13
6, 12
6, 10
6, 7
6, 15
6, 11
41, 46
41, 44
41, 49
41, 48
41, 45
41, 43
41, 50
41, 47
41, 42
70, 71
70, 75
70, 78
70, 79
70, 73
70, 72
70, 76
70, 77
70, 74
60, 67
60, 64
60, 62
60, 63
60, 61
60, 65
60, 66
60, 84
60, 68
30, 39
30, 38
30, 33
30, 31
30, 35
30, 36
30, 37
30, 34
30, 32
27, 29
27, 1
27, 4
27, 2
27, 3
17, 19
17, 16
17, 18
17, 23
17, 24
17, 21
17, 25
17, 22
17, 20
28, 26
3, 27
3, 14
3, 8
3, 13
3, 7
3, 10
3, 6
3, 11
3, 5
27, 30
27, 37
27, 36
27, 39
27, 38
27, 35
27, 28
27, 32
27, 40
14, 21
14, 2
14, 1
14, 46
14, 48
8, 44
8, 43
8, 45
7, 14
7, 9
7, 11
7, 31
7, 33
7, 16
10, 27
10, 9
10, 17
10, 34
6, 20
6, 25
6, 26
6, 47
6, 42
6, 49
6, 22
6, 24
6, 23
11, 12
11, 18
11, 41
11, 4
11, 15
11, 19
5, 29
1, 22
1, 33
1, 23
1, 12
1, 74
1, 64
1, 46
1, 84
1, 54
1, 2
22, 23
22, 33
22, 46
22, 54
22, 32
22, 43
22, 42
22, 44
22, 45
33, 36
33, 97
33, 39
33, 41
33, 35
33, 38
33, 34
33, 37
33, 40
23, 96
23, 24
23, 27
23, 29
23, 30
23, 26
23, 28
23, 31
23, 25
12, 13
12, 17
12, 18
12, 16
12, 19
12, 15
12, 20
12, 14
12, 21
74, 77
74, 79
74, 76
74, 78
74, 80
74, 82
74, 75
74, 81
74, 83
64, 66
64, 68
64, 70
64, 67
64, 73
64, 65
64, 69
64, 72
64, 71
46, 51
46, 48
46, 53
46, 95
46, 52
46, 50
46, 49
46, 93
46, 47
84, 86
84, 89
84, 91
84, 92
84, 88
84, 94
84, 85
84, 87
84, 90
54, 63
54, 57
54, 55
54, 62
54, 59
54, 58
54, 56
54, 60
54, 61
2, 7
2, 8
2, 6
2, 3
2, 5
2, 11
2, 4
2, 9
2, 10
1, 2
1, 30
1, 31
1, 64
1, 80
1, 5
1, 63
1, 53
1, 41
1, 20
2, 5
2, 17
2, 18
2, 15
2, 16
2, 19
2, 14
2, 3
2, 4
30, 31
30, 64
30, 80
30, 63
30, 53
30, 41
30, 51
30, 89
30, 52
31, 33
31, 39
31, 35
31, 36
31, 37
31, 32
31, 38
31, 40
31, 34
64, 69
64, 70
64, 66
64, 73
64, 72
64, 68
64, 65
64, 67
64, 71
80, 88
80, 86
80, 81
80, 84
80, 85
80, 83
80, 87
80, 92
80, 82
5, 10
5, 6
5, 9
5, 8
5, 12
5, 11
5, 91
5, 13
5, 7
63, 64
63, 79
63, 74
63, 78
63, 69
63, 77
63, 76
63, 75
63, 90
53, 59
53, 61
53, 54
53, 62
53, 58
53, 60
53, 57
53, 56
53, 55
41, 44
41, 50
41, 46
41, 48
41, 45
41, 49
41, 42
41, 43
41, 47
20, 23
20, 29
20, 24
20, 22
20, 28
20, 25
20, 21
20, 27
20, 26
2, 76
2, 6
2, 40
2, 3
2, 61
2, 30
2, 86
2, 41
2, 57
2, 17
76, 85
76, 80
76, 78
76, 77
76, 82
76, 83
76, 79
76, 84
76, 81
6, 9
6, 13
6, 12
6, 14
6, 7
6, 8
6, 15
6, 11
6, 10
40, 41
40, 52
40, 55
40, 54
40, 50
40, 53
40, 49
40, 56
40, 51
3, 6
3, 30
3, 17
3, 28
3, 4
3, 16
3, 29
3, 5
3, 27
61, 66
61, 67
61, 65
61, 63
61, 70
61, 68
61, 69
61, 62
61, 64
30, 39
30, 32
30, 34
30, 38
30, 33
30, 35
30, 36
30, 31
30, 37
86, 89
86, 90
86, 88
86, 96
86, 91
86, 93
86, 92
86, 87
86, 94
41, 44
41, 1
41, 42
41, 46
41, 47
41, 48
41, 95
41, 43
41, 45
57, 61
57, 59
57, 60
57, 74
57, 73
57, 58
57, 71
57, 72
57, 75
17, 19
17, 18
17, 20
17, 25
17, 24
17, 21
17, 22
17, 23
17, 26
2, 12
2, 56
2, 13
2, 84
2, 24
2, 58
2, 69
2, 43
2, 3
2, 34
12, 13
12, 24
12, 43
12, 34
12, 54
12, 53
12, 20
12, 23
12, 55
56, 58
56, 69
56, 82
56, 57
56, 80
56, 68
56, 81
56, 79
56, 83
13, 20
13, 15
13, 17
13, 19
13, 14
13, 22
13, 16
13, 18
13, 21
84, 87
84, 91
84, 90
84, 89
84, 93
84, 86
84, 85
84, 94
84, 88
24, 32
24, 31
24, 30
24, 26
24, 29
24, 25
24, 28
24, 27
24, 33
58, 61
58, 65
58, 67
58, 59
58, 60
58, 62
58, 66
58, 64
58, 63
69, 73
69, 74
69, 77
69, 70
69, 76
69, 78
69, 75
69, 72
69, 71
43, 46
43, 50
43, 47
43, 51
43, 49
43, 52
43, 44
43, 45
43, 48
3, 5
3, 8
3, 4
3, 6
3, 1
3, 11
3, 10
3, 9
3, 7
34, 40
34, 42
34, 37
34, 38
34, 39
34, 92
34, 35
34, 41
34, 36
5, 38
5, 40
5, 22
5, 56
5, 34
5, 6
5, 27
5, 66
5, 14
38, 40
38, 51
38, 46
38, 41
38, 39
38, 50
38, 53
38, 52
38, 54
40, 46
40, 41
40, 44
40, 42
40, 43
40, 48
40, 49
40, 47
40, 45
22, 24
22, 81
22, 25
22, 80
22, 26
22, 23
22, 78
22, 75
22, 74
56, 62
56, 59
56, 57
56, 65
56, 60
56, 61
56, 64
56, 63
56, 58
34, 35
34, 33
34, 31
34, 4
34, 37
6, 11
6, 7
6, 10
6, 8
6, 13
6, 12
6, 9
6, 1
6, 36
27, 28
27, 29
27, 30
27, 55
27, 76
27, 77
27, 73
27, 3
27, 2
66, 67
66, 71
66, 69
66, 82
66, 68
66, 70
66, 79
66, 32
66, 83
14, 21
14, 18
14, 19
14, 72
14, 16
14, 17
14, 15
14, 20
14, 84
2, 67
2, 23
2, 24
2, 33
2, 54
2, 53
2, 43
2, 80
2, 3
2, 13
67, 70
67, 68
67, 73
67, 69
67, 74
67, 76
67, 75
67, 71
67, 72
23, 67
23, 54
23, 33
23, 53
23, 24
23, 80
23, 43
23, 79
23, 77
24, 30
24, 31
24, 25
24, 28
24, 29
24, 26
24, 1
24, 27
24, 32
33, 34
33, 38
33, 37
33, 35
33, 42
33, 40
33, 41
33, 36
33, 39
54, 61
54, 56
54, 63
54, 60
54, 59
54, 55
54, 58
54, 57
54, 62
53, 54
53, 67
53, 80
53, 77
53, 79
53, 65
53, 78
53, 66
53, 64
43, 45
43, 47
43, 50
43, 48
43, 51
43, 46
43, 44
43, 49
43, 52
80, 82
80, 83
80, 87
80, 84
80, 89
80, 81
80, 88
80, 86
80, 85
3, 8
3, 10
3, 5
3, 11
3, 12
3, 7
3, 9
3, 4
3, 6
13, 17
13, 21
13, 16
13, 20
13, 18
13, 19
13, 15
13, 14
13, 22
13, 15
13, 25
13, 28
13, 32
13, 14
13, 30
13, 36
13, 26
13, 27
15, 19
15, 20
15, 22
15, 18
15, 23
15, 17
15, 24
15, 21
15, 16
25, 40
25, 41
25, 2
25, 10
25, 39
25, 3
28, 29
32, 37
32, 30
32, 38
30, 32
30, 35
30, 33
30, 31
30, 34
30, 38
26, 4
26, 1
26, 8
26, 5
26, 6
26, 7
26, 42
26, 11
26, 12
27, 9
14, 35
14, 28
14, 27
14, 19
14, 15
14, 25
14, 22
14, 23
14, 17
35, 37
35, 36
35, 38
35, 39
35, 30
28, 35
28, 34
28, 37
28, 38
28, 33
28, 36
28, 29
28, 32
28, 31
27, 9
27, 40
19, 20
19, 21
19, 24
15, 16
15, 42
25, 26
25, 2
25, 6
25, 3
25, 4
25, 1
25, 8
25, 5
25, 7
22, 11
22, 12
22, 13
17, 18
17, 10
17, 43
17, 44
17, 41
10, 11
10, 61
10, 41
10, 31
10, 65
10, 68
10, 21
10, 51
10, 75
11, 17
11, 16
11, 14
11, 12
11, 18
11, 20
11, 19
11, 13
11, 15
61, 68
61, 65
61, 71
61, 63
61, 62
61, 70
61, 73
61, 72
61, 74
41, 46
41, 44
41, 48
41, 45
41, 43
41, 42
41, 47
41, 49
41, 50
31, 34
31, 35
31, 38
31, 33
31, 36
31, 40
31, 32
31, 39
31, 37
65, 67
65, 2
65, 66
65, 1
65, 64
65, 7
65, 9
68, 69
68, 3
68, 8
68, 4
68, 66
68, 6
68, 5
21, 29
21, 22
21, 28
21, 24
21, 27
21, 30
21, 25
21, 23
21, 26
51, 56
51, 52
51, 53
51, 60
51, 54
51, 55
51, 57
51, 58
51, 59
75, 80
75, 84
75, 81
75, 82
75, 78
75, 83
75, 79
75, 76
75, 77
6, 7
6, 56
6, 16
6, 46
6, 26
6, 36
6, 48
6, 67
6, 14
7, 9
7, 4
7, 12
7, 5
7, 10
7, 80
7, 11
7, 8
7, 13
56, 64
56, 63
56, 57
56, 65
56, 59
56, 61
56, 58
56, 60
56, 62
16, 21
16, 18
16, 22
16, 23
16, 17
16, 24
16, 19
16, 20
16, 25
46, 56
46, 48
46, 67
46, 47
46, 53
46, 54
46, 55
46, 77
46, 52
26, 29
26, 27
26, 28
26, 32
26, 34
26, 33
26, 35
26, 31
26, 30
36, 38
36, 40
36, 44
36, 37
36, 39
36, 45
36, 42
36, 41
36, 43
48, 50
48, 51
48, 49
48, 66
48, 76
48, 75
67, 56
67, 72
67, 71
67, 70
67, 78
67, 68
67, 73
67, 69
67, 74
14, 15
14, 22
14, 81
14, 1
14, 83
14, 2
14, 82
14, 79
14, 3
2, 3
2, 53
2, 63
2, 13
2, 23
2, 83
2, 33
2, 73
2, 43
3, 7
3, 8
3, 9
3, 10
3, 6
3, 5
3, 12
3, 4
3, 11
53, 57
53, 58
53, 55
53, 60
53, 61
53, 54
53, 56
53, 59
53, 62
63, 71
63, 67
63, 65
63, 66
63, 68
63, 72
63, 69
63, 70
63, 64
13, 21
13, 19
13, 18
13, 16
13, 14
13, 17
13, 15
13, 20
13, 22
23, 30
23, 31
23, 25
23, 24
23, 28
23, 26
23, 29
23, 27
23, 32
83, 87
83, 85
83, 86
83, 89
83, 90
83, 84
83, 1
83, 91
83, 88
33, 41
33, 37
33, 36
33, 34
33, 39
33, 40
33, 38
33, 35
33, 42
73, 76
73, 80
73, 82
73, 77
73, 74
73, 81
73, 79
73, 75
73, 78
43, 51
43, 47
43, 50
43, 48
43, 45
43, 49
43, 52
43, 44
43, 46
2, 45
2, 46
2, 4
2, 20
2, 40
2, 31
2, 7
2, 28
2, 16
45, 46
45, 54
45, 51
45, 47
45, 52
45, 53
45, 49
45, 50
45, 48
46, 71
46, 19
46, 55
46, 58
46, 69
46, 70
4, 7
4, 12
4, 8
4, 6
4, 14
4, 9
4, 5
4, 11
4, 10
20, 28
20, 30
20, 21
20, 25
20, 27
20, 24
20, 23
20, 22
20, 26
40, 43
40, 42
40, 41
40, 44
40, 60
40, 57
40, 68
40, 63
40, 3
31, 35
31, 38
31, 32
31, 33
31, 36
31, 37
31, 34
31, 39
31, 61
7, 13
7, 4
7, 15
7, 1
28, 45
28, 20
28, 29
28, 66
16, 18
16, 17
16, 56
16, 67
16, 65
16, 62
16, 64
16, 59
1, 78
1, 2
1, 28
1, 58
1, 3
1, 68
1, 48
1, 88
1, 38
1, 16
78, 85
78, 84
78, 83
78, 81
78, 79
78, 80
78, 86
78, 82
78, 87
2, 28
2, 3
2, 16
2, 30
2, 26
2, 27
2, 15
2, 13
2, 14
28, 30
28, 34
28, 35
28, 29
28, 36
28, 31
28, 33
28, 37
28, 32
58, 59
58, 66
58, 67
58, 60
58, 61
58, 62
58, 63
58, 64
58, 65
3, 7
3, 10
3, 12
3, 9
3, 11
3, 5
3, 8
3, 4
3, 6
68, 70
68, 72
68, 77
68, 76
68, 74
68, 69
68, 73
68, 71
68, 75
48, 50
48, 53
48, 57
48, 51
48, 56
48, 49
48, 55
48, 52
48, 54
88, 90
88, 97
88, 93
88, 94
88, 96
88, 89
88, 95
88, 91
88, 92
38, 39
38, 45
38, 46
38, 41
38, 42
38, 40
38, 44
38, 43
38, 47
16, 25
16, 21
16, 20
16, 17
16, 24
16, 23
16, 22
16, 19
16, 18
1, 80
1, 22
1, 50
1, 60
1, 40
1, 70
1, 2
1, 12
1, 24
80, 88
80, 82
80, 85
80, 86
80, 89
80, 87
80, 84
80, 81
80, 83
22, 24
22, 34
22, 35
22, 23
22, 37
22, 29
22, 39
22, 36
22, 38
50, 56
50, 53
50, 57
50, 52
50, 58
50, 51
50, 55
50, 54
50, 59
60, 62
60, 67
60, 61
60, 63
60, 68
60, 65
60, 69
60, 66
60, 64
40, 43
40, 46
40, 42
40, 41
40, 48
40, 49
40, 44
40, 47
40, 45
70, 76
70, 72
70, 71
70, 75
70, 77
70, 74
70, 73
70, 78
70, 79
2, 10
2, 9
2, 3
2, 8
2, 4
2, 5
2, 6
2, 11
2, 7
12, 13
12, 20
12, 18
12, 15
12, 21
12, 19
12, 17
12, 16
12, 14
24, 29
24, 26
24, 30
24, 31
24, 27
24, 32
24, 33
24, 28
24, 25
24, 25
24, 41
24, 35
24, 36
24, 38
24, 33
24, 31
24, 27
24, 32
25, 28
25, 16
25, 27
25, 30
25, 26
25, 10
25, 13
25, 29
25, 14
41, 42
41, 60
41, 43
41, 22
41, 40
41, 5
41, 6
41, 4
35, 51
35, 52
35, 36
35, 9
36, 37
36, 59
36, 3
36, 1
36, 2
38, 65
38, 41
38, 21
38, 39
38, 61
33, 58
33, 34
33, 7
33, 48
33, 47
33, 63
33, 53
33, 62
33, 46
31, 64
31, 19
31, 57
31, 54
31, 8
31, 50
31, 20
31, 23
31, 56
27, 13
27, 18
27, 45
27, 44
27, 12
27, 11
27, 15
27, 49
27, 17
32, 55
3, 24
3, 44
3, 49
3, 14
3, 34
3, 75
3, 65
3, 82
3, 25
3, 4
24, 44
24, 49
24, 34
24, 75
24, 65
24, 48
24, 25
24, 64
24, 63
44, 49
44, 48
44, 47
44, 46
44, 59
44, 60
44, 61
44, 45
44, 62
49, 55
49, 52
49, 51
49, 54
49, 53
49, 50
49, 57
49, 56
49, 58
14, 17
14, 19
14, 22
14, 15
14, 20
14, 21
14, 18
14, 16
14, 23
34, 42
34, 37
34, 39
34, 38
34, 40
34, 36
34, 35
34, 41
34, 43
75, 79
75, 78
75, 93
75, 81
75, 76
75, 1
75, 77
75, 2
75, 80
65, 73
65, 67
65, 71
65, 69
65, 74
65, 72
65, 66
65, 70
65, 68
82, 84
82, 85
82, 89
82, 86
82, 90
82, 91
82, 87
82, 83
82, 88
25, 31
25, 32
25, 27
25, 26
25, 30
25, 29
25, 28
25, 33
25, 92
4, 11
4, 13
4, 7
4, 12
4, 6
4, 8
4, 5
4, 9
4, 10
1, 50
1, 80
1, 2
1, 16
1, 12
1, 60
1, 40
1, 30
1, 70
50, 55
50, 53
50, 56
50, 54
50, 52
50, 57
50, 51
50, 59
50, 58
80, 81
80, 83
80, 87
80, 82
80, 89
80, 85
80, 84
80, 88
80, 86
2, 3
2, 9
2, 5
2, 8
2, 6
2, 10
2, 4
2, 7
2, 11
16, 18
16, 22
16, 20
16, 17
16, 24
16, 25
16, 23
16, 21
16, 19
12, 16
12, 28
12, 29
12, 26
12, 18
12, 27
12, 14
12, 13
12, 15
60, 65
60, 62
60, 64
60, 69
60, 61
60, 68
60, 63
60, 66
60, 67
40, 42
40, 48
40, 41
40, 47
40, 46
40, 44
40, 45
40, 43
40, 49
30, 39
30, 37
30, 38
30, 32
30, 34
30, 36
30, 35
30, 31
30, 33
70, 76
70, 77
70, 72
70, 78
70, 75
70, 71
70, 74
70, 73
70, 79
1, 61
1, 81
1, 31
1, 12
1, 41
1, 2
1, 51
1, 71
1, 22
61, 68
61, 70
61, 64
61, 67
61, 65
61, 69
61, 63
61, 66
61, 62
81, 85
81, 82
81, 86
81, 88
81, 84
81, 87
81, 90
81, 89
81, 83
31, 35
31, 32
31, 38
31, 40
31, 36
31, 37
31, 33
31, 34
31, 39
12, 15
12, 14
12, 20
12, 21
12, 17
12, 19
12, 18
12, 16
12, 13
41, 46
41, 43
41, 42
41, 48
41, 44
41, 47
41, 50
41, 49
41, 45
2, 10
2, 6
2, 9
2, 3
2, 11
2, 8
2, 7
2, 4
2, 5
51, 53
51, 52
51, 58
51, 59
51, 60
51, 57
51, 54
51, 55
51, 56
71, 76
71, 72
71, 73
71, 75
71, 78
71, 77
71, 80
71, 74
71, 79
22, 27
22, 26
22, 29
22, 28
22, 25
22, 24
22, 91
22, 23
22, 30
1, 12
1, 25
1, 15
1, 48
1, 2
1, 76
1, 68
1, 35
1, 58
12, 25
12, 48
12, 15
12, 35
12, 46
12, 13
12, 45
12, 14
12, 47
25, 34
25, 28
25, 30
25, 32
25, 26
25, 29
25, 31
25, 27
25, 33
15, 19
15, 22
15, 18
15, 16
15, 24
15, 17
15, 21
15, 23
15, 20
48, 49
48, 53
48, 51
48, 50
48, 55
48, 54
48, 52
48, 57
48, 56
2, 8
2, 5
2, 6
2, 10
2, 3
2, 4
2, 9
2, 7
2, 11
76, 78
76, 79
76, 83
76, 80
76, 82
76, 77
76, 84
76, 81
68, 76
68, 74
68, 70
68, 75
68, 78
68, 72
68, 69
68, 71
68, 73
35, 41
35, 43
35, 42
35, 37
35, 38
35, 39
35, 36
35, 40
35, 44
58, 67
58, 62
58, 66
58, 63
58, 65
58, 60
58, 61
58, 64
58, 59
18, 21
18, 47
18, 43
18, 36
18, 50
18, 26
18, 19
18, 24
18, 44
18, 33
47, 50
47, 49
47, 11
47, 10
47, 48
47, 7
47, 53
47, 13
47, 8
43, 44
43, 45
43, 6
43, 2
43, 46
36, 39
36, 40
36, 38
36, 41
36, 37
36, 32
36, 56
36, 25
36, 1
50, 11
50, 8
50, 9
50, 15
50, 12
50, 16
50, 14
26, 30
26, 29
26, 31
26, 28
26, 27
26, 4
26, 17
26, 54
26, 52
19, 21
19, 20
19, 22
44, 57
44, 3
44, 5
33, 34
33, 17
33, 35
33, 54
33, 42
33, 23
33, 55
33, 58
33, 51
2, 28
2, 8
2, 68
2, 41
2, 54
2, 18
2, 3
2, 38
2, 56
28, 32
28, 36
28, 30
28, 35
28, 34
28, 31
28, 29
28, 33
28, 37
8, 17
8, 9
8, 16
8, 13
8, 10
8, 12
8, 15
8, 11
8, 14
68, 71
68, 75
68, 69
68, 72
68, 74
68, 76
68, 77
68, 70
68, 73
41, 48
41, 45
41, 50
41, 42
41, 47
41, 43
41, 49
41, 46
41, 44
54, 67
54, 66
54, 56
54, 58
54, 59
54, 61
54, 63
54, 60
54, 55
18, 22
18, 20
18, 26
18, 21
18, 27
18, 25
18, 23
18, 24
18, 19
3, 6
3, 7
3, 4
3, 5
3, 78
3, 80
3, 79
3, 82
3, 1
38, 41
38, 40
38, 81
38, 51
38, 39
38, 50
38, 52
38, 53
38, 48
56, 58
56, 61
56, 59
56, 63
56, 65
56, 60
56, 62
56, 64
56, 57
24, 28
24, 29
24, 26
24, 33
24, 25
24, 32
24, 27
24, 34
24, 31
28, 29
28, 11
28, 30
28, 38
28, 10
28, 12
28, 35
29, 11
26, 4
26, 2
26, 1
26, 3
26, 5
33, 14
33, 21
33, 15
32, 13
32, 9
27, 8
27, 7
27, 36
27, 43
27, 18
27, 44
27, 6
27, 23
27, 19
34, 20
34, 37
31, 2
31, 38
31, 17
31, 42
31, 41
31, 22
31, 39
31, 16
31, 40
2, 53
2, 43
2, 84
2, 23
2, 3
2, 33
2, 73
2, 63
2, 13
53, 59
53, 58
53, 54
53, 55
53, 60
53, 57
53, 61
53, 62
53, 56
43, 46
43, 47
43, 51
43, 48
43, 45
43, 52
43, 44
43, 50
43, 49
84, 83
84, 1
23, 24
23, 29
23, 30
23, 27
23, 31
23, 25
23, 26
23, 32
23, 28
3, 10
3, 11
3, 8
3, 9
3, 6
3, 5
3, 7
3, 12
3, 4
33, 38
33, 42
33, 41
33, 40
33, 34
33, 39
33, 37
33, 36
33, 35
73, 76
73, 79
73, 77
73, 82
73, 81
73, 78
73, 80
73, 75
73, 74
63, 66
63, 64
63, 71
63, 72
63, 69
63, 65
63, 67
63, 70
63, 68
13, 22
13, 19
13, 16
13, 15
13, 14
13, 21
13, 20
13, 17
13, 18
1, 2
1, 42
1, 80
1, 52
1, 72
1, 22
1, 62
1, 32
1, 12
2, 9
2, 4
2, 11
2, 8
2, 7
2, 3
2, 6
2, 5
2, 10
42, 45
42, 43
42, 48
42, 44
42, 49
42, 51
42, 50
42, 46
42, 47
80, 82
80, 83
80, 87
80, 84
80, 89
80, 81
80, 88
80, 86
80, 85
52, 58
52, 60
52, 56
52, 53
52, 57
52, 55
52, 59
52, 54
52, 61
72, 80
72, 78
72, 79
72, 74
72, 75
72, 73
72, 77
72, 83
72, 76
22, 27
22, 24
22, 25
22, 30
22, 29
22, 26
22, 23
22, 31
22, 28
62, 67
62, 69
62, 70
62, 68
62, 64
62, 65
62, 63
62, 66
62, 71
32, 35
32, 36
32, 34
32, 37
32, 33
32, 41
32, 38
32, 39
32, 40
12, 20
12, 13
12, 15
12, 16
12, 21
12, 18
12, 19
12, 14
12, 17
2, 30
2, 17
2, 13
2, 50
2, 3
2, 40
2, 22
2, 60
2, 26
30, 31
30, 32
30, 38
30, 35
30, 36
30, 34
30, 39
30, 33
30, 37
17, 18
17, 19
17, 70
17, 1
13, 17
13, 22
13, 26
13, 14
13, 29
13, 20
13, 15
13, 16
13, 21
50, 55
50, 57
50, 58
50, 54
50, 56
50, 51
50, 53
50, 59
50, 52
3, 11
3, 9
3, 8
3, 12
3, 7
3, 5
3, 6
3, 10
3, 4
40, 44
40, 41
40, 49
40, 46
40, 45
40, 42
40, 48
40, 47
40, 43
22, 24
22, 25
22, 23
60, 69
60, 67
60, 68
60, 61
60, 64
60, 62
60, 63
60, 66
60, 65
26, 27
26, 28
2, 61
2, 23
2, 13
2, 70
2, 42
2, 3
2, 51
2, 90
2, 80
2, 31
61, 67
61, 70
61, 64
61, 63
61, 66
61, 69
61, 62
61, 68
61, 65
23, 31
23, 30
23, 24
23, 25
23, 28
23, 27
23, 41
23, 29
23, 26
13, 22
13, 14
13, 15
13, 18
13, 17
13, 21
13, 16
13, 20
13, 19
70, 76
70, 71
70, 73
70, 77
70, 74
70, 75
70, 72
70, 79
70, 78
42, 48
42, 45
42, 47
42, 44
42, 43
42, 49
42, 46
42, 1
42, 50
3, 12
3, 4
3, 5
3, 9
3, 7
3, 10
3, 8
3, 11
3, 6
51, 56
51, 55
51, 52
51, 57
51, 54
51, 58
51, 53
51, 60
51, 59
90, 93
90, 96
90, 92
90, 95
90, 91
90, 98
90, 97
90, 99
90, 94
80, 86
80, 88
80, 87
80, 82
80, 84
80, 83
80, 81
80, 85
80, 89
31, 37
31, 34
31, 36
31, 33
31, 40
31, 32
31, 38
31, 39
31, 35
1, 22
1, 2
1, 32
1, 72
1, 42
1, 62
1, 82
1, 52
1, 12
22, 23
22, 31
22, 28
22, 24
22, 30
22, 27
22, 25
22, 26
22, 29
2, 11
2, 10
2, 7
2, 6
2, 8
2, 3
2, 4
2, 5
2, 9
32, 38
32, 37
32, 33
32, 40
32, 36
32, 35
32, 39
32, 34
32, 41
72, 76
72, 73
72, 81
72, 77
72, 74
72, 78
72, 80
72, 79
72, 75
42, 51
42, 50
42, 45
42, 49
42, 48
42, 47
42, 44
42, 46
42, 43
62, 64
62, 67
62, 71
62, 63
62, 70
62, 69
62, 66
62, 65
62, 68
82, 88
82, 83
82, 85
82, 87
82, 86
82, 91
82, 84
82, 89
82, 90
52, 59
52, 57
52, 55
52, 53
52, 58
52, 56
52, 61
52, 60
52, 54
12, 15
12, 17
12, 19
12, 20
12, 16
12, 14
12, 13
12, 18
12, 21
2, 22
2, 49
2, 54
2, 78
2, 3
2, 34
2, 9
2, 32
2, 88
2, 68
22, 25
22, 29
22, 27
22, 30
22, 31
22, 24
22, 28
22, 23
22, 26
49, 54
49, 52
49, 66
49, 51
49, 67
49, 53
49, 65
49, 64
49, 50
54, 56
54, 62
54, 55
54, 59
54, 63
54, 58
54, 57
54, 61
54, 60
78, 81
78, 85
78, 82
78, 83
78, 84
78, 86
78, 87
78, 80
78, 79
3, 9
3, 5
3, 21
3, 20
3, 4
3, 19
3, 6
3, 8
3, 7
34, 40
34, 41
34, 37
34, 1
34, 35
34, 36
34, 39
34, 42
34, 38
9, 14
9, 15
9, 12
9, 13
9, 18
9, 17
9, 11
9, 16
9, 10
32, 34
32, 46
32, 47
32, 43
32, 48
32, 44
32, 40
32, 33
32, 45
88, 96
88, 90
88, 92
88, 95
88, 97
88, 91
88, 89
88, 93
88, 94
68, 72
68, 76
68, 70
68, 77
68, 75
68, 73
68, 71
68, 74
68, 69
1, 29
1, 2
1, 28
1, 39
1, 60
1, 18
1, 12
1, 72
1, 50
29, 30
29, 33
29, 37
29, 32
29, 31
29, 34
29, 35
29, 38
29, 36
2, 8
2, 9
2, 5
2, 4
2, 10
2, 11
2, 6
2, 3
2, 7
28, 29
28, 39
28, 60
28, 72
28, 50
28, 49
28, 71
28, 30
28, 70
39, 44
39, 41
39, 43
39, 48
39, 45
39, 42
39, 40
39, 46
39, 47
60, 64
60, 61
60, 66
60, 68
60, 69
60, 62
60, 65
60, 67
60, 63
18, 22
18, 21
18, 20
18, 19
18, 27
18, 26
18, 24
18, 25
18, 23
12, 15
12, 17
12, 13
12, 16
12, 14
12, 82
72, 73
72, 77
72, 80
72, 75
72, 78
72, 79
72, 74
72, 81
72, 76
50, 52
50, 57
50, 54
50, 55
50, 58
50, 51
50, 53
50, 59
50, 56
7, 8
7, 27
7, 10
7, 36
7, 31
7, 25
7, 13
7, 20
7, 18
7, 34
8, 10
8, 13
8, 18
8, 15
8, 9
8, 19
8, 16
8, 12
8, 14
27, 36
27, 31
27, 39
27, 34
27, 33
27, 30
27, 37
27, 28
27, 29
10, 11
10, 8
10, 13
10, 2
36, 37
36, 35
31, 34
31, 33
31, 36
31, 37
31, 38
31, 32
31, 39
31, 40
31, 35
25, 8
25, 10
25, 4
25, 26
13, 18
13, 16
13, 15
13, 14
13, 17
13, 3
13, 19
13, 6
20, 21
20, 23
20, 24
20, 22
20, 1
18, 5
18, 16
18, 13
18, 6
34, 36
34, 37
34, 35
1, 63
1, 41
1, 2
1, 4
1, 82
1, 53
1, 39
1, 68
1, 28
1, 18
63, 68
63, 67
63, 78
63, 66
63, 64
63, 65
63, 79
63, 80
63, 81
41, 42
41, 50
41, 46
41, 44
41, 48
41, 43
41, 49
41, 45
41, 47
2, 4
2, 28
2, 18
2, 15
2, 3
2, 14
2, 38
2, 17
2, 16
4, 6
4, 5
4, 10
4, 13
4, 11
4, 8
4, 7
4, 9
4, 12
82, 89
82, 91
82, 88
82, 90
82, 85
82, 87
82, 84
82, 83
82, 86
53, 58
53, 62
53, 56
53, 61
53, 60
53, 54
53, 59
53, 55
53, 57
39, 63
39, 41
39, 53
39, 68
39, 51
39, 42
39, 67
39, 40
39, 52
68, 76
68, 71
68, 73
68, 72
68, 69
68, 75
68, 74
68, 70
68, 77
28, 36
28, 32
28, 31
28, 34
28, 37
28, 33
28, 35
28, 30
28, 29
18, 25
18, 26
18, 22
18, 21
18, 20
18, 27
18, 23
18, 24
18, 19
1, 52
1, 22
1, 72
1, 92
1, 12
1, 2
1, 82
1, 32
1, 62
1, 42
52, 59
52, 57
52, 58
52, 53
52, 56
52, 60
52, 54
52, 61
52, 55
22, 30
22, 26
22, 25
22, 27
22, 24
22, 28
22, 23
22, 29
22, 31
72, 80
72, 79
72, 81
72, 76
72, 75
72, 77
72, 73
72, 74
72, 78
92, 96
92, 94
92, 97
92, 98
92, 99
92, 95
92, 100
92, 93
92, 101
12, 16
12, 17
12, 20
12, 21
12, 19
12, 15
12, 13
12, 14
12, 18
2, 8
2, 11
2, 9
2, 5
2, 10
2, 7
2, 4
2, 6
2, 3
82, 91
82, 88
82, 87
82, 85
82, 84
82, 86
82, 90
82, 83
82, 89
32, 39
32, 36
32, 41
32, 40
32, 33
32, 35
32, 38
32, 34
32, 37
62, 69
62, 67
62, 65
62, 64
62, 68
62, 66
62, 71
62, 63
62, 70
42, 48
42, 43
42, 50
42, 51
42, 44
42, 46
42, 45
42, 47
42, 49
12, 38
12, 20
12, 55
12, 35
12, 14
12, 18
12, 63
12, 39
12, 34
12, 45
38, 45
38, 39
38, 51
38, 52
38, 53
38, 44
38, 50
38, 54
38, 46
20, 24
20, 29
20, 25
20, 23
20, 21
20, 26
20, 28
20, 22
20, 27
55, 56
55, 57
55, 60
55, 62
55, 59
55, 58
55, 61
35, 37
35, 36
35, 19
35, 1
35, 32
35, 13
35, 30
14, 18
14, 15
14, 17
14, 16
14, 7
14, 5
14, 6
14, 2
14, 3
18, 7
18, 4
63, 65
63, 9
63, 66
63, 8
63, 64
39, 40
39, 41
39, 42
39, 47
39, 48
34, 33
34, 31
45, 10
45, 43
45, 11
45, 49
18, 40
18, 20
18, 39
18, 30
18, 44
18, 48
18, 51
18, 31
18, 32
18, 23
40, 42
40, 41
40, 43
40, 14
40, 8
20, 23
20, 24
20, 25
20, 21
20, 22
20, 19
39, 9
39, 27
39, 60
39, 13
30, 6
30, 35
30, 57
30, 29
30, 28
30, 2
44, 45
44, 3
44, 20
44, 4
44, 56
48, 15
48, 49
48, 50
48, 20
48, 5
48, 46
48, 47
51, 52
51, 7
51, 53
51, 11
51, 54
51, 12
51, 1
51, 59
31, 55
31, 58
31, 36
31, 28
31, 33
31, 38
32, 10
32, 37
32, 7
32, 53
32, 34
32, 26
32, 1
32, 59
23, 16
23, 20
23, 17
84, 74
84, 93
84, 55
84, 64
84, 9
84, 85
84, 88
84, 91
84, 87
84, 86
74, 75
74, 80
74, 81
74, 79
74, 78
74, 77
74, 83
74, 82
74, 76
93, 54
93, 50
93, 52
93, 51
93, 96
93, 7
93, 94
93, 53
93, 95
55, 57
55, 60
55, 63
55, 58
55, 6
55, 61
55, 56
55, 62
55, 59
64, 65
64, 66
64, 69
64, 73
64, 70
64, 71
64, 67
64, 72
64, 68
9, 12
9, 14
9, 11
9, 18
9, 13
9, 17
9, 15
9, 10
9, 16
85, 25
85, 27
85, 24
85, 28
85, 99
85, 29
85, 2
85, 1
85, 26
88, 89
88, 90
88, 97
88, 3
88, 5
88, 4
88, 44
91, 48
91, 49
91, 45
91, 8
91, 98
91, 47
91, 100
91, 19
91, 46
91, 92
87, 35
87, 39
87, 43
87, 38
87, 40
87, 37
87, 36
87, 41
87, 42
86, 30
86, 33
86, 32
86, 21
86, 20
86, 34
86, 31
86, 22
86, 23
42, 45
42, 47
42, 25
42, 48
42, 49
42, 22
42, 44
42, 43
42, 46
47, 10
47, 18
47, 12
47, 13
47, 2
47, 16
47, 11
47, 17
47, 14
25, 27
25, 32
25, 1
25, 26
25, 29
25, 30
25, 28
25, 33
25, 31
48, 21
48, 20
48, 39
48, 3
48, 4
48, 19
48, 40
48, 5
22, 25
22, 34
22, 36
22, 27
22, 37
22, 1
22, 38
22, 23
22, 24
44, 15
44, 8
44, 9
44, 35
44, 7
44, 6
44, 51
44, 41
44, 50
1, 46
1, 14
1, 2
1, 12
1, 24
1, 68
1, 58
1, 35
1, 78
46, 54
46, 55
46, 52
46, 51
46, 47
46, 53
46, 49
46, 50
46, 48
14, 20
14, 22
14, 17
14, 21
14, 18
14, 23
14, 19
14, 15
14, 16
2, 11
2, 4
2, 3
2, 6
2, 7
2, 5
2, 9
2, 8
2, 10
12, 46
12, 14
12, 24
12, 35
12, 13
12, 34
12, 57
12, 56
12, 45
24, 32
24, 27
24, 28
24, 30
24, 25
24, 26
24, 31
24, 29
24, 33
68, 71
68, 73
68, 75
68, 70
68, 72
68, 77
68, 76
68, 69
68, 74
58, 60
58, 63
58, 66
58, 62
58, 64
58, 61
58, 67
58, 59
58, 65
35, 37
35, 42
35, 38
35, 41
35, 43
35, 36
35, 39
35, 40
35, 44
78, 81
78, 85
78, 82
78, 79
78, 84
78, 83
78, 80
78, 86
78, 87
1, 22
1, 42
1, 52
1, 62
1, 82
1, 72
1, 92
1, 2
1, 32
1, 12
22, 24
22, 26
22, 29
22, 30
22, 31
22, 25
22, 28
22, 23
22, 27
42, 46
42, 51
42, 47
42, 49
42, 48
42, 50
42, 45
42, 44
42, 43
52, 55
52, 57
52, 58
52, 60
52, 53
52, 54
52, 61
52, 56
52, 59
62, 70
62, 63
62, 68
62, 69
62, 65
62, 67
62, 71
62, 66
62, 64
82, 85
82, 86
82, 90
82, 91
82, 89
82, 84
82, 83
82, 88
82, 87
72, 79
72, 78
72, 77
72, 81
72, 75
72, 73
72, 80
72, 74
72, 76
92, 100
92, 99
92, 98
92, 95
92, 93
92, 97
92, 101
92, 94
92, 96
2, 8
2, 7
2, 5
2, 6
2, 9
2, 3
2, 10
2, 4
2, 11
32, 34
32, 40
32, 41
32, 38
32, 39
32, 33
32, 35
32, 36
32, 37
12, 14
12, 19
12, 21
12, 18
12, 13
12, 17
12, 15
12, 16
12, 20
1, 80
1, 12
1, 22
1, 2
1, 70
1, 26
1, 50
1, 60
1, 40
80, 81
80, 83
80, 86
80, 82
80, 89
80, 87
80, 88
80, 84
80, 85
12, 15
12, 20
12, 19
12, 16
12, 18
12, 21
12, 17
12, 13
12, 14
22, 26
22, 37
22, 25
22, 38
22, 23
22, 39
22, 36
22, 24
22, 90
2, 7
2, 9
2, 3
2, 5
2, 6
2, 11
2, 8
2, 4
2, 10
70, 79
70, 74
70, 77
70, 71
70, 75
70, 72
70, 76
70, 78
70, 73
26, 33
26, 29
26, 27
26, 28
26, 31
26, 35
26, 32
26, 30
26, 34
50, 54
50, 55
50, 57
50, 59
50, 56
50, 53
50, 58
50, 51
50, 52
60, 62
60, 69
60, 65
60, 67
60, 63
60, 61
60, 68
60, 64
60, 66
40, 47
40, 45
40, 42
40, 49
40, 44
40, 43
40, 46
40, 41
40, 48
1, 27
1, 58
1, 12
1, 57
1, 44
1, 40
1, 2
1, 72
1, 14
1, 54
27, 30
27, 32
27, 34
27, 33
27, 28
27, 31
27, 35
27, 36
27, 29
58, 63
58, 64
58, 65
58, 61
58, 62
58, 67
58, 66
58, 59
58, 60
12, 27
12, 14
12, 13
12, 38
12, 24
12, 37
12, 25
12, 26
12, 39
57, 58
57, 63
57, 68
57, 64
57, 69
57, 65
57, 61
57, 62
57, 67
44, 51
44, 50
44, 49
44, 53
44, 46
44, 45
44, 52
44, 48
44, 47
40, 57
40, 58
40, 44
40, 72
40, 43
40, 41
40, 54
40, 42
40, 55
2, 9
2, 11
2, 8
2, 5
2, 3
2, 4
2, 10
2, 6
2, 7
72, 77
72, 76
72, 74
72, 75
72, 78
72, 81
72, 80
72, 79
72, 73
14, 19
14, 23
14, 18
14, 22
14, 15
14, 17
14, 21
14, 20
14, 16
54, 57
54, 58
54, 55
54, 63
54, 70
54, 68
54, 71
54, 64
54, 56
1, 46
1, 2
1, 22
1, 44
1, 82
1, 12
1, 72
1, 60
1, 32
1, 42
46, 48
46, 52
46, 53
46, 55
46, 49
46, 50
46, 54
46, 51
46, 47
2, 3
2, 10
2, 4
2, 8
2, 5
2, 9
2, 6
2, 7
2, 11
22, 27
22, 23
22, 24
22, 31
22, 26
22, 25
22, 28
22, 30
22, 29
44, 46
44, 60
44, 57
44, 58
44, 59
44, 48
44, 56
44, 52
44, 45
82, 84
82, 89
82, 85
82, 87
82, 88
82, 86
82, 90
82, 91
82, 83
12, 17
12, 18
12, 16
12, 20
12, 21
12, 15
12, 14
12, 19
12, 13
72, 74
72, 80
72, 77
72, 76
72, 92
72, 75
72, 79
72, 78
72, 73
60, 63
60, 67
60, 69
60, 65
60, 61
60, 64
60, 62
60, 68
60, 66
32, 37
32, 41
32, 39
32, 36
32, 40
32, 33
32, 38
32, 34
32, 35
42, 46
42, 44
42, 72
42, 60
42, 74
42, 43
42, 71
42, 70
42, 81
1, 58
1, 22
1, 59
1, 2
1, 77
1, 24
1, 12
1, 48
1, 38
1, 67
58, 59
58, 67
58, 76
58, 75
58, 73
58, 90
58, 74
58, 69
58, 70
22, 30
22, 24
22, 37
22, 23
22, 34
22, 36
22, 33
22, 32
22, 35
59, 60
59, 65
59, 62
59, 61
59, 66
59, 64
59, 63
59, 94
59, 88
2, 6
2, 9
2, 10
2, 5
2, 8
2, 4
2, 11
2, 7
2, 3
77, 85
77, 81
77, 83
77, 86
77, 78
77, 79
77, 80
77, 84
77, 82
24, 26
24, 27
24, 28
24, 25
24, 29
24, 31
24, 89
24, 95
12, 19
12, 15
12, 14
12, 18
12, 16
12, 20
12, 13
12, 21
12, 17
48, 51
48, 54
48, 50
48, 49
48, 52
48, 57
48, 53
48, 56
48, 55
38, 44
38, 40
38, 43
38, 46
38, 45
38, 41
38, 47
38, 42
38, 39
67, 71
67, 70
67, 68
67, 72
67, 69
67, 87
67, 92
67, 93
67, 91
1, 81
1, 91
1, 52
1, 32
1, 12
1, 22
1, 71
1, 2
1, 42
1, 59
81, 82
81, 83
81, 87
81, 88
81, 86
81, 90
81, 85
81, 84
81, 89
91, 97
91, 92
91, 98
91, 96
91, 94
91, 95
91, 93
91, 100
91, 99
52, 59
52, 70
52, 54
52, 56
52, 55
52, 57
52, 58
52, 69
52, 53
32, 34
32, 41
32, 36
32, 40
32, 37
32, 39
32, 35
32, 38
32, 33
12, 21
12, 16
12, 20
12, 17
12, 13
12, 19
12, 18
12, 15
12, 14
22, 23
22, 27
22, 28
22, 30
22, 31
22, 24
22, 29
22, 26
22, 25
71, 80
71, 75
71, 73
71, 77
71, 78
71, 79
71, 72
71, 74
71, 76
2, 10
2, 9
2, 11
2, 7
2, 8
2, 3
2, 5
2, 6
2, 4
42, 50
42, 43
42, 45
42, 46
42, 44
42, 49
42, 47
42, 48
42, 51
59, 64
59, 68
59, 66
59, 60
59, 67
59, 62
59, 61
59, 63
59, 65
2, 54
2, 26
2, 16
2, 44
2, 32
2, 58
2, 52
2, 11
2, 3
2, 74
54, 74
54, 66
54, 58
54, 55
54, 71
54, 56
54, 68
54, 67
54, 72
26, 32
26, 29
26, 31
26, 30
26, 27
26, 77
26, 28
26, 43
26, 42
16, 21
16, 18
16, 25
16, 22
16, 20
16, 17
16, 24
16, 19
16, 23
44, 49
44, 48
44, 51
44, 45
44, 50
44, 47
44, 46
32, 39
32, 41
32, 38
32, 36
32, 33
32, 35
32, 34
32, 40
32, 37
58, 62
58, 63
58, 64
58, 61
58, 60
58, 59
58, 65
58, 14
58, 70
52, 76
52, 82
52, 84
52, 79
52, 78
52, 80
52, 53
52, 81
52, 83
11, 12
11, 29
11, 4
11, 57
11, 13
3, 4
3, 8
3, 10
3, 7
3, 6
3, 9
3, 5
3, 87
3, 86
74, 1
74, 85
74, 75
74, 69
74, 15
74, 73
74, 88
1, 20
1, 42
1, 70
1, 2
1, 33
1, 23
1, 62
1, 81
1, 52
1, 13
20, 17
20, 22
20, 21
20, 12
42, 43
42, 44
42, 45
42, 49
42, 48
42, 46
42, 50
42, 47
42, 51
70, 79
70, 76
70, 71
70, 74
70, 75
70, 73
70, 78
70, 77
70, 72
2, 5
2, 3
2, 9
2, 6
2, 7
2, 10
2, 8
2, 4
2, 11
33, 40
33, 39
33, 35
33, 34
33, 91
33, 41
33, 36
33, 37
33, 38
23, 24
23, 31
23, 30
23, 32
23, 27
23, 29
23, 25
23, 28
23, 26
62, 70
62, 65
62, 68
62, 69
62, 63
62, 80
62, 66
62, 67
62, 64
81, 83
81, 88
81, 90
81, 82
81, 84
81, 86
81, 89
81, 87
81, 85
52, 54
52, 59
52, 60
52, 56
52, 58
52, 53
52, 61
52, 55
52, 57
13, 20
13, 16
13, 17
13, 15
13, 21
13, 19
13, 22
13, 18
13, 14
4, 18
4, 70
4, 7
4, 5
4, 80
4, 85
4, 30
4, 40
4, 50
4, 60
18, 26
18, 19
18, 27
18, 22
18, 20
18, 25
18, 23
18, 24
18, 21
70, 72
70, 75
70, 79
70, 76
70, 71
70, 77
70, 74
70, 73
70, 78
7, 11
7, 15
7, 9
7, 16
7, 14
7, 13
7, 8
7, 12
7, 10
5, 18
5, 7
5, 30
5, 38
5, 39
5, 17
5, 37
5, 29
5, 6
80, 85
80, 81
80, 86
80, 82
80, 2
80, 93
80, 84
80, 89
80, 83
85, 86
85, 87
85, 2
85, 91
85, 88
85, 1
85, 3
85, 90
85, 92
30, 35
30, 33
30, 34
30, 32
30, 31
30, 36
30, 94
30, 28
40, 48
40, 43
40, 47
40, 42
40, 49
40, 45
40, 46
40, 41
40, 44
50, 59
50, 58
50, 54
50, 56
50, 52
50, 53
50, 51
50, 57
50, 55
60, 67
60, 63
60, 64
60, 69
60, 65
60, 62
60, 68
60, 61
60, 66
4, 17
4, 30
4, 41
4, 15
4, 28
4, 7
4, 12
4, 5
4, 40
17, 22
17, 19
17, 20
17, 18
17, 21
17, 3
17, 24
17, 51
17, 23
30, 31
30, 33
30, 32
30, 38
30, 28
30, 59
41, 45
41, 44
41, 43
41, 46
41, 48
41, 50
41, 42
41, 49
41, 47
15, 17
15, 23
15, 16
15, 25
15, 24
15, 27
15, 20
15, 26
15, 22
28, 30
28, 34
28, 31
28, 37
28, 36
28, 29
28, 33
28, 35
28, 32
12, 57
12, 55
12, 52
12, 53
12, 13
12, 56
12, 58
12, 54
12, 14
5, 7
5, 6
5, 8
5, 2
5, 9
5, 10
5, 11
5, 60
5, 62
40, 17
40, 39
40, 61
40, 1
4, 5
4, 48
4, 6
4, 58
4, 39
4, 78
4, 30
4, 24
4, 68
5, 6
5, 23
5, 20
5, 22
5, 19
5, 16
5, 17
5, 21
5, 18
48, 53
48, 54
48, 49
48, 50
48, 51
48, 57
48, 56
48, 52
48, 55
6, 14
6, 8
6, 11
6, 13
6, 9
6, 7
6, 12
6, 15
6, 10
58, 62
58, 67
58, 60
58, 59
58, 65
58, 64
58, 61
58, 63
58, 66
39, 44
39, 41
39, 46
39, 40
39, 2
39, 45
39, 47
39, 43
39, 42
78, 84
78, 87
78, 79
78, 86
78, 80
78, 83
78, 81
78, 85
78, 82
30, 33
30, 31
30, 35
30, 32
30, 36
30, 37
30, 34
30, 1
30, 3
24, 30
24, 33
24, 29
24, 38
24, 25
24, 36
24, 26
24, 27
24, 28
68, 74
68, 72
68, 73
68, 70
68, 69
68, 71
68, 76
68, 75
68, 77
2, 46
2, 34
2, 15
2, 27
2, 5
2, 56
2, 74
2, 3
2, 29
2, 68
46, 49
46, 55
46, 51
46, 48
46, 50
46, 47
46, 52
46, 54
46, 53
34, 35
34, 36
34, 37
34, 40
34, 44
34, 43
34, 41
34, 42
15, 23
15, 21
15, 19
15, 16
15, 18
15, 17
15, 22
15, 20
15, 24
27, 34
27, 29
27, 28
27, 30
27, 31
27, 33
27, 32
27, 39
27, 38
5, 14
5, 12
5, 8
5, 10
5, 11
5, 9
5, 6
5, 13
5, 7
56, 60
56, 65
56, 63
56, 59
56, 57
56, 58
56, 64
56, 62
56, 61
74, 77
74, 82
74, 83
74, 81
74, 79
74, 78
74, 76
74, 75
74, 80
3, 46
3, 34
3, 15
3, 27
3, 5
3, 56
3, 29
3, 4
3, 45
29, 30
29, 26
29, 25
29, 32
68, 73
68, 71
68, 69
68, 70
68, 72
68, 67
68, 1
68, 66
11, 36
11, 23
11, 21
11, 20
11, 32
11, 1
11, 14
11, 31
11, 33
36, 40
36, 38
36, 41
36, 37
36, 42
36, 39
36, 44
36, 45
36, 43
23, 30
23, 26
23, 29
23, 25
23, 28
23, 27
23, 24
21, 22
20, 13
20, 18
20, 46
20, 12
1, 7
1, 10
1, 9
1, 3
1, 8
1, 2
1, 4
1, 5
1, 6
14, 20
14, 15
14, 17
14, 16
14, 12
14, 13
14, 19
14, 18
14, 46
31, 32
33, 35
33, 31
33, 34
33, 32
6, 40
6, 21
6, 44
6, 7
6, 32
6, 52
6, 11
6, 55
6, 26
40, 28
40, 43
40, 41
40, 42
40, 24
21, 40
21, 32
21, 37
21, 26
21, 23
21, 29
21, 30
21, 25
21, 39
44, 52
44, 51
44, 47
44, 46
44, 48
44, 49
44, 53
44, 45
44, 50
7, 8
7, 10
7, 9
7, 65
7, 3
7, 1
7, 2
32, 36
32, 33
32, 35
32, 34
32, 22
52, 53
52, 54
52, 5
52, 4
11, 14
11, 18
11, 16
11, 12
11, 17
11, 19
11, 15
11, 13
11, 20
55, 62
55, 60
55, 58
55, 56
55, 63
55, 64
55, 57
55, 59
55, 61
26, 27
26, 38
26, 31
2, 50
2, 79
2, 3
2, 52
2, 20
2, 41
2, 31
2, 8
2, 69
50, 52
50, 68
50, 51
50, 67
50, 64
50, 65
50, 62
50, 63
50, 66
79, 84
79, 81
79, 80
79, 82
79, 88
79, 86
79, 83
79, 87
79, 85
3, 8
3, 20
3, 30
3, 19
3, 7
3, 4
3, 18
3, 6
3, 5
52, 57
52, 54
52, 55
52, 59
52, 61
52, 56
52, 58
52, 60
52, 53
20, 23
20, 28
20, 24
20, 22
20, 25
20, 27
20, 29
20, 26
20, 21
41, 42
41, 45
41, 44
41, 1
41, 49
41, 48
41, 46
41, 47
41, 43
31, 37
31, 35
31, 36
31, 33
31, 39
31, 34
31, 32
31, 38
31, 40
8, 11
8, 17
8, 9
8, 13
8, 12
8, 10
8, 16
8, 14
8, 15
69, 75
69, 73
69, 76
69, 78
69, 71
69, 74
69, 77
69, 70
69, 72
2, 3
2, 62
2, 92
2, 52
2, 13
2, 42
2, 23
2, 72
2, 82
2, 32
3, 9
3, 10
3, 11
3, 7
3, 12
3, 8
3, 6
3, 4
3, 5
62, 68
62, 67
62, 64
62, 65
62, 70
62, 63
62, 66
62, 71
62, 69
92, 95
92, 94
92, 101
92, 99
92, 98
92, 97
92, 100
92, 96
92, 93
52, 57
52, 54
52, 55
52, 59
52, 61
52, 53
52, 60
52, 58
52, 56
13, 16
13, 22
13, 18
13, 17
13, 15
13, 20
13, 19
13, 21
13, 14
42, 49
42, 46
42, 44
42, 45
42, 48
42, 50
42, 43
42, 51
42, 47
23, 27
23, 29
23, 26
23, 31
23, 24
23, 30
23, 25
23, 1
23, 28
72, 76
72, 80
72, 75
72, 74
72, 73
72, 81
72, 77
72, 79
72, 78
82, 84
82, 89
82, 88
82, 90
82, 86
82, 85
82, 91
82, 87
82, 83
32, 41
32, 35
32, 37
32, 39
32, 36
32, 34
32, 33
32, 38
32, 40
33, 7
33, 1
33, 41
33, 46
33, 43
33, 44
33, 42
33, 45
33, 34
7, 12
7, 10
7, 13
7, 8
7, 14
7, 11
7, 9
7, 16
7, 15
1, 7
1, 6
1, 2
1, 12
1, 10
1, 4
1, 17
1, 3
1, 5
41, 28
41, 48
41, 20
41, 22
41, 18
41, 26
43, 23
43, 30
43, 19
43, 24
43, 21
43, 31
43, 27
43, 40
43, 47
42, 32
42, 29
34, 25
34, 41
34, 39
34, 38
34, 42
34, 43
34, 36
34, 37
34, 35
6, 32
6, 18
6, 15
6, 33
6, 10
6, 30
6, 24
6, 19
6, 9
32, 5
18, 10
18, 29
18, 39
15, 16
15, 37
15, 49
15, 17
15, 2
15, 38
33, 34
33, 42
33, 1
33, 44
33, 45
33, 43
33, 41
10, 12
10, 11
10, 14
10, 13
10, 3
30, 31
30, 32
30, 4
24, 40
19, 24
19, 20
19, 27
19, 26
19, 23
19, 25
19, 28
19, 21
19, 22
9, 35
9, 8
9, 7
9, 36
9, 48
9, 47
9, 46
1, 63
1, 3
1, 40
1, 43
1, 2
1, 20
1, 73
1, 52
1, 30
1, 84
63, 70
63, 65
63, 68
63, 67
63, 64
63, 66
63, 69
63, 72
63, 71
3, 6
3, 7
3, 5
3, 9
3, 4
3, 10
3, 11
3, 8
3, 12
40, 63
40, 43
40, 73
40, 52
40, 42
40, 41
40, 83
40, 62
40, 70
43, 44
43, 45
43, 47
43, 49
43, 51
43, 48
43, 50
43, 46
43, 94
2, 3
2, 20
2, 14
2, 17
2, 13
2, 15
2, 16
2, 18
2, 19
20, 29
20, 22
20, 21
20, 26
20, 25
20, 28
20, 23
20, 27
20, 24
73, 77
73, 75
73, 74
73, 76
73, 81
73, 78
73, 82
73, 80
73, 79
52, 54
52, 58
52, 55
52, 57
52, 59
52, 60
52, 61
52, 53
52, 56
30, 35
30, 37
30, 34
30, 33
30, 31
30, 36
30, 38
30, 39
30, 32
84, 93
84, 92
84, 91
84, 90
84, 88
84, 89
84, 86
84, 85
84, 87
15, 28
15, 24
15, 48
15, 32
15, 17
15, 42
15, 43
15, 38
15, 26
28, 29
28, 30
28, 21
28, 22
28, 7
28, 16
28, 3
28, 19
28, 6
24, 26
24, 25
24, 23
24, 8
24, 27
32, 38
32, 37
32, 35
32, 33
32, 34
32, 36
32, 40
32, 10
32, 39
17, 18
17, 4
17, 12
17, 2
17, 50
17, 13
17, 31
17, 9
17, 5
17, 20
42, 43
42, 45
42, 46
42, 44
42, 47
42, 1
42, 41
38, 14
38, 49
38, 11
1, 75
1, 28
1, 4
1, 18
1, 55
1, 45
1, 35
1, 85
1, 65
1, 2
75, 82
75, 77
75, 78
75, 76
75, 83
75, 79
75, 80
75, 84
75, 81
28, 35
28, 34
28, 44
28, 40
28, 30
28, 38
28, 33
28, 29
28, 43
4, 9
4, 5
4, 11
4, 6
4, 10
4, 8
4, 7
4, 13
4, 12
18, 22
18, 25
18, 27
18, 23
18, 19
18, 26
18, 24
18, 21
18, 20
55, 62
55, 64
55, 60
55, 59
55, 61
55, 58
55, 57
55, 63
55, 56
45, 54
45, 52
45, 50
45, 51
45, 48
45, 46
45, 49
45, 47
45, 53
35, 40
35, 38
35, 37
35, 42
35, 36
35, 31
35, 32
35, 39
35, 41
85, 90
85, 88
85, 86
85, 87
85, 91
85, 89
85, 92
85, 93
85, 94
65, 68
65, 69
65, 66
65, 67
65, 70
65, 72
65, 71
65, 74
65, 73
2, 4
2, 15
2, 17
2, 3
2, 7
2, 9
2, 16
2, 14
2, 5
12, 53
12, 69
12, 33
12, 63
12, 76
12, 52
12, 23
12, 43
12, 13
53, 58
53, 61
53, 55
53, 54
53, 56
53, 59
53, 60
53, 57
53, 62
69, 76
69, 74
69, 72
69, 73
69, 75
69, 79
69, 77
69, 70
69, 71
33, 40
33, 35
33, 36
33, 41
33, 34
33, 39
33, 42
33, 38
33, 37
63, 68
63, 67
63, 66
63, 64
63, 65
63, 11
63, 10
63, 8
63, 9
76, 77
76, 78
76, 82
76, 6
76, 80
76, 81
76, 2
76, 7
76, 5
52, 74
52, 6
52, 84
52, 83
52, 85
52, 2
52, 4
52, 5
52, 1
23, 29
23, 26
23, 24
23, 28
23, 31
23, 32
23, 27
23, 25
23, 30
43, 46
43, 49
43, 45
43, 48
43, 47
43, 50
43, 44
43, 51
43, 3
13, 21
13, 18
13, 14
13, 19
13, 15
13, 22
13, 16
13, 17
13, 20
1, 22
1, 32
1, 81
1, 85
1, 51
1, 12
1, 71
1, 2
1, 61
1, 37
22, 23
22, 27
22, 30
22, 25
22, 31
22, 29
22, 26
22, 28
22, 24
32, 37
32, 48
32, 36
32, 50
32, 34
32, 35
32, 47
32, 49
32, 33
81, 85
81, 96
81, 97
81, 95
81, 83
81, 98
81, 84
81, 99
81, 82
85, 93
85, 89
85, 91
85, 86
85, 94
85, 90
85, 88
85, 92
85, 87
51, 55
51, 56
51, 53
51, 57
51, 52
51, 54
51, 58
51, 60
51, 59
12, 21
12, 18
12, 15
12, 16
12, 14
12, 20
12, 19
12, 13
12, 17
71, 72
71, 80
71, 75
71, 78
71, 79
71, 73
71, 74
71, 77
71, 76
2, 9
2, 7
2, 4
2, 10
2, 6
2, 11
2, 3
2, 5
2, 8
61, 70
61, 69
61, 63
61, 65
61, 66
61, 67
61, 64
61, 68
61, 62
37, 38
37, 44
37, 42
37, 45
37, 40
37, 46
37, 41
37, 39
37, 43
2, 13
2, 31
2, 46
2, 65
2, 22
2, 3
2, 26
2, 55
2, 69
13, 16
13, 17
13, 20
13, 21
13, 19
13, 1
13, 18
13, 15
13, 14
31, 33
31, 39
31, 38
31, 32
31, 37
31, 40
31, 34
31, 36
31, 35
46, 55
46, 48
46, 52
46, 51
46, 53
46, 49
46, 54
46, 47
46, 50
65, 69
65, 66
65, 77
65, 83
65, 78
65, 68
65, 82
65, 79
65, 81
22, 31
22, 26
22, 42
22, 28
22, 44
22, 23
22, 24
22, 45
22, 25
3, 12
3, 9
3, 4
3, 7
3, 10
3, 5
3, 8
3, 6
3, 11
26, 31
26, 28
26, 42
26, 41
26, 43
26, 39
26, 29
26, 27
26, 30
55, 56
55, 58
55, 61
55, 63
55, 60
55, 59
55, 64
55, 62
55, 57
69, 70
69, 73
69, 75
69, 71
69, 74
69, 72
69, 76
69, 67
69, 80
4, 54
4, 45
4, 66
4, 46
4, 70
4, 15
4, 35
4, 84
4, 25
4, 5
54, 60
54, 57
54, 62
54, 61
54, 59
54, 55
54, 58
54, 63
54, 56
45, 54
45, 46
45, 66
45, 70
45, 53
45, 65
45, 69
45, 64
45, 52
66, 68
66, 77
66, 76
66, 67
66, 80
66, 74
66, 79
66, 75
66, 78
46, 54
46, 53
46, 52
46, 51
46, 60
46, 50
46, 49
46, 47
46, 48
70, 71
70, 81
70, 83
70, 2
70, 1
70, 82
70, 73
70, 3
70, 72
15, 19
15, 21
15, 22
15, 24
15, 23
15, 18
15, 16
15, 17
15, 20
35, 43
35, 38
35, 44
35, 41
35, 36
35, 37
35, 40
35, 42
35, 39
84, 87
84, 92
84, 85
84, 88
84, 90
84, 93
84, 86
84, 91
84, 89
25, 30
25, 31
25, 34
25, 32
25, 28
25, 29
25, 33
25, 26
25, 27
5, 13
5, 7
5, 14
5, 9
5, 6
5, 11
5, 10
5, 12
5, 8
1, 44
1, 67
1, 56
1, 32
1, 2
1, 66
1, 12
1, 34
1, 22
44, 45
44, 50
44, 51
44, 52
44, 46
44, 53
44, 48
44, 47
44, 49
67, 68
56, 61
56, 65
56, 59
56, 62
56, 57
56, 64
56, 58
56, 60
56, 63
32, 44
32, 34
32, 42
32, 41
32, 55
32, 50
32, 45
32, 33
32, 43
2, 3
2, 4
2, 6
2, 11
2, 9
2, 5
2, 8
2, 7
2, 10
66, 67
66, 68
66, 75
66, 72
66, 70
66, 74
66, 73
66, 71
66, 69
12, 18
12, 20
12, 13
12, 16
12, 15
12, 19
12, 14
12, 17
12, 21
34, 39
34, 37
34, 40
34, 35
34, 38
34, 44
34, 36
34, 50
34, 54
22, 27
22, 23
22, 24
22, 30
22, 26
22, 28
22, 31
22, 29
22, 25
3, 67
3, 37
3, 17
3, 4
3, 13
3, 47
3, 27
3, 57
3, 61
67, 74
67, 69
67, 68
67, 71
67, 70
67, 72
67, 73
67, 75
67, 76
37, 44
37, 45
37, 42
37, 38
37, 41
37, 43
37, 39
37, 46
37, 40
17, 21
17, 23
17, 26
17, 19
17, 18
17, 22
17, 20
17, 25
17, 24
4, 12
4, 11
4, 9
4, 10
4, 8
4, 5
4, 1
4, 7
4, 6
13, 17
13, 14
13, 21
13, 23
13, 19
13, 16
13, 15
13, 18
13, 26
47, 52
47, 50
47, 48
47, 51
47, 54
47, 49
47, 53
47, 56
47, 55
27, 34
27, 30
27, 32
27, 35
27, 29
27, 33
27, 28
27, 36
27, 31
57, 61
57, 58
57, 59
57, 60
57, 64
57, 66
57, 65
57, 63
57, 62
61, 62
61, 2
9, 32
9, 15
9, 54
9, 69
9, 52
9, 64
9, 10
9, 44
9, 39
9, 24
32, 36
32, 33
32, 38
32, 35
32, 34
32, 37
15, 14
15, 17
15, 18
15, 16
15, 19
15, 1
54, 61
54, 59
54, 60
54, 57
54, 55
54, 56
54, 62
54, 63
54, 58
69, 8
69, 6
69, 2
69, 3
52, 53
64, 69
64, 68
64, 67
64, 8
64, 70
64, 65
64, 66
64, 7
64, 4
10, 15
10, 14
10, 13
10, 20
10, 21
10, 12
10, 22
10, 23
10, 11
44, 45
44, 46
44, 47
44, 49
44, 48
44, 50
44, 51
39, 41
39, 5
39, 40
39, 42
39, 43
39, 71
24, 27
24, 28
24, 30
24, 25
24, 26
24, 29
24, 31
24, 72
18, 51
18, 21
18, 54
18, 33
18, 57
18, 64
18, 44
18, 60
18, 62
51, 54
51, 57
51, 59
51, 60
51, 62
51, 61
51, 58
51, 52
51, 53
21, 25
21, 27
21, 22
21, 23
21, 28
21, 30
21, 29
21, 31
21, 24
54, 56
54, 55
54, 49
54, 7
54, 13
54, 2
54, 19
54, 4
54, 32
33, 34
33, 42
33, 38
33, 39
33, 41
33, 36
33, 35
33, 37
33, 40
57, 3
57, 43
57, 8
57, 14
57, 40
57, 16
57, 15
64, 66
64, 5
64, 68
64, 65
64, 67
64, 1
64, 11
64, 63
64, 20
44, 49
44, 50
44, 47
44, 45
44, 48
44, 46
44, 12
44, 10
44, 6
62, 51
62, 9
62, 59
62, 17
62, 26
1, 12
1, 62
1, 2
1, 72
1, 42
1, 52
1, 32
1, 22
1, 82
12, 20
12, 14
12, 16
12, 19
12, 13
12, 17
12, 15
12, 18
12, 21
62, 68
62, 63
62, 71
62, 70
62, 66
62, 67
62, 65
62, 64
62, 69
2, 3
2, 11
2, 9
2, 7
2, 8
2, 4
2, 5
2, 10
2, 6
72, 79
72, 73
72, 81
72, 76
72, 80
72, 74
72, 77
72, 75
72, 78
42, 45
42, 51
42, 44
42, 50
42, 46
42, 48
42, 43
42, 47
42, 49
52, 56
52, 53
52, 59
52, 57
52, 58
52, 60
52, 61
52, 54
52, 55
32, 35
32, 37
32, 33
32, 34
32, 39
32, 38
32, 40
32, 41
32, 36
22, 23
22, 27
22, 31
22, 24
22, 28
22, 26
22, 29
22, 25
22, 30
82, 83
82, 88
82, 90
82, 87
82, 85
82, 84
82, 89
82, 86
82, 91
15, 49
15, 38
15, 61
15, 27
15, 23
15, 71
15, 66
15, 78
15, 48
49, 53
49, 52
49, 55
49, 56
49, 50
49, 57
49, 51
49, 54
49, 58
38, 44
38, 47
38, 42
38, 45
38, 46
38, 41
38, 43
38, 40
38, 39
61, 21
61, 1
61, 62
61, 3
61, 16
61, 6
61, 59
61, 22
61, 5
27, 30
27, 33
27, 34
27, 29
27, 35
27, 36
27, 31
27, 28
27, 32
23, 25
23, 24
23, 17
23, 26
23, 81
23, 11
23, 64
23, 13
23, 12
71, 73
71, 74
71, 75
71, 77
71, 72
71, 76
71, 7
71, 63
71, 18
66, 68
66, 69
66, 70
66, 67
66, 10
66, 9
66, 82
78, 79
78, 80
78, 37
78, 14
78, 60
78, 8
48, 61
48, 21
48, 19
48, 2
48, 1
48, 20
48, 65
48, 62
48, 4
5, 53
5, 59
5, 67
5, 45
5, 25
5, 76
5, 6
5, 34
5, 17
53, 56
53, 58
53, 54
53, 57
53, 55
53, 83
53, 44
59, 63
59, 64
59, 61
59, 62
59, 60
67, 75
67, 71
67, 73
67, 69
67, 78
67, 74
67, 68
67, 70
67, 72
45, 46
45, 48
45, 47
45, 49
45, 50
45, 51
45, 3
45, 4
45, 2
25, 33
25, 29
25, 30
25, 27
25, 32
25, 28
25, 26
25, 31
76, 77
76, 14
76, 23
76, 79
76, 1
76, 21
76, 84
76, 52
76, 22
6, 9
6, 16
6, 7
6, 13
6, 12
6, 11
6, 15
6, 8
6, 10
34, 37
34, 41
34, 42
34, 43
34, 35
34, 39
34, 38
34, 40
34, 36
17, 19
17, 20
17, 18
17, 82
17, 65
17, 81
17, 80
17, 66
17, 24
1, 15
1, 56
1, 11
1, 26
1, 76
1, 66
1, 36
1, 85
1, 2
1, 46
15, 18
15, 21
15, 16
15, 20
15, 19
15, 23
15, 24
15, 17
15, 22
56, 61
56, 62
56, 57
56, 63
56, 65
56, 58
56, 60
56, 59
56, 64
11, 15
11, 26
11, 18
11, 35
11, 25
11, 12
11, 13
11, 14
11, 16
26, 33
26, 35
26, 34
26, 30
26, 32
26, 29
26, 27
26, 31
26, 28
76, 80
76, 78
76, 82
76, 83
76, 84
76, 77
76, 81
76, 95
76, 79
66, 69
66, 67
66, 71
66, 70
66, 68
66, 73
66, 72
66, 75
66, 74
36, 43
36, 40
36, 45
36, 44
36, 37
36, 42
36, 38
36, 39
36, 41
85, 89
85, 88
85, 86
85, 92
85, 91
85, 87
85, 93
85, 90
85, 94
2, 9
2, 5
2, 8
2, 10
2, 4
2, 6
2, 3
2, 7
2, 96
46, 53
46, 47
46, 55
46, 50
46, 48
46, 51
46, 52
46, 49
46, 54
1, 69
1, 12
1, 59
1, 79
1, 2
1, 49
1, 39
1, 22
1, 29
69, 75
69, 71
69, 78
69, 72
69, 76
69, 70
69, 74
69, 77
69, 73
12, 21
12, 20
12, 16
12, 13
12, 19
12, 14
12, 18
12, 15
12, 17
59, 65
59, 62
59, 64
59, 63
59, 68
59, 60
59, 61
59, 66
59, 67
79, 82
79, 83
79, 80
79, 84
79, 87
79, 86
79, 81
79, 85
79, 88
2, 11
2, 8
2, 3
2, 6
2, 10
2, 4
2, 5
2, 9
2, 7
49, 58
49, 57
49, 55
49, 53
49, 52
49, 51
49, 54
49, 50
49, 56
39, 42
39, 48
39, 45
39, 40
39, 46
39, 41
39, 43
39, 44
39, 47
22, 27
22, 26
22, 90
22, 24
22, 91
22, 25
22, 28
22, 89
22, 23
29, 37
29, 35
29, 30
29, 32
29, 31
29, 33
29, 36
29, 38
29, 34
5, 34
5, 21
5, 15
5, 8
5, 32
5, 6
5, 19
5, 30
5, 14
34, 62
34, 49
34, 50
34, 63
21, 27
21, 25
21, 24
21, 26
21, 22
21, 28
21, 23
21, 59
15, 16
15, 19
15, 17
15, 18
15, 20
15, 55
15, 46
15, 54
15, 56
8, 12
8, 10
8, 9
8, 11
8, 53
8, 13
8, 44
8, 38
8, 42
32, 34
32, 33
32, 62
32, 50
32, 25
32, 43
32, 37
32, 60
32, 48
32, 63
6, 7
6, 51
6, 67
6, 39
6, 3
6, 40
6, 52
19, 56
19, 29
19, 47
19, 1
19, 58
19, 65
19, 64
19, 45
19, 57
30, 31
30, 61
30, 2
30, 66
30, 41
14, 35
14, 4
14, 36
29, 61
29, 30
29, 37
29, 69
29, 72
29, 35
29, 44
29, 57
29, 49
29, 31
61, 69
61, 68
61, 63
61, 64
61, 65
61, 70
61, 66
61, 77
61, 67
30, 3
30, 32
30, 7
30, 2
30, 8
30, 6
30, 4
30, 9
30, 5
37, 18
37, 38
37, 41
37, 20
37, 19
37, 43
37, 40
37, 39
37, 42
69, 48
69, 78
69, 79
69, 74
69, 62
72, 73
72, 71
72, 27
72, 28
35, 11
35, 13
35, 10
35, 36
35, 12
35, 14
35, 15
35, 17
35, 16
44, 46
44, 45
44, 24
44, 26
44, 21
44, 47
44, 25
44, 22
44, 23
57, 60
57, 59
57, 58
57, 75
57, 76
49, 54
49, 51
49, 56
49, 1
49, 55
49, 53
49, 52
49, 50
49, 80
31, 33
31, 34
31, 32
1, 71
1, 51
1, 30
1, 41
1, 12
1, 81
1, 2
1, 61
1, 23
71, 80
71, 78
71, 79
71, 77
71, 74
71, 76
71, 73
71, 72
71, 75
51, 54
51, 60
51, 57
51, 56
51, 55
51, 59
51, 52
51, 53
51, 58
30, 39
30, 33
30, 32
30, 34
30, 36
30, 31
30, 38
30, 35
30, 37
41, 43
41, 47
41, 49
41, 48
41, 44
41, 50
41, 46
41, 45
41, 42
12, 15
12, 20
12, 21
12, 16
12, 17
12, 18
12, 13
12, 14
12, 19
81, 90
81, 88
81, 82
81, 85
81, 84
81, 87
81, 83
81, 89
81, 86
2, 4
2, 9
2, 6
2, 3
2, 7
2, 5
2, 10
2, 8
2, 11
61, 64
61, 69
61, 68
61, 66
61, 63
61, 65
61, 70
61, 67
61, 62
23, 28
23, 27
23, 24
23, 40
23, 25
23, 29
23, 26
23, 91
23, 22
22, 49
22, 51
22, 43
22, 29
22, 50
22, 28
22, 27
22, 42
22, 41
49, 23
49, 40
49, 5
49, 16
49, 14
49, 38
49, 39
49, 1
49, 24
51, 52
51, 54
51, 53
51, 12
51, 3
51, 4
51, 65
51, 18
51, 66
43, 46
43, 45
43, 48
43, 44
43, 47
43, 11
43, 19
43, 57
43, 9
29, 32
29, 31
29, 33
29, 37
29, 30
29, 34
29, 36
29, 35
29, 7
50, 55
50, 25
50, 6
50, 53
50, 8
28, 29
28, 32
28, 31
28, 33
28, 37
28, 34
28, 30
28, 35
28, 36
27, 63
27, 13
27, 64
27, 61
27, 2
27, 59
27, 60
27, 62
27, 15
42, 43
42, 46
42, 45
42, 44
42, 48
42, 47
42, 58
42, 20
42, 10
41, 17
41, 21
41, 26
41, 56
49, 50
49, 52
49, 54
49, 16
49, 6
49, 53
49, 51
49, 26
49, 35
49, 58
50, 55
50, 51
50, 80
50, 78
50, 79
52, 84
52, 81
54, 4
54, 83
54, 1
54, 2
54, 85
54, 82
54, 5
54, 75
54, 70
16, 19
16, 22
16, 23
16, 25
16, 18
16, 17
16, 21
16, 24
16, 20
6, 8
6, 13
6, 9
6, 15
6, 14
6, 10
6, 7
6, 11
6, 12
53, 56
53, 46
53, 45
53, 6
53, 16
53, 57
53, 35
53, 48
53, 47
51, 71
51, 67
51, 76
51, 3
51, 74
51, 73
51, 69
51, 68
51, 72
26, 29
26, 31
26, 28
26, 32
26, 27
26, 34
26, 77
26, 33
26, 30
35, 39
35, 43
35, 42
35, 40
35, 44
35, 37
35, 38
35, 36
35, 41
58, 64
58, 86
58, 60
58, 65
58, 62
58, 66
58, 63
58, 59
58, 61
14, 37
14, 22
14, 26
14, 35
14, 20
14, 30
14, 34
14, 39
14, 33
37, 38
37, 13
37, 10
37, 1
37, 11
37, 3
22, 23
22, 27
22, 26
22, 25
22, 28
22, 24
22, 7
22, 2
22, 9
26, 5
26, 45
26, 6
35, 36
35, 8
35, 46
20, 21
20, 32
20, 31
20, 34
20, 15
20, 29
20, 18
20, 17
20, 16
30, 40
30, 42
30, 41
30, 19
33, 44
33, 43
33, 12
33, 4
24, 32
24, 38
24, 42
24, 50
24, 60
24, 28
24, 65
24, 47
24, 40
32, 34
32, 35
32, 37
32, 36
32, 33
32, 18
32, 19
32, 5
32, 14
38, 39
38, 49
38, 66
38, 25
38, 59
38, 48
38, 2
38, 3
38, 70
42, 44
42, 43
42, 11
42, 46
42, 45
42, 13
42, 15
42, 10
42, 4
50, 57
50, 56
50, 54
50, 52
50, 51
50, 55
50, 58
50, 53
50, 7
60, 61
60, 21
60, 62
60, 63
60, 68
60, 26
60, 1
60, 6
60, 8
28, 32
28, 34
28, 35
28, 29
28, 37
28, 36
28, 30
28, 33
28, 31
65, 12
65, 27
65, 17
65, 16
65, 9
47, 20
47, 67
47, 22
47, 64
47, 69
47, 23
40, 41
13, 18
13, 23
13, 16
13, 25
13, 27
13, 14
13, 22
13, 24
13, 15
18, 38
18, 21
18, 19
18, 20
18, 30
18, 44
18, 3
18, 4
18, 43
18, 1
16, 17
16, 29
16, 9
16, 40
16, 31
16, 6
16, 42
16, 55
16, 39
25, 26
27, 28
27, 2
27, 10
27, 46
27, 53
14, 16
14, 17
22, 41
22, 49
22, 47
22, 50
22, 48
22, 51
22, 52
22, 8
22, 33
24, 1
24, 12
24, 32
15, 37
15, 35
15, 34
15, 36
15, 45
15, 54
15, 5
15, 11
15, 7
1, 52
1, 85
1, 22
1, 12
1, 75
1, 32
1, 42
1, 2
1, 58
1, 68
52, 85
52, 75
52, 68
52, 58
52, 56
52, 54
52, 57
52, 55
52, 53
85, 88
85, 91
85, 86
85, 94
85, 87
85, 92
85, 89
85, 93
85, 90
22, 28
22, 31
22, 23
22, 30
22, 27
22, 29
22, 25
22, 26
22, 24
12, 20
12, 17
12, 16
12, 21
12, 14
12, 18
12, 19
12, 15
12, 13
75, 78
75, 82
75, 80
75, 84
75, 81
75, 83
75, 79
75, 77
75, 76
32, 33
32, 38
32, 35
32, 37
32, 34
32, 40
32, 41
32, 36
32, 39
42, 48
42, 46
42, 44
42, 49
42, 47
42, 45
42, 50
42, 51
42, 43
2, 6
2, 10
2, 9
2, 7
2, 11
2, 4
2, 5
2, 3
2, 8
58, 60
58, 61
58, 66
58, 62
58, 65
58, 67
58, 64
58, 59
58, 63
68, 75
68, 70
68, 71
68, 78
68, 74
68, 72
68, 82
68, 69
68, 73
8, 35
8, 12
8, 23
8, 49
8, 40
8, 19
8, 30
8, 53
8, 33
35, 40
35, 44
35, 39
35, 42
35, 45
35, 43
35, 36
35, 37
35, 46
12, 19
12, 15
12, 21
12, 22
12, 14
12, 13
12, 18
12, 17
12, 16
23, 26
23, 28
23, 25
23, 29
23, 24
23, 27
23, 68
23, 67
23, 63
49, 53
49, 58
49, 57
49, 51
49, 54
49, 56
49, 55
49, 52
49, 50
40, 41
40, 5
40, 65
40, 64
40, 9
40, 3
40, 6
19, 21
19, 20
19, 22
19, 66
19, 10
19, 7
30, 31
30, 11
30, 68
30, 48
30, 47
30, 32
30, 70
30, 71
30, 2
53, 57
53, 54
53, 58
53, 55
53, 61
53, 60
53, 59
53, 62
53, 56
33, 34
33, 38
33, 1
33, 39
33, 4
33, 69
9, 23
9, 38
9, 33
9, 21
9, 46
9, 10
9, 36
9, 40
9, 20
23, 27
23, 25
23, 31
23, 24
23, 26
23, 30
23, 29
23, 32
23, 28
38, 39
38, 17
38, 1
38, 11
38, 5
38, 52
38, 6
38, 51
38, 58
33, 36
33, 35
33, 34
33, 37
33, 56
33, 4
33, 54
33, 57
33, 53
21, 22
21, 55
46, 50
46, 48
46, 3
10, 18
10, 11
10, 17
10, 19
10, 12
10, 15
10, 13
10, 16
10, 14
40, 41
40, 44
40, 43
40, 42
40, 47
40, 45
40, 7
40, 49
40, 2
20, 8
19, 35
19, 24
19, 32
19, 44
19, 38
19, 29
19, 46
19, 27
19, 43
35, 36
35, 34
35, 11
35, 20
35, 31
35, 12
24, 27
24, 25
24, 1
24, 26
24, 28
24, 16
24, 6
24, 2
24, 4
32, 19
32, 13
32, 48
32, 7
44, 14
44, 55
44, 24
44, 52
38, 39
38, 41
38, 40
38, 42
38, 15
38, 10
38, 5
38, 8
38, 9
29, 47
29, 30
29, 33
29, 37
29, 23
29, 21
29, 22
29, 18
46, 54
46, 51
46, 17
46, 18
27, 24
27, 3
27, 45
43, 49
43, 53
43, 50
16, 24
16, 19
16, 18
16, 22
16, 17
16, 11
16, 25
16, 21
16, 23
16, 20
19, 8
19, 4
19, 16
18, 7
18, 11
18, 9
18, 45
18, 6
22, 37
22, 30
22, 29
22, 10
17, 47
17, 41
11, 48
11, 15
11, 14
11, 12
11, 13
11, 5
11, 35
11, 46
11, 1
25, 33
25, 32
25, 34
25, 16
25, 31
21, 22
21, 23
21, 42
21, 38
21, 3
21, 7
21, 2
21, 44
21, 36
23, 39
23, 43
23, 40
23, 42
23, 44
20, 27
20, 28
20, 26
15, 25
15, 18
15, 23
15, 24
15, 22
15, 20
15, 21
15, 4
15, 16
25, 11
25, 29
25, 26
25, 28
25, 27
25, 39
25, 12
25, 41
25, 3
18, 19
18, 17
18, 14
23, 30
23, 31
23, 2
23, 7
23, 40
23, 35
23, 28
23, 8
24, 32
24, 33
24, 38
24, 37
24, 34
20, 24
20, 22
20, 1
20, 36
4, 12
4, 11
4, 6
4, 9
4, 10
4, 7
4, 5
4, 3
4, 13
33, 42
33, 59
33, 41
33, 34
33, 52
33, 54
33, 67
33, 36
33, 64
42, 49
42, 43
42, 50
42, 44
42, 48
42, 47
42, 46
42, 45
42, 51
59, 60
59, 63
59, 61
59, 62
59, 49
59, 31
59, 66
59, 32
59, 65
41, 18
41, 52
41, 27
41, 19
41, 20
41, 8
34, 35
34, 42
34, 52
52, 53
52, 3
52, 28
52, 37
52, 17
52, 5
52, 24
52, 40
52, 2
54, 56
54, 55
54, 57
54, 13
54, 7
54, 11
54, 12
54, 9
54, 10
67, 14
67, 22
67, 4
67, 69
67, 6
36, 25
36, 58
36, 21
36, 23
36, 1
36, 30
36, 39
36, 15
36, 38
64, 29
64, 16
64, 68
64, 26
1, 26
1, 42
1, 32
1, 38
1, 50
1, 21
1, 4
1, 10
1, 37
26, 32
26, 29
26, 27
26, 35
26, 28
26, 34
26, 30
26, 31
26, 36
42, 43
42, 60
42, 38
32, 33
32, 17
32, 63
32, 3
32, 64
32, 61
38, 42
38, 46
38, 40
38, 44
38, 45
38, 41
38, 47
38, 39
38, 48
50, 52
50, 53
50, 56
50, 57
50, 58
50, 51
50, 55
50, 54
50, 62
21, 26
21, 38
21, 59
21, 25
21, 2
21, 65
4, 6
4, 5
4, 7
4, 8
4, 28
4, 24
4, 22
4, 9
4, 23
10, 18
10, 20
10, 15
10, 12
10, 16
10, 13
10, 19
10, 14
10, 11
37, 26
37, 1
37, 49
26, 29
26, 37
26, 3
26, 28
26, 30
26, 35
26, 32
26, 40
26, 43
29, 42
29, 46
29, 47
29, 11
29, 8
29, 13
29, 16
29, 17
29, 15
37, 38
37, 50
37, 48
37, 9
37, 10
3, 7
3, 2
28, 1
28, 6
28, 55
28, 54
28, 53
28, 23
28, 51
28, 45
28, 12
30, 18
30, 29
30, 52
30, 31
30, 15
35, 18
35, 36
35, 31
35, 49
35, 14
35, 5
35, 38
32, 33
32, 41
32, 34
40, 44
40, 24
40, 25
40, 39
40, 27
43, 22
43, 19
43, 21
43, 4
43, 20
23, 32
23, 28
23, 27
23, 34
23, 24
23, 31
23, 26
23, 25
23, 33
32, 40
27, 29
27, 28
27, 30
27, 42
34, 10
34, 3
34, 47
34, 12
34, 11
34, 44
24, 18
24, 15
24, 20
24, 14
24, 1
24, 19
24, 17
24, 16
24, 13
31, 37
31, 38
31, 39
31, 36
26, 21
26, 35
26, 22
26, 6
26, 46
25, 4
25, 41
25, 9
25, 5
25, 43
33, 7
33, 45
33, 8
33, 2
33, 46
13, 30
13, 52
13, 17
13, 28
13, 41
13, 27
13, 15
13, 48
13, 45
30, 36
30, 31
30, 33
30, 40
30, 38
30, 34
30, 32
30, 37
30, 35
52, 53
52, 54
52, 9
52, 38
52, 10
52, 6
52, 39
52, 57
52, 2
17, 27
17, 21
17, 26
17, 18
17, 22
17, 24
17, 19
17, 20
17, 23
28, 29
28, 12
28, 55
41, 44
41, 43
41, 36
41, 42
41, 47
41, 14
27, 17
27, 25
15, 16
15, 3
15, 59
15, 11
15, 33
15, 58
15, 56
48, 52
48, 49
48, 50
48, 53
48, 54
48, 51
48, 60
48, 38
48, 1
45, 46
45, 7
45, 4
45, 5
45, 8
8, 52
8, 29
8, 37
8, 22
8, 13
8, 50
8, 10
8, 24
8, 47
8, 26
52, 55
52, 53
52, 54
52, 56
29, 33
29, 34
29, 36
29, 35
29, 32
29, 7
29, 31
29, 30
29, 49
37, 39
37, 45
37, 44
37, 42
37, 41
37, 43
37, 46
37, 38
37, 40
22, 23
22, 4
22, 59
22, 5
13, 60
13, 19
13, 18
13, 14
13, 21
13, 15
13, 16
13, 17
13, 20
50, 51
10, 3
10, 11
10, 58
10, 61
10, 2
24, 25
24, 26
24, 27
24, 28
24, 57
24, 12
24, 9
47, 48
47, 62
47, 1
47, 6
26, 27
26, 12
26, 9
2, 15
2, 44
2, 17
2, 29
2, 11
2, 3
2, 34
2, 10
2, 42
15, 17
15, 26
15, 18
15, 21
15, 23
15, 24
15, 22
15, 25
15, 16
44, 49
44, 50
44, 47
44, 51
44, 48
44, 46
44, 45
44, 54
44, 27
17, 18
17, 19
17, 20
17, 14
17, 57
29, 31
29, 32
29, 30
11, 56
11, 59
11, 28
11, 33
3, 11
3, 10
3, 8
3, 9
3, 13
3, 4
3, 7
3, 12
3, 5
34, 38
34, 37
34, 36
34, 35
34, 39
34, 40
34, 65
34, 1
34, 66
10, 11
10, 59
10, 52
10, 28
10, 55
10, 6
10, 41
42, 43
42, 61
42, 63
42, 60
42, 62
42, 53
42, 58
42, 64
3, 24
3, 14
3, 48
3, 4
3, 34
3, 44
3, 58
3, 78
3, 68
24, 26
24, 25
24, 28
24, 31
24, 32
24, 30
24, 27
24, 29
24, 33
14, 16
14, 15
14, 17
14, 18
14, 20
14, 23
14, 19
14, 22
14, 21
48, 57
48, 50
48, 55
48, 49
48, 56
48, 51
48, 52
48, 54
48, 53
4, 10
4, 9
4, 7
4, 5
4, 12
4, 13
4, 8
4, 6
4, 11
34, 41
34, 43
34, 42
34, 40
34, 35
34, 38
34, 39
34, 37
34, 36
44, 48
44, 57
44, 50
44, 49
44, 47
44, 55
44, 46
44, 45
44, 56
58, 62
58, 60
58, 61
58, 66
58, 64
58, 59
58, 67
58, 63
58, 65
78, 79
78, 80
78, 2
78, 1
78, 81
78, 82
78, 85
78, 83
78, 84
68, 72
68, 75
68, 76
68, 73
68, 70
68, 69
68, 77
68, 71
68, 74
32, 36
32, 34
32, 38
32, 35
32, 33
32, 37
32, 7
32, 30
32, 5
36, 37
36, 20
36, 25
36, 39
34, 15
38, 2
38, 17
38, 27
38, 1
38, 19
38, 28
38, 18
38, 26
38, 29
35, 22
35, 23
35, 24
33, 40
7, 12
7, 13
7, 11
7, 10
7, 8
7, 14
7, 9
7, 16
7, 21
30, 31
5, 7
5, 4
5, 6
5, 3
27, 36
27, 7
27, 41
27, 30
27, 32
27, 17
27, 29
27, 28
27, 33
36, 40
36, 37
36, 38
36, 39
36, 59
36, 1
36, 60
36, 5
36, 4
7, 10
7, 14
7, 13
7, 15
7, 9
7, 11
7, 8
7, 16
7, 12
41, 42
41, 57
41, 54
41, 49
41, 48
41, 50
30, 56
30, 31
32, 36
32, 41
32, 33
32, 35
32, 34
32, 42
32, 43
32, 44
32, 37
17, 21
17, 25
17, 24
17, 19
17, 23
17, 22
17, 20
17, 26
17, 18
29, 3
29, 6
29, 63
29, 64
29, 2
29, 51
29, 4
29, 46
29, 53
28, 62
28, 61
28, 48
28, 58
28, 45
28, 55
28, 47
28, 39
28, 52
1, 41
1, 31
1, 2
1, 88
1, 78
1, 21
1, 68
1, 11
1, 43
1, 53
41, 43
41, 53
41, 66
41, 67
41, 65
41, 63
41, 57
41, 42
41, 64
31, 37
31, 34
31, 40
31, 36
31, 33
31, 35
31, 38
31, 39
31, 32
2, 5
2, 10
2, 4
2, 8
2, 97
2, 7
2, 6
2, 3
2, 9
88, 91
88, 93
88, 94
88, 98
88, 96
88, 90
88, 95
88, 92
88, 89
78, 81
78, 82
78, 87
78, 85
78, 83
78, 86
78, 84
78, 79
78, 80
21, 27
21, 29
21, 26
21, 30
21, 25
21, 23
21, 28
21, 24
21, 22
68, 74
68, 75
68, 73
68, 76
68, 71
68, 69
68, 72
68, 77
68, 70
11, 20
11, 14
11, 18
11, 17
11, 16
11, 13
11, 19
11, 12
11, 15
43, 50
43, 46
43, 45
43, 52
43, 48
43, 49
43, 47
43, 51
43, 44
53, 57
53, 56
53, 62
53, 58
53, 59
53, 60
53, 54
53, 55
53, 61
4, 49
4, 45
4, 58
4, 5
4, 25
4, 78
4, 68
4, 15
4, 35
49, 53
49, 2
49, 55
49, 56
49, 1
49, 54
49, 50
49, 52
49, 51
45, 49
45, 48
45, 47
45, 53
45, 2
45, 1
45, 56
45, 46
45, 57
58, 63
58, 59
58, 62
58, 64
58, 61
58, 65
58, 66
58, 60
58, 67
5, 13
5, 11
5, 8
5, 10
5, 9
5, 14
5, 6
5, 7
5, 12
25, 32
25, 26
25, 34
25, 27
25, 29
25, 31
25, 30
25, 33
25, 28
78, 79
78, 82
78, 85
78, 80
78, 84
78, 86
78, 81
78, 83
78, 3
68, 69
68, 75
68, 71
68, 74
68, 73
68, 72
68, 70
68, 76
68, 77
15, 16
15, 20
15, 23
15, 18
15, 19
15, 22
15, 21
15, 17
15, 24
35, 44
35, 39
35, 37
35, 43
35, 38
35, 41
35, 40
35, 42
35, 36
2, 51
2, 41
2, 3
2, 70
2, 13
2, 23
2, 76
2, 29
2, 60
51, 57
51, 54
51, 59
51, 52
51, 56
51, 55
51, 58
51, 53
51, 1
41, 46
41, 43
41, 42
41, 50
41, 49
41, 44
41, 47
41, 48
41, 45
3, 6
3, 11
3, 9
3, 4
3, 5
3, 7
3, 10
3, 12
3, 8
70, 76
70, 72
70, 73
70, 87
70, 71
70, 77
70, 86
70, 75
70, 74
13, 18
13, 14
13, 15
13, 21
13, 19
13, 22
13, 16
13, 17
13, 20
23, 29
23, 24
23, 34
23, 26
23, 39
23, 40
23, 27
23, 28
23, 25
76, 77
76, 82
76, 84
76, 80
76, 78
76, 83
76, 81
76, 79
76, 85
29, 34
29, 33
29, 36
29, 37
29, 38
29, 31
29, 32
29, 35
29, 30
60, 69
60, 66
60, 63
60, 68
60, 67
60, 64
60, 62
60, 61
60, 65
29, 36
29, 41
29, 38
29, 39
29, 30
29, 34
29, 48
29, 52
29, 49
36, 20
36, 25
36, 37
36, 35
36, 23
41, 46
41, 43
41, 47
41, 45
41, 3
41, 42
41, 44
41, 16
41, 56
38, 18
38, 36
38, 20
38, 13
38, 21
38, 22
38, 63
38, 70
38, 14
39, 26
39, 40
39, 64
39, 24
39, 2
39, 57
30, 33
30, 32
30, 31
30, 67
30, 59
30, 54
30, 73
30, 58
30, 65
34, 36
34, 35
34, 37
34, 5
34, 17
34, 15
34, 1
34, 60
34, 71
48, 28
48, 61
48, 27
48, 4
48, 62
48, 19
52, 53
52, 66
52, 6
52, 9
52, 8
52, 12
52, 11
52, 10
52, 7
49, 65
49, 51
49, 50
49, 69
49, 55
49, 72
49, 67
49, 59
49, 68
1, 50
1, 2
1, 12
1, 70
1, 60
1, 80
1, 35
1, 22
1, 32
50, 53
50, 55
50, 58
50, 52
50, 59
50, 51
50, 57
50, 54
50, 56
2, 5
2, 4
2, 11
2, 10
2, 7
2, 9
2, 3
2, 8
2, 6
12, 21
12, 14
12, 19
12, 18
12, 16
12, 13
12, 15
12, 20
12, 17
70, 75
70, 76
70, 74
70, 72
70, 77
70, 71
70, 78
70, 79
70, 73
60, 65
60, 69
60, 62
60, 66
60, 64
60, 63
60, 68
60, 61
60, 67
80, 86
80, 88
80, 84
80, 87
80, 89
80, 82
80, 85
80, 81
80, 83
35, 37
35, 42
35, 34
35, 39
35, 40
35, 43
35, 38
35, 36
35, 41
22, 30
22, 31
22, 29
22, 26
22, 27
22, 28
22, 25
22, 24
22, 23
32, 50
32, 35
32, 44
32, 33
32, 48
32, 47
32, 49
32, 46
32, 45
1, 22
1, 61
1, 81
1, 51
1, 91
1, 41
1, 12
1, 2
1, 25
1, 71
22, 25
22, 24
22, 35
22, 37
22, 36
22, 23
22, 38
22, 39
22, 40
61, 66
61, 69
61, 63
61, 65
61, 62
61, 64
61, 70
61, 67
61, 68
81, 90
81, 88
81, 86
81, 85
81, 84
81, 83
81, 82
81, 89
81, 87
51, 59
51, 55
51, 52
51, 58
51, 56
51, 60
51, 57
51, 54
51, 53
91, 92
91, 98
91, 100
91, 97
91, 99
91, 96
91, 93
91, 94
91, 95
41, 44
41, 45
41, 43
41, 47
41, 46
41, 48
41, 49
41, 42
41, 50
12, 13
12, 20
12, 14
12, 15
12, 18
12, 17
12, 19
12, 16
12, 21
2, 4
2, 10
2, 7
2, 3
2, 11
2, 6
2, 5
2, 8
2, 9
25, 29
25, 26
25, 32
25, 30
25, 27
25, 33
25, 28
25, 34
25, 31
71, 76
71, 72
71, 78
71, 73
71, 80
71, 74
71, 77
71, 75
71, 79
1, 41
1, 22
1, 31
1, 81
1, 12
1, 61
1, 71
1, 51
1, 2
41, 44
41, 45
41, 49
41, 43
41, 42
41, 47
41, 48
41, 50
41, 46
22, 31
22, 27
22, 28
22, 25
22, 23
22, 30
22, 29
22, 26
22, 24
31, 35
31, 40
31, 36
31, 34
31, 32
31, 37
31, 39
31, 33
31, 38
81, 87
81, 89
81, 86
81, 85
81, 90
81, 88
81, 83
81, 82
81, 84
12, 16
12, 20
12, 17
12, 14
12, 13
12, 21
12, 19
12, 15
12, 18
61, 66
61, 67
61, 68
61, 63
61, 70
61, 69
61, 64
61, 62
61, 65
71, 76
71, 72
71, 78
71, 73
71, 79
71, 80
71, 75
71, 74
71, 77
51, 56
51, 54
51, 58
51, 53
51, 52
51, 55
51, 60
51, 59
51, 57
2, 9
2, 7
2, 11
2, 3
2, 5
2, 4
2, 6
2, 8
2, 10
25, 37
25, 35
25, 48
25, 10
25, 28
25, 41
25, 33
25, 26
25, 56
37, 43
37, 45
37, 42
37, 41
37, 46
37, 44
37, 39
37, 38
37, 40
35, 37
35, 43
35, 45
35, 41
35, 36
35, 42
35, 47
35, 46
35, 44
48, 50
48, 52
48, 49
48, 51
48, 53
48, 4
48, 23
48, 24
48, 5
10, 17
10, 11
10, 19
10, 16
10, 14
10, 15
10, 18
10, 13
10, 12
28, 31
28, 29
28, 32
28, 30
28, 7
28, 21
28, 43
28, 22
28, 36
33, 48
33, 37
33, 35
33, 43
33, 45
33, 54
33, 34
33, 41
33, 55
26, 8
26, 27
26, 1
26, 20
26, 2
26, 9
26, 3
26, 6
1, 73
1, 72
1, 2
1, 82
1, 22
1, 32
1, 42
1, 12
1, 62
1, 52
73, 82
73, 79
73, 75
73, 76
73, 74
73, 80
73, 81
73, 77
73, 78
72, 73
72, 82
72, 79
72, 75
72, 76
72, 93
72, 94
72, 74
72, 92
2, 10
2, 8
2, 11
2, 5
2, 4
2, 3
2, 6
2, 7
2, 9
82, 90
82, 87
82, 84
82, 86
82, 83
82, 91
82, 88
82, 85
82, 89
22, 31
22, 26
22, 27
22, 24
22, 29
22, 25
22, 28
22, 30
22, 23
32, 37
32, 38
32, 39
32, 40
32, 34
32, 35
32, 36
32, 41
32, 33
42, 49
42, 46
42, 47
42, 45
42, 50
42, 44
42, 48
42, 51
42, 43
12, 20
12, 18
12, 19
12, 17
12, 14
12, 21
12, 15
12, 13
12, 16
62, 65
62, 68
62, 66
62, 64
62, 70
62, 71
62, 67
62, 63
62, 69
52, 58
52, 53
52, 56
52, 57
52, 60
52, 59
52, 55
52, 54
52, 61
1, 40
1, 30
1, 59
1, 69
1, 2
1, 79
1, 89
1, 47
1, 7
1, 20
40, 47
40, 42
40, 57
40, 46
40, 41
40, 44
40, 43
40, 45
40, 58
30, 33
30, 35
30, 37
30, 34
30, 32
30, 31
30, 36
30, 39
30, 38
59, 63
59, 66
59, 67
59, 68
59, 62
59, 60
59, 64
59, 61
59, 65
69, 74
69, 77
69, 72
69, 78
69, 76
69, 75
69, 73
69, 71
69, 70
2, 7
2, 16
2, 18
2, 5
2, 4
2, 6
2, 17
2, 3
2, 19
79, 88
79, 80
79, 84
79, 82
79, 86
79, 83
79, 85
79, 87
79, 81
89, 96
89, 90
89, 95
89, 94
89, 93
89, 91
89, 97
89, 98
89, 92
47, 50
47, 56
47, 48
47, 54
47, 53
47, 55
47, 52
47, 51
47, 49
7, 16
7, 11
7, 14
7, 12
7, 13
7, 8
7, 9
7, 15
7, 10
20, 23
20, 27
20, 22
20, 21
20, 29
20, 26
20, 25
20, 28
20, 24
1, 30
1, 6
1, 40
1, 44
1, 77
1, 55
1, 16
1, 2
1, 67
30, 33
30, 39
30, 31
30, 32
30, 37
30, 35
30, 34
30, 38
30, 36
6, 15
6, 11
6, 13
6, 10
6, 7
6, 8
6, 12
6, 14
6, 9
40, 55
40, 44
40, 67
40, 54
40, 43
40, 66
40, 42
40, 65
40, 41
44, 45
44, 46
44, 47
44, 48
44, 49
44, 50
44, 53
44, 52
44, 51
77, 84
77, 82
77, 80
77, 81
77, 85
77, 83
77, 79
77, 78
77, 86
55, 60
55, 64
55, 58
55, 63
55, 59
55, 57
55, 56
55, 61
55, 62
16, 19
16, 17
16, 21
16, 18
16, 25
16, 23
16, 22
16, 20
16, 24
2, 6
2, 16
2, 4
2, 5
2, 3
2, 29
2, 28
2, 27
2, 26
67, 71
67, 72
67, 69
67, 73
67, 74
67, 76
67, 68
67, 70
67, 75
31, 88
31, 21
31, 52
31, 73
31, 62
31, 72
31, 1
31, 42
31, 32
31, 11
88, 92
88, 89
88, 95
88, 90
88, 96
88, 97
88, 91
88, 93
88, 94
21, 29
21, 28
21, 22
21, 26
21, 24
21, 23
21, 27
21, 30
21, 25
52, 57
52, 59
52, 56
52, 54
52, 58
52, 60
52, 61
52, 55
52, 53
73, 75
73, 79
73, 78
73, 81
73, 80
73, 82
73, 74
73, 77
73, 76
62, 69
62, 63
62, 70
62, 66
62, 68
62, 67
62, 64
62, 71
62, 65
72, 73
72, 86
72, 87
72, 79
72, 78
72, 85
72, 84
72, 83
72, 81
1, 4
1, 3
1, 2
1, 5
1, 6
1, 7
1, 8
1, 9
1, 10
42, 45
42, 50
42, 44
42, 43
42, 51
42, 49
42, 46
42, 48
42, 47
32, 36
32, 34
32, 39
32, 37
32, 33
32, 38
32, 41
32, 40
32, 35
11, 16
11, 19
11, 15
11, 13
11, 12
11, 14
11, 18
11, 20
11, 17
2, 42
2, 52
2, 3
2, 57
2, 22
2, 78
2, 32
2, 8
2, 68
42, 46
42, 49
42, 43
42, 48
42, 45
42, 51
42, 50
42, 44
42, 47
52, 57
52, 56
52, 55
52, 66
52, 63
52, 54
52, 1
52, 53
52, 67
3, 8
3, 18
3, 21
3, 7
3, 6
3, 4
3, 19
3, 5
3, 20
57, 63
57, 1
57, 58
57, 59
57, 61
57, 64
57, 62
57, 65
57, 60
22, 28
22, 25
22, 30
22, 23
22, 26
22, 27
22, 24
22, 29
22, 31
78, 83
78, 82
78, 84
78, 86
78, 80
78, 87
78, 81
78, 79
78, 85
32, 34
32, 41
32, 37
32, 36
32, 35
32, 33
32, 40
32, 38
32, 39
8, 15
8, 17
8, 9
8, 14
8, 16
8, 13
8, 11
8, 10
8, 12
68, 75
68, 73
68, 70
68, 77
68, 74
68, 69
68, 76
68, 71
68, 72
13, 23
13, 27
13, 18
13, 24
13, 16
13, 21
13, 26
13, 14
13, 19
23, 33
23, 30
23, 29
23, 41
23, 31
23, 32
27, 28
27, 8
27, 48
27, 6
27, 20
27, 5
18, 34
18, 35
18, 17
24, 42
24, 43
24, 36
24, 22
24, 25
24, 45
16, 10
16, 11
16, 9
21, 40
21, 44
21, 38
21, 1
21, 39
26, 46
26, 47
26, 37
14, 15
14, 12
14, 2
19, 20
19, 7
19, 3
19, 5
19, 4
42, 18
42, 19
42, 1
42, 47
42, 43
42, 44
42, 45
42, 68
42, 48
18, 19
18, 32
18, 36
18, 34
18, 40
18, 41
18, 29
18, 39
18, 33
19, 23
19, 25
19, 28
19, 21
19, 26
19, 27
19, 22
19, 20
19, 24
1, 3
1, 7
1, 9
1, 2
1, 4
1, 10
1, 5
1, 8
1, 6
47, 34
47, 55
47, 7
47, 50
47, 11
47, 78
47, 73
47, 35
47, 54
43, 30
43, 31
43, 12
43, 58
43, 53
43, 13
43, 14
43, 51
43, 16
44, 57
44, 61
44, 62
44, 58
44, 56
44, 38
44, 63
44, 59
44, 60
45, 65
45, 46
45, 52
45, 67
45, 66
45, 17
45, 37
45, 64
45, 15
68, 69
68, 71
68, 70
68, 73
68, 76
68, 72
68, 74
68, 77
68, 75
48, 49
19, 41
19, 36
19, 33
19, 23
19, 55
19, 26
19, 30
19, 48
19, 20
41, 55
41, 47
41, 48
41, 54
41, 46
41, 52
41, 43
41, 44
41, 45
36, 38
36, 37
36, 40
36, 39
36, 30
36, 29
36, 14
36, 61
36, 17
33, 35
33, 34
33, 67
33, 66
33, 69
33, 65
33, 9
33, 18
23, 24
23, 62
23, 11
23, 64
23, 3
23, 25
23, 12
23, 15
23, 4
55, 41
55, 21
55, 56
55, 50
55, 53
55, 42
26, 28
26, 27
26, 9
26, 16
26, 13
26, 2
26, 1
26, 68
26, 63
30, 36
30, 32
30, 60
30, 17
30, 6
48, 52
48, 50
48, 49
48, 51
48, 53
48, 59
48, 56
48, 57
48, 58
20, 10
20, 7
20, 22
20, 8
20, 31
20, 5
12, 35
12, 32
12, 27
12, 18
12, 38
12, 28
12, 31
12, 17
12, 16
35, 36
35, 45
35, 33
35, 1
35, 40
35, 46
35, 42
35, 41
32, 35
32, 38
32, 39
32, 43
32, 33
32, 45
32, 44
32, 37
32, 34
27, 49
27, 50
27, 48
18, 24
18, 19
18, 27
18, 26
18, 25
18, 20
18, 21
18, 22
18, 23
38, 39
38, 35
38, 37
38, 42
38, 45
38, 33
38, 40
38, 46
38, 36
28, 16
28, 30
28, 29
28, 13
28, 14
28, 15
31, 9
31, 10
31, 47
17, 7
17, 8
17, 11
17, 6
17, 5
16, 4
16, 3
16, 2
16, 14
16, 15
36, 41
36, 37
36, 43
36, 39
36, 44
36, 45
36, 24
36, 40
36, 38
41, 42
41, 11
41, 22
41, 16
41, 21
41, 23
41, 12
37, 2
37, 1
37, 8
37, 9
37, 10
43, 11
43, 3
43, 16
43, 14
43, 47
43, 17
43, 7
43, 13
39, 5
39, 6
39, 20
45, 15
45, 22
45, 13
24, 30
24, 33
24, 32
24, 29
24, 28
24, 27
24, 25
24, 26
24, 31
40, 35
40, 34
40, 46
40, 11
38, 4
38, 18
38, 19
23, 37
23, 41
23, 32
23, 27
23, 31
23, 25
23, 24
23, 35
23, 28
37, 38
37, 40
37, 39
37, 15
37, 36
37, 16
37, 11
41, 42
41, 6
41, 4
41, 3
41, 1
41, 5
41, 2
32, 34
32, 33
32, 37
32, 19
32, 17
27, 37
27, 22
27, 12
31, 37
31, 21
31, 18
31, 20
31, 30
25, 26
25, 8
25, 9
25, 28
25, 10
25, 29
25, 7
24, 17
24, 37
24, 22
35, 37
35, 22
35, 21
35, 36
35, 42
28, 7
28, 13
28, 21
28, 14
1, 59
1, 62
1, 27
1, 22
1, 12
1, 64
1, 39
1, 2
1, 49
59, 62
59, 64
59, 60
59, 80
59, 61
59, 81
59, 82
59, 79
59, 76
62, 64
62, 75
62, 76
62, 67
62, 74
62, 78
62, 77
62, 69
62, 63
27, 28
27, 31
27, 33
27, 32
27, 35
27, 36
27, 30
27, 29
27, 34
22, 27
22, 25
22, 37
22, 28
22, 31
22, 38
22, 24
22, 26
22, 23
12, 14
12, 13
12, 18
12, 20
12, 17
12, 16
12, 15
12, 21
12, 19
64, 67
64, 69
64, 73
64, 72
64, 70
64, 71
64, 65
64, 66
64, 68
39, 45
39, 46
39, 43
39, 47
39, 42
39, 40
39, 48
39, 41
39, 44
2, 3
2, 7
2, 10
2, 5
2, 8
2, 4
2, 6
2, 9
2, 11
49, 53
49, 52
49, 56
49, 51
49, 57
49, 55
49, 58
49, 50
49, 54
1, 37
1, 32
1, 8
1, 47
1, 2
1, 65
1, 62
1, 54
1, 21
1, 22
37, 40
37, 46
37, 41
37, 45
37, 42
37, 43
37, 39
37, 44
37, 38
32, 37
32, 47
32, 62
32, 54
32, 50
32, 60
32, 36
32, 49
32, 53
8, 9
8, 16
8, 11
8, 14
8, 15
8, 12
8, 10
8, 13
8, 17
47, 62
47, 48
47, 63
47, 34
47, 61
47, 64
47, 40
47, 75
47, 77
2, 8
2, 3
2, 20
2, 18
2, 7
2, 4
2, 6
2, 19
2, 5
65, 70
65, 66
65, 72
65, 69
65, 67
65, 73
65, 68
65, 71
65, 81
62, 63
62, 75
62, 77
62, 74
62, 80
62, 78
62, 76
54, 57
54, 59
54, 56
54, 55
54, 58
54, 35
54, 52
54, 33
54, 51
21, 79
22, 24
22, 29
22, 28
22, 27
22, 23
22, 26
22, 31
22, 25
22, 30
1, 55
1, 21
1, 83
1, 10
1, 49
1, 22
1, 76
1, 66
1, 2
1, 40
55, 61
55, 60
55, 58
55, 62
55, 64
55, 59
55, 56
55, 63
55, 57
21, 32
21, 22
21, 33
21, 34
21, 37
21, 39
21, 35
21, 36
21, 38
83, 94
83, 87
83, 85
83, 86
83, 95
83, 90
83, 84
83, 88
83, 89
10, 18
10, 19
10, 15
10, 14
10, 13
10, 11
10, 17
10, 16
10, 12
49, 55
49, 65
49, 51
49, 61
49, 54
49, 60
49, 53
49, 52
49, 50
22, 27
22, 30
22, 23
22, 24
22, 28
22, 29
22, 31
22, 25
22, 26
76, 83
76, 79
76, 81
76, 80
76, 82
76, 78
76, 93
76, 91
76, 77
66, 71
66, 75
66, 72
66, 69
66, 68
66, 70
66, 73
66, 67
66, 74
2, 10
2, 4
2, 20
2, 6
2, 8
2, 9
2, 5
2, 3
2, 7
40, 92
40, 42
40, 48
40, 47
40, 43
40, 44
40, 41
40, 45
40, 46
2, 3
2, 30
2, 24
2, 19
2, 9
2, 21
2, 34
2, 32
2, 40
3, 9
3, 4
3, 12
3, 17
3, 15
3, 6
3, 16
3, 7
3, 18
30, 34
30, 32
30, 40
30, 42
30, 37
30, 35
30, 33
30, 38
30, 39
24, 26
24, 25
24, 50
19, 24
19, 21
19, 20
19, 27
19, 1
19, 28
19, 29
19, 26
19, 22
9, 12
9, 11
9, 14
9, 10
9, 13
9, 5
9, 46
9, 8
21, 22
21, 23
34, 45
34, 48
34, 36
32, 31
32, 47
32, 44
40, 41
40, 49
40, 43
6, 32
6, 51
6, 63
6, 22
6, 9
6, 44
6, 35
6, 49
6, 73
6, 7
32, 51
32, 63
32, 44
32, 35
32, 49
32, 47
32, 61
32, 62
32, 33
51, 54
51, 58
51, 57
51, 52
51, 56
51, 59
51, 60
51, 53
51, 55
63, 65
63, 67
63, 4
63, 86
63, 69
63, 64
63, 68
63, 66
63, 70
22, 23
22, 28
22, 27
22, 30
22, 25
22, 24
22, 26
22, 29
22, 31
9, 15
9, 90
9, 10
9, 11
9, 14
9, 13
9, 12
9, 16
9, 17
44, 45
44, 34
44, 46
44, 1
44, 75
44, 79
44, 5
44, 87
44, 2
35, 43
35, 40
35, 42
35, 74
35, 41
35, 36
35, 37
35, 39
35, 38
49, 78
49, 50
49, 3
49, 89
49, 83
49, 71
49, 72
49, 88
49, 48
73, 82
73, 76
73, 86
73, 85
73, 74
73, 80
73, 77
73, 81
73, 84
7, 9
7, 21
7, 18
7, 32
7, 15
7, 90
7, 20
7, 19
7, 8
1, 72
1, 22
1, 12
1, 52
1, 2
1, 32
1, 42
1, 91
1, 62
1, 80
72, 80
72, 77
72, 76
72, 79
72, 73
72, 74
72, 75
72, 78
72, 90
22, 29
22, 28
22, 30
22, 26
22, 31
22, 27
22, 25
22, 23
22, 24
12, 17
12, 18
12, 20
12, 16
12, 14
12, 15
12, 19
12, 13
12, 21
52, 56
52, 57
52, 53
52, 55
52, 61
52, 60
52, 58
52, 54
52, 59
2, 5
2, 10
2, 7
2, 9
2, 8
2, 11
2, 6
2, 3
2, 4
32, 40
32, 39
32, 35
32, 36
32, 38
32, 37
32, 34
32, 33
32, 41
42, 44
42, 43
42, 45
42, 50
42, 48
42, 46
42, 51
42, 47
42, 49
91, 98
91, 93
91, 100
91, 94
91, 95
91, 97
91, 92
91, 96
91, 99
62, 66
62, 64
62, 68
62, 67
62, 65
62, 63
62, 70
62, 69
62, 71
80, 88
80, 84
80, 83
80, 82
80, 81
80, 85
80, 87
80, 89
80, 86
2, 32
2, 26
2, 10
2, 4
2, 14
2, 42
2, 34
2, 6
2, 3
2, 1
32, 34
32, 40
32, 33
32, 35
32, 36
32, 41
32, 39
32, 38
32, 37
26, 30
26, 31
26, 29
26, 28
26, 27
26, 52
26, 36
26, 9
26, 23
10, 14
10, 20
10, 12
10, 17
10, 11
10, 19
10, 21
10, 13
10, 22
4, 32
4, 26
4, 10
4, 14
4, 34
4, 6
4, 24
4, 25
4, 30
14, 17
14, 6
14, 5
14, 15
14, 18
14, 16
14, 8
14, 39
14, 7
42, 44
42, 48
42, 43
42, 45
42, 46
42, 47
42, 51
42, 49
42, 50
